{"type": "FeatureCollection", "features": [{"type": "Feature", "geometry": {"type": "Polygon", "coordinates": [[[-3.7105771, 40.451638], [-3.7106397, 40.451726], [-3.7103832, 40.4518185], [-3.7104531, 40.4517733], [-3.710515, 40.4517205], [-3.7105771, 40.451638]]]}, "properties": {"ancho_m": 3.3}}, {"type": "Feature", "geometry": {"type": "Polygon", "coordinates": [[[-3.7031824, 40.4541985], [-3.7032933, 40.4542051], [-3.7032901, 40.4542339], [-3.7032609, 40.4542575], [-3.70326, 40.4542927], [-3.7031824, 40.4541985]]]}, "properties": {"ancho_m": 2.8}}, {"type": "Feature", "geometry": {"type": "Polygon", "coordinates": [[[-3.7036426, 40.4542255], [-3.7036382, 40.454257], [-3.7035818, 40.4542533], [-3.7035862, 40.4542222], [-3.7036426, 40.4542255]]]}, "properties": {"ancho_m": 2.0}}, {"type": "Feature", "geometry": {"type": "Polygon", "coordinates": [[[-3.7113125, 40.4534911], [-3.7113365, 40.4535297], [-3.7113293, 40.4535326], [-3.7113054, 40.453494], [-3.7113125, 40.4534911]]]}, "properties": {"ancho_m": 0.6}}, {"type": "Feature", "geometry": {"type": "Polygon", "coordinates": [[[-3.710546, 40.457533], [-3.7104273, 40.4574614], [-3.7105192, 40.4574926], [-3.7105526, 40.4574228], [-3.7103309, 40.4573593], [-3.7103139, 40.4573821], [-3.7103273, 40.4573969], [-3.7101815, 40.4573062], [-3.7102075, 40.4573051], [-3.710255, 40.4573346], [-3.7102671, 40.4573114], [-3.7105374, 40.4573855], [-3.7105418, 40.4573796], [-3.7107654, 40.4574547], [-3.710789, 40.457455], [-3.7108353, 40.4574489], [-3.7108881, 40.4574292], [-3.7110539, 40.4573219], [-3.7111124, 40.4573328], [-3.7111379, 40.4573599], [-3.7112219, 40.4573278], [-3.7113455, 40.4573061], [-3.7113669, 40.4572778], [-3.7113644, 40.4572676], [-3.711408, 40.4572729], [-3.7114316, 40.4572686], [-3.7113639, 40.4573037], [-3.7112114, 40.4573361], [-3.7111627, 40.4573541], [-3.7111049, 40.4573856], [-3.7109168, 40.4575219], [-3.7108356, 40.4575604], [-3.7107795, 40.4575712], [-3.7107119, 40.4575707], [-3.710546, 40.457533]], [[-3.7105765, 40.4575054], [-3.7106694, 40.4575315], [-3.7107387, 40.4575399], [-3.7108296, 40.4575294], [-3.7109109, 40.4575066], [-3.7108731, 40.4574718], [-3.7108082, 40.457486], [-3.7107564, 40.4574854], [-3.7106099, 40.4574398], [-3.7105765, 40.4575054]], [[-3.7110693, 40.4573479], [-3.7109141, 40.4574538], [-3.7109537, 40.4574886], [-3.7111004, 40.457383], [-3.7110693, 40.4573479]]]}, "properties": {"ancho_m": 2.8}}, {"type": "Feature", "geometry": {"type": "Polygon", "coordinates": [[[-3.7118032, 40.4563721], [-3.7118632, 40.4563959], [-3.7118587, 40.4564009], [-3.7118032, 40.4563721]]]}, "properties": {"ancho_m": 0.5}}, {"type": "Feature", "geometry": {"type": "Polygon", "coordinates": [[[-3.7044572, 40.4535753], [-3.7044794, 40.4534447], [-3.704548, 40.4535073], [-3.7045346, 40.4535813], [-3.7044572, 40.4535753]]]}, "properties": {"ancho_m": 3.9}}, {"type": "Feature", "geometry": {"type": "Polygon", "coordinates": [[[-3.7101091, 40.4504211], [-3.7100737, 40.4504062], [-3.7100755, 40.4504016], [-3.7100906, 40.4503852], [-3.7101289, 40.4503694], [-3.7101503, 40.4503518], [-3.7101624, 40.4503201], [-3.7101516, 40.4502835], [-3.7101801, 40.4502732], [-3.710271, 40.4504183], [-3.7102175, 40.4504195], [-3.7101083, 40.4504571], [-3.7101091, 40.4504211]]]}, "properties": {"ancho_m": 4.8}}, {"type": "Feature", "geometry": {"type": "Polygon", "coordinates": [[[-3.7115386, 40.4535753], [-3.7115611, 40.4536184], [-3.7115403, 40.4536267], [-3.711521, 40.4535853], [-3.7115386, 40.4535753]]]}, "properties": {"ancho_m": 1.4}}, {"type": "Feature", "geometry": {"type": "Polygon", "coordinates": [[[-3.7114092, 40.452714], [-3.7114315, 40.4527003], [-3.7114455, 40.4526867], [-3.7114436, 40.4526993], [-3.7114209, 40.4527167], [-3.7114092, 40.452714]]]}, "properties": {"ancho_m": 0.4}}, {"type": "Feature", "geometry": {"type": "Polygon", "coordinates": [[[-3.7104534, 40.4545767], [-3.710459, 40.4545949], [-3.7103927, 40.4546211], [-3.710389, 40.4546103], [-3.7104534, 40.4545767]]]}, "properties": {"ancho_m": 1.4}}, {"type": "Feature", "geometry": {"type": "Polygon", "coordinates": [[[-3.7063174, 40.4488209], [-3.7064932, 40.4488306], [-3.7065003, 40.4488365], [-3.7065724, 40.4488418], [-3.7066597, 40.4488449], [-3.7066596, 40.4488395], [-3.7069617, 40.448862], [-3.7069529, 40.4491225], [-3.7065645, 40.4489486], [-3.7065679, 40.4489407], [-3.7064958, 40.4489168], [-3.7064802, 40.4489207], [-3.7064803, 40.4489424], [-3.7063769, 40.4489405], [-3.7063797, 40.4489089], [-3.7064418, 40.4489068], [-3.7064412, 40.4489141], [-3.7064809, 40.4489162], [-3.706486, 40.4488653], [-3.7064949, 40.4488661], [-3.7064973, 40.4488453], [-3.7064881, 40.4488446], [-3.7064894, 40.4488319], [-3.7063174, 40.4488209]]]}, "properties": {"ancho_m": 8.6}}, {"type": "Feature", "geometry": {"type": "Polygon", "coordinates": [[[-3.7058644, 40.4491444], [-3.705862, 40.4494142], [-3.7058168, 40.4494185], [-3.7058454, 40.4494036], [-3.7058531, 40.4493848], [-3.7058644, 40.4491444]]]}, "properties": {"ancho_m": 0.5}}, {"type": "Feature", "geometry": {"type": "Polygon", "coordinates": [[[-3.7098731, 40.4553432], [-3.7098919, 40.4553359], [-3.7099062, 40.4553502], [-3.7098731, 40.4553432]]]}, "properties": {"ancho_m": 0.5}}, {"type": "Feature", "geometry": {"type": "Polygon", "coordinates": [[[-3.7097655, 40.4547529], [-3.7097926, 40.4547897], [-3.7097524, 40.4548039], [-3.7097258, 40.4547694], [-3.7097655, 40.4547529]]]}, "properties": {"ancho_m": 2.1}}, {"type": "Feature", "geometry": {"type": "Polygon", "coordinates": [[[-3.7053613, 40.4543559], [-3.7053905, 40.4543227], [-3.7054258, 40.4542846], [-3.705448, 40.45432], [-3.7053942, 40.4543846], [-3.7053613, 40.4543559]]]}, "properties": {"ancho_m": 2.7}}, {"type": "Feature", "geometry": {"type": "Polygon", "coordinates": [[[-3.7054258, 40.4542846], [-3.7056005, 40.4540954], [-3.7056321, 40.4541117], [-3.705448, 40.45432], [-3.7054258, 40.4542846]]]}, "properties": {"ancho_m": 3.1}}, {"type": "Feature", "geometry": {"type": "Polygon", "coordinates": [[[-3.7061892, 40.4512135], [-3.7061999, 40.4512225], [-3.7062054, 40.4512338], [-3.7061941, 40.4512369], [-3.7061892, 40.4512135]]]}, "properties": {"ancho_m": 0.6}}, {"type": "Feature", "geometry": {"type": "Polygon", "coordinates": [[[-3.7043931, 40.4518181], [-3.7044136, 40.4518172], [-3.7044203, 40.4518397], [-3.7043983, 40.451829], [-3.7043931, 40.4518181]]]}, "properties": {"ancho_m": 0.8}}, {"type": "Feature", "geometry": {"type": "Polygon", "coordinates": [[[-3.7045322, 40.4512092], [-3.7045343, 40.4511743], [-3.7045436, 40.451174], [-3.7045566, 40.4511758], [-3.7045558, 40.4511903], [-3.7047721, 40.4512087], [-3.7050134, 40.4512092], [-3.7050132, 40.4511969], [-3.7055475, 40.4511985], [-3.7055471, 40.4512166], [-3.706135, 40.4512184], [-3.7061348, 40.451204], [-3.7061596, 40.4512038], [-3.7061866, 40.4512123], [-3.7061941, 40.4512369], [-3.7047612, 40.4512322], [-3.7045322, 40.4512092]]]}, "properties": {"ancho_m": 2.7}}, {"type": "Feature", "geometry": {"type": "Polygon", "coordinates": [[[-3.7044784, 40.4512274], [-3.7044838, 40.4512023], [-3.7044978, 40.451186], [-3.7045343, 40.4511743], [-3.7045322, 40.4512092], [-3.7044982, 40.4512311], [-3.7044784, 40.4512274]]]}, "properties": {"ancho_m": 2.2}}, {"type": "Feature", "geometry": {"type": "Polygon", "coordinates": [[[-3.7044784, 40.4512274], [-3.7044982, 40.4512311], [-3.7044686, 40.4514385], [-3.7044136, 40.4518172], [-3.7043931, 40.4518181], [-3.7044784, 40.4512274]]]}, "properties": {"ancho_m": 1.7}}, {"type": "Feature", "geometry": {"type": "Polygon", "coordinates": [[[-3.7037725, 40.4494932], [-3.7037784, 40.4494508], [-3.7038122, 40.4494542], [-3.7038094, 40.4494713], [-3.7041889, 40.4495006], [-3.7041907, 40.4494863], [-3.7042616, 40.4494918], [-3.7042596, 40.4495069], [-3.7044795, 40.4495239], [-3.7044829, 40.4495411], [-3.7037889, 40.4494831], [-3.7037725, 40.4494932]]]}, "properties": {"ancho_m": 1.7}}, {"type": "Feature", "geometry": {"type": "Polygon", "coordinates": [[[-3.7043752, 40.4511913], [-3.7035689, 40.451116], [-3.7035338, 40.4511424], [-3.7035412, 40.4510792], [-3.7035886, 40.4510835], [-3.7035864, 40.4510988], [-3.7037822, 40.4511179], [-3.7037845, 40.4511033], [-3.7038753, 40.4511113], [-3.7038731, 40.4511266], [-3.7040338, 40.4511411], [-3.704036, 40.4511267], [-3.7041411, 40.4511369], [-3.7041389, 40.4511513], [-3.7043811, 40.4511735], [-3.7043861, 40.4511593], [-3.7043752, 40.4511913]]]}, "properties": {"ancho_m": 2.2}}, {"type": "Feature", "geometry": {"type": "Polygon", "coordinates": [[[-3.7043027, 40.4518224], [-3.7043484, 40.4518202], [-3.7043439, 40.4518358], [-3.7043295, 40.4518445], [-3.7043027, 40.4518224]]]}, "properties": {"ancho_m": 1.2}}, {"type": "Feature", "geometry": {"type": "Polygon", "coordinates": [[[-3.704399, 40.4512128], [-3.7043752, 40.4511913], [-3.7043861, 40.4511593], [-3.7044398, 40.4511666], [-3.7044458, 40.4511782], [-3.704439, 40.4512201], [-3.704399, 40.4512128]]]}, "properties": {"ancho_m": 2.9}}, {"type": "Feature", "geometry": {"type": "Polygon", "coordinates": [[[-3.7043027, 40.4518224], [-3.7043347, 40.4516077], [-3.704399, 40.4512128], [-3.704439, 40.4512201], [-3.7044369, 40.4512332], [-3.7044169, 40.4512316], [-3.7043696, 40.4515353], [-3.7043929, 40.4515375], [-3.7043759, 40.4516455], [-3.7043525, 40.4516433], [-3.7043297, 40.4517878], [-3.7043531, 40.4517898], [-3.7043484, 40.4518202], [-3.7043027, 40.4518224]]]}, "properties": {"ancho_m": 2.1}}, {"type": "Feature", "geometry": {"type": "Polygon", "coordinates": [[[-3.7045073, 40.4506292], [-3.7045798, 40.4501171], [-3.7046097, 40.4501195], [-3.7045305, 40.4506299], [-3.7045073, 40.4506292]]]}, "properties": {"ancho_m": 2.1}}, {"type": "Feature", "geometry": {"type": "Polygon", "coordinates": [[[-3.7045798, 40.4501171], [-3.7045858, 40.4500886], [-3.7046031, 40.4500917], [-3.7046114, 40.4501016], [-3.7046097, 40.4501195], [-3.7045798, 40.4501171]]]}, "properties": {"ancho_m": 1.4}}, {"type": "Feature", "geometry": {"type": "Polygon", "coordinates": [[[-3.703733, 40.4500374], [-3.7037344, 40.4500249], [-3.7042449, 40.4500727], [-3.7042477, 40.4500548], [-3.704411, 40.4500701], [-3.7044081, 40.4500879], [-3.7045572, 40.4501019], [-3.7045594, 40.4500857], [-3.7045858, 40.4500886], [-3.7045798, 40.4501171], [-3.703733, 40.4500374]]]}, "properties": {"ancho_m": 1.7}}, {"type": "Feature", "geometry": {"type": "Polygon", "coordinates": [[[-3.7044987, 40.450642], [-3.7045073, 40.4506292], [-3.7045305, 40.4506299], [-3.7045227, 40.4506417], [-3.7044987, 40.450642]]]}, "properties": {"ancho_m": 0.9}}, {"type": "Feature", "geometry": {"type": "Polygon", "coordinates": [[[-3.7036109, 40.450563], [-3.7036126, 40.4505527], [-3.7045073, 40.4506292], [-3.7044987, 40.450642], [-3.7036109, 40.450563]]]}, "properties": {"ancho_m": 1.3}}, {"type": "Feature", "geometry": {"type": "Polygon", "coordinates": [[[-3.7035468, 40.4510306], [-3.7039623, 40.4510704], [-3.7044026, 40.4511109], [-3.7043968, 40.4511281], [-3.7035447, 40.4510489], [-3.7035468, 40.4510306]]]}, "properties": {"ancho_m": 1.9}}, {"type": "Feature", "geometry": {"type": "Polygon", "coordinates": [[[-3.7044757, 40.4506762], [-3.7045078, 40.4507204], [-3.704506, 40.4507316], [-3.7044843, 40.4507298], [-3.7044263, 40.4510957], [-3.7044449, 40.4510971], [-3.7044427, 40.4511077], [-3.7044026, 40.4511109], [-3.7044701, 40.4506844], [-3.7044757, 40.4506762]]]}, "properties": {"ancho_m": 1.8}}, {"type": "Feature", "geometry": {"type": "Polygon", "coordinates": [[[-3.7036073, 40.450614], [-3.7036064, 40.4505931], [-3.7044514, 40.4506686], [-3.7044757, 40.4506762], [-3.7044701, 40.4506844], [-3.7036226, 40.4506076], [-3.7036073, 40.450614]]]}, "properties": {"ancho_m": 1.5}}, {"type": "Feature", "geometry": {"type": "Polygon", "coordinates": [[[-3.7043968, 40.4511281], [-3.7044026, 40.4511109], [-3.7044427, 40.4511077], [-3.7044237, 40.4511255], [-3.7043968, 40.4511281]]]}, "properties": {"ancho_m": 1.2}}, {"type": "Feature", "geometry": {"type": "Polygon", "coordinates": [[[-3.7059146, 40.4501546], [-3.7059174, 40.4501601], [-3.7060906, 40.4506662], [-3.7060702, 40.4506665], [-3.7060607, 40.4506585], [-3.7060558, 40.4506423], [-3.7060664, 40.4506404], [-3.7059337, 40.4502457], [-3.7059114, 40.4502495], [-3.7058918, 40.4501847], [-3.7058964, 40.4501685], [-3.7059146, 40.4501546]]]}, "properties": {"ancho_m": 1.4}}, {"type": "Feature", "geometry": {"type": "Polygon", "coordinates": [[[-3.7060824, 40.4506436], [-3.7060937, 40.4506412], [-3.7061017, 40.4506642], [-3.7060906, 40.4506662], [-3.7060824, 40.4506436]]]}, "properties": {"ancho_m": 0.7}}, {"type": "Feature", "geometry": {"type": "Polygon", "coordinates": [[[-3.7061131, 40.4507289], [-3.7062448, 40.4511242], [-3.7062448, 40.4511242], [-3.7062118, 40.4511233], [-3.7062342, 40.4511187], [-3.7061713, 40.4509342], [-3.7061484, 40.4509388], [-3.7061318, 40.4508899], [-3.7061546, 40.4508854], [-3.7061113, 40.4507582], [-3.7060913, 40.4507619], [-3.706097, 40.450742], [-3.7061131, 40.4507289]]]}, "properties": {"ancho_m": 1.1}}, {"type": "Feature", "geometry": {"type": "Polygon", "coordinates": [[[-3.7062153, 40.4511272], [-3.7062448, 40.4511242], [-3.7062543, 40.4511438], [-3.706232, 40.4511403], [-3.7062153, 40.4511272]]]}, "properties": {"ancho_m": 1.0}}, {"type": "Feature", "geometry": {"type": "Polygon", "coordinates": [[[-3.7061145, 40.4507284], [-3.706123, 40.4507251], [-3.7061294, 40.4507445], [-3.7061194, 40.4507464], [-3.7061145, 40.4507284]]]}, "properties": {"ancho_m": 0.6}}, {"type": "Feature", "geometry": {"type": "Polygon", "coordinates": [[[-3.7045732, 40.4506311], [-3.7048495, 40.4506533], [-3.7060078, 40.4506732], [-3.7060118, 40.4506835], [-3.7059938, 40.4506886], [-3.7048438, 40.4506695], [-3.7045988, 40.4506481], [-3.7045732, 40.4506311]]]}, "properties": {"ancho_m": 1.8}}, {"type": "Feature", "geometry": {"type": "Polygon", "coordinates": [[[-3.7060118, 40.4506835], [-3.7058632, 40.4502669], [-3.7058534, 40.4502346], [-3.7058757, 40.4502618], [-3.7060172, 40.4506659], [-3.7060118, 40.4506835]]]}, "properties": {"ancho_m": 1.0}}, {"type": "Feature", "geometry": {"type": "Polygon", "coordinates": [[[-3.7058193, 40.4502365], [-3.7046801, 40.4501255], [-3.7046782, 40.4501095], [-3.7047081, 40.4500956], [-3.7047211, 40.4500964], [-3.7047177, 40.4501162], [-3.7050178, 40.4501425], [-3.7050202, 40.4501271], [-3.7051293, 40.4501366], [-3.7051268, 40.4501521], [-3.7053635, 40.4501755], [-3.7053662, 40.4501607], [-3.7054679, 40.4501715], [-3.7054652, 40.4501863], [-3.7056999, 40.4502111], [-3.7057018, 40.4501939], [-3.7057777, 40.4502062], [-3.7058411, 40.4502274], [-3.7058534, 40.4502346], [-3.7058632, 40.4502669], [-3.7058193, 40.4502365]]]}, "properties": {"ancho_m": 1.9}}, {"type": "Feature", "geometry": {"type": "Polygon", "coordinates": [[[-3.7045732, 40.4506311], [-3.7046438, 40.4501464], [-3.7046582, 40.4501236], [-3.7046801, 40.4501255], [-3.7046578, 40.4501373], [-3.7045851, 40.4506314], [-3.7045732, 40.4506311]]]}, "properties": {"ancho_m": 1.2}}, {"type": "Feature", "geometry": {"type": "Polygon", "coordinates": [[[-3.7046801, 40.4501255], [-3.7046588, 40.4501229], [-3.7046782, 40.4501095], [-3.7046801, 40.4501255]]]}, "properties": {"ancho_m": 0.6}}, {"type": "Feature", "geometry": {"type": "Polygon", "coordinates": [[[-3.7045964, 40.4500389], [-3.7046386, 40.4497618], [-3.7046631, 40.4497608], [-3.7046682, 40.449734], [-3.704624, 40.4500426], [-3.7045964, 40.4500389]]]}, "properties": {"ancho_m": 1.9}}, {"type": "Feature", "geometry": {"type": "Polygon", "coordinates": [[[-3.7045925, 40.4500571], [-3.7045963, 40.4500389], [-3.704624, 40.4500426], [-3.7046086, 40.4500565], [-3.7045925, 40.4500571]]]}, "properties": {"ancho_m": 1.0}}, {"type": "Feature", "geometry": {"type": "Polygon", "coordinates": [[[-3.703743, 40.4499494], [-3.7044076, 40.4500068], [-3.7044099, 40.4500224], [-3.7045963, 40.4500389], [-3.7045925, 40.4500571], [-3.7042488, 40.4500254], [-3.7042509, 40.4500115], [-3.7037414, 40.4499674], [-3.703743, 40.4499494]]]}, "properties": {"ancho_m": 2.2}}, {"type": "Feature", "geometry": {"type": "Polygon", "coordinates": [[[-3.7103499, 40.451793], [-3.7104932, 40.4516989], [-3.7105422, 40.4516829], [-3.7105771, 40.451638], [-3.710515, 40.4517205], [-3.7104531, 40.4517733], [-3.7103832, 40.4518185], [-3.7103499, 40.451793]]]}, "properties": {"ancho_m": 2.4}}, {"type": "Feature", "geometry": {"type": "Polygon", "coordinates": [[[-3.7058313, 40.4501622], [-3.705649, 40.4496349], [-3.705635, 40.4496019], [-3.7056508, 40.4496106], [-3.7056737, 40.44967], [-3.7058383, 40.4501418], [-3.7058313, 40.4501622]]]}, "properties": {"ancho_m": 1.0}}, {"type": "Feature", "geometry": {"type": "Polygon", "coordinates": [[[-3.7046726, 40.4500619], [-3.704671, 40.4500489], [-3.7049827, 40.4500768], [-3.704986, 40.4500596], [-3.7051938, 40.4500809], [-3.7051916, 40.450098], [-3.7057736, 40.4501566], [-3.7058043, 40.4501591], [-3.7058253, 40.4501428], [-3.7058313, 40.4501622], [-3.7057985, 40.4501736], [-3.7046726, 40.4500619]]]}, "properties": {"ancho_m": 1.9}}, {"type": "Feature", "geometry": {"type": "Polygon", "coordinates": [[[-3.7050271, 40.4495849], [-3.705015, 40.4495539], [-3.7049729, 40.4495491], [-3.7051165, 40.4495598], [-3.7051146, 40.4495751], [-3.7053432, 40.4495944], [-3.7053455, 40.4495783], [-3.7055081, 40.4495921], [-3.7055061, 40.4496068], [-3.7055723, 40.4496125], [-3.7055746, 40.4495968], [-3.705635, 40.4496019], [-3.705649, 40.4496349], [-3.7050271, 40.4495849]]]}, "properties": {"ancho_m": 2.3}}, {"type": "Feature", "geometry": {"type": "Polygon", "coordinates": [[[-3.704745, 40.449562], [-3.704753, 40.4495376], [-3.7048164, 40.4495418], [-3.704815, 40.4495527], [-3.7049013, 40.4495592], [-3.7049002, 40.4495752], [-3.704745, 40.449562]]]}, "properties": {"ancho_m": 1.8}}, {"type": "Feature", "geometry": {"type": "Polygon", "coordinates": [[[-3.7047342, 40.4495613], [-3.7047365, 40.4495467], [-3.7047481, 40.4495384], [-3.704745, 40.449562], [-3.7047342, 40.4495613]]]}, "properties": {"ancho_m": 0.6}}, {"type": "Feature", "geometry": {"type": "Polygon", "coordinates": [[[-3.704658, 40.4500472], [-3.7047342, 40.4495613], [-3.704745, 40.449562], [-3.704671, 40.4500489], [-3.704658, 40.4500472]]]}, "properties": {"ancho_m": 1.1}}, {"type": "Feature", "geometry": {"type": "Polygon", "coordinates": [[[-3.704658, 40.4500472], [-3.704671, 40.4500489], [-3.7046726, 40.4500619], [-3.7046605, 40.4500526], [-3.704658, 40.4500472]]]}, "properties": {"ancho_m": 0.4}}, {"type": "Feature", "geometry": {"type": "Polygon", "coordinates": [[[-3.704574, 40.4506946], [-3.7045775, 40.4506747], [-3.7049124, 40.4506985], [-3.7060218, 40.4507142], [-3.706032, 40.4507352], [-3.7049198, 40.4507204], [-3.704574, 40.4506946]]]}, "properties": {"ancho_m": 2.3}}, {"type": "Feature", "geometry": {"type": "Polygon", "coordinates": [[[-3.7061624, 40.4511326], [-3.7060239, 40.4507144], [-3.7060371, 40.450721], [-3.7060463, 40.4507433], [-3.7061739, 40.4511315], [-3.7061624, 40.4511326]]]}, "properties": {"ancho_m": 1.0}}, {"type": "Feature", "geometry": {"type": "Polygon", "coordinates": [[[-3.7061624, 40.4511326], [-3.7061739, 40.4511315], [-3.7061821, 40.4511564], [-3.7061748, 40.4511734], [-3.7061624, 40.4511326]]]}, "properties": {"ancho_m": 0.8}}, {"type": "Feature", "geometry": {"type": "Polygon", "coordinates": [[[-3.7045362, 40.4511436], [-3.7045372, 40.4511254], [-3.7047733, 40.4511474], [-3.7061367, 40.4511571], [-3.7061624, 40.4511326], [-3.7061748, 40.4511734], [-3.7047723, 40.4511654], [-3.7045362, 40.4511436]]]}, "properties": {"ancho_m": 2.0}}, {"type": "Feature", "geometry": {"type": "Polygon", "coordinates": [[[-3.7045534, 40.4506925], [-3.7045594, 40.4506768], [-3.7045775, 40.4506747], [-3.704574, 40.4506946], [-3.7045534, 40.4506925]]]}, "properties": {"ancho_m": 1.0}}, {"type": "Feature", "geometry": {"type": "Polygon", "coordinates": [[[-3.7045534, 40.4506925], [-3.704574, 40.4506946], [-3.7045376, 40.4509371], [-3.7045122, 40.4511022], [-3.7044905, 40.4511039], [-3.7045534, 40.4506925]]]}, "properties": {"ancho_m": 1.7}}, {"type": "Feature", "geometry": {"type": "Polygon", "coordinates": [[[-3.7044905, 40.4511039], [-3.7045122, 40.4511022], [-3.7045372, 40.4511254], [-3.7045362, 40.4511436], [-3.7044968, 40.451135], [-3.7044905, 40.4511039]]]}, "properties": {"ancho_m": 1.9}}, {"type": "Feature", "geometry": {"type": "Polygon", "coordinates": [[[-3.7086534, 40.456656], [-3.7085647, 40.4560864], [-3.7083349, 40.4561075], [-3.7083308, 40.4560777], [-3.7085621, 40.4560558], [-3.708548, 40.4559532], [-3.7085182, 40.4559245], [-3.7085025, 40.4558832], [-3.7085034, 40.4558588], [-3.7085276, 40.4558082], [-3.7085149, 40.4557236], [-3.708284, 40.4557404], [-3.7082815, 40.4557305], [-3.7082802, 40.4557152], [-3.7085123, 40.4556957], [-3.7084613, 40.4553285], [-3.708228, 40.4553488], [-3.7082278, 40.4553371], [-3.7082359, 40.4553199], [-3.7084574, 40.4553006], [-3.7084342, 40.4551106], [-3.7083997, 40.4550829], [-3.7083828, 40.4550497], [-3.7083872, 40.4550136], [-3.7084151, 40.454981], [-3.7084691, 40.4549536], [-3.7085115, 40.4549516], [-3.7090373, 40.4545898], [-3.7090634, 40.4545451], [-3.7090878, 40.4545212], [-3.7091316, 40.4545036], [-3.7091713, 40.4545019], [-3.709201, 40.4544828], [-3.7090453, 40.4543447], [-3.708968, 40.4543983], [-3.7089549, 40.4543867], [-3.7089877, 40.454364], [-3.708977, 40.4543532], [-3.7090543, 40.4543059], [-3.7092258, 40.4544634], [-3.7094167, 40.4543325], [-3.7094224, 40.4543392], [-3.7091869, 40.4545014], [-3.7091349, 40.4545092], [-3.70909, 40.4545309], [-3.7090675, 40.4545548], [-3.7090579, 40.4545894], [-3.7085207, 40.45496], [-3.7084799, 40.4549614], [-3.7084426, 40.4549743], [-3.7084023, 40.4550155], [-3.7083961, 40.4550441], [-3.7084031, 40.4550725], [-3.7084414, 40.4551103], [-3.7085392, 40.4558126], [-3.7085151, 40.4558618], [-3.7085137, 40.4558912], [-3.7085253, 40.4559193], [-3.7085591, 40.4559552], [-3.7086534, 40.456656]]]}, "properties": {"ancho_m": 1.4}}, {"type": "Feature", "geometry": {"type": "Polygon", "coordinates": [[[-3.7095051, 40.4544374], [-3.7092813, 40.4545921], [-3.7092705, 40.4546305], [-3.7092464, 40.4546562], [-3.7092023, 40.4546764], [-3.7091491, 40.4546828], [-3.7086281, 40.4550455], [-3.7086638, 40.4550759], [-3.70861, 40.4551149], [-3.7086152, 40.4551663], [-3.7086082, 40.4551672], [-3.7086772, 40.4556812], [-3.7089141, 40.4556617], [-3.7089167, 40.4556887], [-3.7086811, 40.4557109], [-3.7086918, 40.4557983], [-3.7087418, 40.4558799], [-3.7087155, 40.4559584], [-3.7087282, 40.4560448], [-3.7089615, 40.4560227], [-3.708969, 40.4560569], [-3.7089182, 40.4560545], [-3.708732, 40.45607], [-3.7087918, 40.4565437], [-3.7087814, 40.4565448], [-3.7086983, 40.4559457], [-3.7087247, 40.4559025], [-3.708727, 40.4558727], [-3.7087141, 40.4558446], [-3.7086811, 40.4558182], [-3.7085813, 40.4551017], [-3.7086076, 40.4550447], [-3.709146, 40.4546728], [-3.7091999, 40.4546677], [-3.7092348, 40.4546525], [-3.7092584, 40.4546261], [-3.7092678, 40.4545858], [-3.7094962, 40.4544289], [-3.7095051, 40.4544374]]]}, "properties": {"ancho_m": 1.5}}, {"type": "Feature", "geometry": {"type": "Polygon", "coordinates": [[[-3.7088014, 40.4566957], [-3.7087814, 40.4565448], [-3.7087918, 40.4565437], [-3.7088139, 40.4566992], [-3.7088014, 40.4566957]]]}, "properties": {"ancho_m": 0.9}}, {"type": "Feature", "geometry": {"type": "Polygon", "coordinates": [[[-3.7060255, 40.4470411], [-3.7062293, 40.447052], [-3.7062341, 40.4470583], [-3.7060571, 40.4470477], [-3.7060255, 40.4470411]]]}, "properties": {"ancho_m": 0.6}}, {"type": "Feature", "geometry": {"type": "Polygon", "coordinates": [[[-3.7056742, 40.4470222], [-3.7058924, 40.4470339], [-3.7058825, 40.4470398], [-3.705728, 40.4470326], [-3.7056742, 40.4470222]]]}, "properties": {"ancho_m": 0.7}}, {"type": "Feature", "geometry": {"type": "Polygon", "coordinates": [[[-3.7045956, 40.4469641], [-3.7054777, 40.4470116], [-3.705479, 40.4470161], [-3.7054649, 40.4470225], [-3.7046, 40.4469746], [-3.7045956, 40.4469641]]]}, "properties": {"ancho_m": 1.2}}, {"type": "Feature", "geometry": {"type": "Polygon", "coordinates": [[[-3.7037613, 40.4469192], [-3.7037787, 40.4469201], [-3.7037604, 40.4469716], [-3.7037667, 40.4470157], [-3.70378, 40.4470409], [-3.703824, 40.4470838], [-3.7038679, 40.4471043], [-3.7039199, 40.4471148], [-3.7039729, 40.4471127], [-3.7040235, 40.4470997], [-3.7040598, 40.4470797], [-3.7040937, 40.4470489], [-3.7041134, 40.4470109], [-3.7041178, 40.4469838], [-3.704109, 40.4469379], [-3.7041268, 40.4469389], [-3.7041341, 40.4469639], [-3.7041344, 40.4469937], [-3.7041195, 40.4470361], [-3.7040694, 40.4470904], [-3.7040037, 40.4471197], [-3.7039247, 40.4471274], [-3.7038515, 40.4471125], [-3.7037945, 40.4470786], [-3.7037551, 40.4470275], [-3.703745, 40.4469708], [-3.7037613, 40.4469192]]]}, "properties": {"ancho_m": 1.4}}, {"type": "Feature", "geometry": {"type": "Polygon", "coordinates": [[[-3.7039014, 40.4473762], [-3.7039007, 40.4473095], [-3.7039231, 40.4473112], [-3.7039073, 40.4473752], [-3.7039014, 40.4473762]]]}, "properties": {"ancho_m": 1.0}}, {"type": "Feature", "geometry": {"type": "Polygon", "coordinates": [[[-3.7054509, 40.4560568], [-3.7054655, 40.4560433], [-3.7063817, 40.4560889], [-3.7063854, 40.4561033], [-3.7054509, 40.4560568]]]}, "properties": {"ancho_m": 1.6}}, {"type": "Feature", "geometry": {"type": "Polygon", "coordinates": [[[-3.7063186, 40.456524], [-3.7063542, 40.4564999], [-3.7063854, 40.4561033], [-3.7063995, 40.4561039], [-3.7063665, 40.4565244], [-3.7063186, 40.456524]]]}, "properties": {"ancho_m": 1.2}}, {"type": "Feature", "geometry": {"type": "Polygon", "coordinates": [[[-3.7063854, 40.4561033], [-3.7063838, 40.4560894], [-3.7063995, 40.4561039], [-3.7063854, 40.4561033]]]}, "properties": {"ancho_m": 0.5}}, {"type": "Feature", "geometry": {"type": "Polygon", "coordinates": [[[-3.705008, 40.4564005], [-3.7050312, 40.45638], [-3.7050582, 40.4563797], [-3.7054307, 40.4560461], [-3.7054655, 40.4560433], [-3.7050419, 40.4564241], [-3.705008, 40.4564005]]]}, "properties": {"ancho_m": 2.2}}, {"type": "Feature", "geometry": {"type": "Polygon", "coordinates": [[[-3.705008, 40.4564005], [-3.7050419, 40.4564241], [-3.7050516, 40.4564511], [-3.7051096, 40.4564724], [-3.7063665, 40.4565244], [-3.7063657, 40.4565354], [-3.7063522, 40.4565518], [-3.7063251, 40.4565567], [-3.7050737, 40.456508], [-3.7050189, 40.4564919], [-3.7049804, 40.456463], [-3.7049768, 40.4564345], [-3.705008, 40.4564005]]]}, "properties": {"ancho_m": 3.8}}, {"type": "Feature", "geometry": {"type": "Polygon", "coordinates": [[[-3.7055285, 40.4559855], [-3.7055467, 40.4559688], [-3.7055575, 40.4559886], [-3.7063764, 40.4560295], [-3.7063781, 40.4560431], [-3.7055474, 40.4559984], [-3.7055285, 40.4559855]]]}, "properties": {"ancho_m": 1.5}}, {"type": "Feature", "geometry": {"type": "Polygon", "coordinates": [[[-3.7061783, 40.4553464], [-3.7062091, 40.4553404], [-3.7062397, 40.4553445], [-3.7062091, 40.455372], [-3.7061783, 40.4553464]]]}, "properties": {"ancho_m": 1.5}}, {"type": "Feature", "geometry": {"type": "Polygon", "coordinates": [[[-3.7064559, 40.456034], [-3.7064767, 40.4560352], [-3.7064776, 40.4560487], [-3.7064621, 40.4560442], [-3.7064559, 40.456034]]]}, "properties": {"ancho_m": 0.7}}, {"type": "Feature", "geometry": {"type": "Polygon", "coordinates": [[[-3.7063764, 40.4560295], [-3.7063903, 40.4560331], [-3.7063781, 40.4560431], [-3.7063777, 40.4560397], [-3.7063764, 40.4560295]]]}, "properties": {"ancho_m": 0.5}}, {"type": "Feature", "geometry": {"type": "Polygon", "coordinates": [[[-3.7064039, 40.4558375], [-3.7062833, 40.455731], [-3.7062963, 40.4557225], [-3.7064203, 40.4558256], [-3.7064767, 40.4560352], [-3.7064559, 40.456034], [-3.7064039, 40.4558375]]]}, "properties": {"ancho_m": 1.6}}, {"type": "Feature", "geometry": {"type": "Polygon", "coordinates": [[[-3.7063764, 40.4560295], [-3.7063281, 40.4558658], [-3.7062163, 40.4557762], [-3.7062228, 40.4557718], [-3.7063408, 40.4558664], [-3.7063894, 40.4560302], [-3.7063764, 40.4560295]]]}, "properties": {"ancho_m": 0.9}}, {"type": "Feature", "geometry": {"type": "Polygon", "coordinates": [[[-3.7061783, 40.4553464], [-3.7062091, 40.455372], [-3.7055285, 40.4559855], [-3.7055258, 40.4559601], [-3.7061407, 40.4554053], [-3.7061316, 40.4553879], [-3.7061783, 40.4553464]]]}, "properties": {"ancho_m": 2.2}}, {"type": "Feature", "geometry": {"type": "Polygon", "coordinates": [[[-3.7069707, 40.456074], [-3.7069459, 40.4560594], [-3.7070083, 40.4560646], [-3.7070225, 40.4560511], [-3.7070658, 40.4560465], [-3.7070622, 40.4560634], [-3.7070454, 40.4560747], [-3.7069707, 40.456074]]]}, "properties": {"ancho_m": 1.4}}, {"type": "Feature", "geometry": {"type": "Polygon", "coordinates": [[[-3.7069163, 40.4559941], [-3.7062091, 40.455372], [-3.7062397, 40.4553445], [-3.7062837, 40.4553604], [-3.706339, 40.4554079], [-3.7063254, 40.4554175], [-3.7066076, 40.4556682], [-3.7066245, 40.4556567], [-3.7066406, 40.4556695], [-3.706623, 40.455682], [-3.70695, 40.4559677], [-3.7069671, 40.4559561], [-3.7069768, 40.4559638], [-3.7069597, 40.4559753], [-3.7070215, 40.4560322], [-3.7070491, 40.456027], [-3.7070658, 40.4560465], [-3.7070225, 40.4560511], [-3.7070111, 40.4560454], [-3.7069996, 40.456051], [-3.7069238, 40.4559826], [-3.7069163, 40.4559941]]]}, "properties": {"ancho_m": 3.8}}, {"type": "Feature", "geometry": {"type": "Polygon", "coordinates": [[[-3.7064776, 40.4560487], [-3.7064767, 40.4560352], [-3.7066914, 40.4560438], [-3.7069459, 40.4560594], [-3.7069707, 40.456074], [-3.7064776, 40.4560487]]]}, "properties": {"ancho_m": 1.6}}, {"type": "Feature", "geometry": {"type": "Polygon", "coordinates": [[[-3.7119389, 40.4527652], [-3.7119759, 40.4527526], [-3.7119995, 40.4527936], [-3.7119654, 40.4528057], [-3.7119389, 40.4527652]]]}, "properties": {"ancho_m": 2.0}}, {"type": "Feature", "geometry": {"type": "Polygon", "coordinates": [[[-3.7120973, 40.4525431], [-3.7120224, 40.452594], [-3.7119803, 40.4525177], [-3.7120346, 40.4525245], [-3.7120973, 40.4525431]]]}, "properties": {"ancho_m": 2.9}}, {"type": "Feature", "geometry": {"type": "Polygon", "coordinates": [[[-3.7057905, 40.4546092], [-3.7062671, 40.4541554], [-3.7062798, 40.4541619], [-3.7058021, 40.4546174], [-3.7057905, 40.4546092]]]}, "properties": {"ancho_m": 1.4}}, {"type": "Feature", "geometry": {"type": "Polygon", "coordinates": [[[-3.7053942, 40.4543846], [-3.7054091, 40.4543667], [-3.7056096, 40.4545468], [-3.7056293, 40.4545315], [-3.7057274, 40.454613], [-3.7057905, 40.4546092], [-3.7058021, 40.4546174], [-3.7057558, 40.4546519], [-3.7057295, 40.4546558], [-3.705698, 40.4546462], [-3.7053942, 40.4543846]]]}, "properties": {"ancho_m": 2.7}}, {"type": "Feature", "geometry": {"type": "Polygon", "coordinates": [[[-3.7046693, 40.453678], [-3.7047845, 40.4536879], [-3.7047824, 40.453714], [-3.7052666, 40.4541392], [-3.7052399, 40.4541563], [-3.7050197, 40.4539621], [-3.7050104, 40.4539685], [-3.7050461, 40.4539998], [-3.705039, 40.4540043], [-3.7052818, 40.4542164], [-3.7053228, 40.4541891], [-3.7053419, 40.4542061], [-3.7052997, 40.4542307], [-3.7053948, 40.4543181], [-3.7053613, 40.4543559], [-3.7052765, 40.454282], [-3.7052933, 40.4542701], [-3.7051187, 40.454116], [-3.7049281, 40.4539532], [-3.7049113, 40.4539641], [-3.7049023, 40.4539552], [-3.7049383, 40.4539293], [-3.7047756, 40.4537883], [-3.7047363, 40.4538144], [-3.7046516, 40.4537397], [-3.7046482, 40.4537065], [-3.7046693, 40.453678]]]}, "properties": {"ancho_m": 4.2}}, {"type": "Feature", "geometry": {"type": "Polygon", "coordinates": [[[-3.7057968, 40.4538403], [-3.7058086, 40.4538276], [-3.7058683, 40.4538736], [-3.7058528, 40.4538895], [-3.7057968, 40.4538403]]]}, "properties": {"ancho_m": 1.5}}, {"type": "Feature", "geometry": {"type": "Polygon", "coordinates": [[[-3.7050147, 40.4537054], [-3.7046693, 40.453678], [-3.7046982, 40.4536647], [-3.7051032, 40.453698], [-3.7057577, 40.4537996], [-3.7058086, 40.4538276], [-3.7057968, 40.4538403], [-3.7057647, 40.4538179], [-3.7053868, 40.4537608], [-3.7050147, 40.4537054]]]}, "properties": {"ancho_m": 1.9}}, {"type": "Feature", "geometry": {"type": "Polygon", "coordinates": [[[-3.7062798, 40.4541619], [-3.7058528, 40.4538895], [-3.7058683, 40.4538736], [-3.7062802, 40.4541377], [-3.7062841, 40.4541574], [-3.7062798, 40.4541619]]]}, "properties": {"ancho_m": 2.2}}, {"type": "Feature", "geometry": {"type": "Polygon", "coordinates": [[[-3.7049124, 40.4563339], [-3.7049301, 40.4563347], [-3.7057651, 40.4555845], [-3.7057847, 40.4555973], [-3.7052903, 40.4560464], [-3.7053001, 40.4560559], [-3.7052838, 40.456051], [-3.7049772, 40.456325], [-3.704982, 40.4563453], [-3.704957, 40.456365], [-3.7049124, 40.4563339]]]}, "properties": {"ancho_m": 2.3}}, {"type": "Feature", "geometry": {"type": "Polygon", "coordinates": [[[-3.7053637, 40.4553289], [-3.7057651, 40.4555845], [-3.7057492, 40.4555991], [-3.7053585, 40.4553438], [-3.7053637, 40.4553289]]]}, "properties": {"ancho_m": 1.9}}, {"type": "Feature", "geometry": {"type": "Polygon", "coordinates": [[[-3.7031651, 40.4535395], [-3.7031136, 40.4539099], [-3.7030551, 40.4539057], [-3.7030447, 40.453983], [-3.7031025, 40.4539867], [-3.7030903, 40.4540712], [-3.7031824, 40.4541985], [-3.7031626, 40.4542271], [-3.7030235, 40.4540581], [-3.7030143, 40.4540243], [-3.7030835, 40.4535619], [-3.7031084, 40.4535395], [-3.7031651, 40.4535395]]]}, "properties": {"ancho_m": 4.9}}, {"type": "Feature", "geometry": {"type": "Polygon", "coordinates": [[[-3.7036282, 40.4543156], [-3.7037529, 40.4536023], [-3.7037749, 40.4536039], [-3.7036501, 40.454317], [-3.7036282, 40.4543156]]]}, "properties": {"ancho_m": 1.8}}, {"type": "Feature", "geometry": {"type": "Polygon", "coordinates": [[[-3.7031618, 40.4535752], [-3.7031651, 40.4535395], [-3.7037564, 40.4535856], [-3.7037529, 40.4536023], [-3.7031934, 40.4535561], [-3.7031618, 40.4535752]]]}, "properties": {"ancho_m": 1.7}}, {"type": "Feature", "geometry": {"type": "Polygon", "coordinates": [[[-3.7037529, 40.4536023], [-3.7037564, 40.4535856], [-3.7037599, 40.4535858], [-3.7037749, 40.4536039], [-3.7037529, 40.4536023]]]}, "properties": {"ancho_m": 0.8}}, {"type": "Feature", "geometry": {"type": "Polygon", "coordinates": [[[-3.7031626, 40.4542271], [-3.7031824, 40.4541985], [-3.7042289, 40.4554795], [-3.7049124, 40.4563339], [-3.704957, 40.456365], [-3.7049435, 40.4563757], [-3.7048948, 40.4563702], [-3.7031626, 40.4542271]]]}, "properties": {"ancho_m": 3.4}}, {"type": "Feature", "geometry": {"type": "Polygon", "coordinates": [[[-3.7050762, 40.4544044], [-3.7049549, 40.4543049], [-3.7049169, 40.4542574], [-3.7049649, 40.4542233], [-3.704976, 40.4542232], [-3.7053348, 40.4545315], [-3.7053165, 40.4545437], [-3.705556, 40.4547497], [-3.7055735, 40.4547382], [-3.7055848, 40.4547465], [-3.7055716, 40.4547572], [-3.7057883, 40.4549481], [-3.7058038, 40.4549374], [-3.7058152, 40.4549458], [-3.7057984, 40.4549566], [-3.7060488, 40.4551752], [-3.7060666, 40.4551634], [-3.7061263, 40.4552191], [-3.7060709, 40.4552578], [-3.7050874, 40.4543964], [-3.7050762, 40.4544044]]]}, "properties": {"ancho_m": 4.7}}, {"type": "Feature", "geometry": {"type": "Polygon", "coordinates": [[[-3.7060709, 40.4552578], [-3.7061263, 40.4552191], [-3.7061483, 40.4552521], [-3.7061511, 40.4552957], [-3.7061347, 40.4553104], [-3.7060709, 40.4552578]]]}, "properties": {"ancho_m": 3.0}}, {"type": "Feature", "geometry": {"type": "Polygon", "coordinates": [[[-3.705785, 40.4555664], [-3.7060707, 40.4553093], [-3.7060709, 40.4552578], [-3.7061347, 40.4553104], [-3.7060947, 40.4553462], [-3.7060692, 40.455342], [-3.7058048, 40.4555792], [-3.705785, 40.4555664]]]}, "properties": {"ancho_m": 2.3}}, {"type": "Feature", "geometry": {"type": "Polygon", "coordinates": [[[-3.7053896, 40.4552567], [-3.7053952, 40.4552418], [-3.7056979, 40.4554457], [-3.7056976, 40.4554556], [-3.7057234, 40.4554736], [-3.7056927, 40.4555004], [-3.7057889, 40.4555628], [-3.705785, 40.4555664], [-3.7056704, 40.4554918], [-3.7056999, 40.4554635], [-3.7053896, 40.4552567]]]}, "properties": {"ancho_m": 1.2}}, {"type": "Feature", "geometry": {"type": "Polygon", "coordinates": [[[-3.7037679, 40.4541373], [-3.70377, 40.4541258], [-3.7038132, 40.4541298], [-3.7048164, 40.4542723], [-3.7048684, 40.4542714], [-3.7049169, 40.4542574], [-3.7049549, 40.4543049], [-3.7037679, 40.4541373]]]}, "properties": {"ancho_m": 1.5}}, {"type": "Feature", "geometry": {"type": "Polygon", "coordinates": [[[-3.70377, 40.4541258], [-3.7037321, 40.4543222], [-3.7037193, 40.4543214], [-3.7037499, 40.4541336], [-3.7037571, 40.4541245], [-3.70377, 40.4541258]]]}, "properties": {"ancho_m": 1.3}}, {"type": "Feature", "geometry": {"type": "Polygon", "coordinates": [[[-3.7034268, 40.4518448], [-3.7034529, 40.4518672], [-3.7043027, 40.4518224], [-3.7043295, 40.4518445], [-3.7034202, 40.4518871], [-3.7034268, 40.4518448]]]}, "properties": {"ancho_m": 2.4}}, {"type": "Feature", "geometry": {"type": "Polygon", "coordinates": [[[-3.7035412, 40.4510792], [-3.7034838, 40.4514717], [-3.7034594, 40.4514707], [-3.703435, 40.4516168], [-3.703461, 40.4516185], [-3.7034477, 40.451705], [-3.7034193, 40.4517037], [-3.7034122, 40.4517505], [-3.7034408, 40.451752], [-3.7034202, 40.4518871], [-3.7033873, 40.4518867], [-3.7033604, 40.4518741], [-3.7033509, 40.4518495], [-3.703463, 40.4511001], [-3.7034747, 40.4510824], [-3.7034991, 40.4510755], [-3.7035412, 40.4510792]]]}, "properties": {"ancho_m": 5.3}}, {"type": "Feature", "geometry": {"type": "Polygon", "coordinates": [[[-3.7036963, 40.4500035], [-3.7037366, 40.4500069], [-3.703733, 40.4500374], [-3.7036888, 40.4500594], [-3.7036963, 40.4500035]]]}, "properties": {"ancho_m": 1.8}}, {"type": "Feature", "geometry": {"type": "Polygon", "coordinates": [[[-3.7036963, 40.4500035], [-3.7036645, 40.4502127], [-3.7036456, 40.450211], [-3.7036323, 40.4502958], [-3.7036512, 40.4502984], [-3.7036109, 40.450563], [-3.7035785, 40.4505601], [-3.7035571, 40.4505521], [-3.7035475, 40.4505306], [-3.7036228, 40.4500299], [-3.7036514, 40.4500052], [-3.7036963, 40.4500035]]]}, "properties": {"ancho_m": 5.0}}, {"type": "Feature", "geometry": {"type": "Polygon", "coordinates": [[[-3.7036999, 40.4499758], [-3.7037045, 40.4499417], [-3.7037148, 40.4499557], [-3.7037422, 40.449958], [-3.70374, 40.4499793], [-3.7036999, 40.4499758]]]}, "properties": {"ancho_m": 1.3}}, {"type": "Feature", "geometry": {"type": "Polygon", "coordinates": [[[-3.7037784, 40.4494508], [-3.7037389, 40.4497071], [-3.7037052, 40.4497044], [-3.7036963, 40.4497621], [-3.7037304, 40.4497648], [-3.7037253, 40.4497991], [-3.703692, 40.4497963], [-3.7036843, 40.4498568], [-3.703695, 40.4498576], [-3.7036861, 40.4499171], [-3.7037045, 40.4499417], [-3.7036999, 40.4499758], [-3.7036773, 40.449974], [-3.7036453, 40.4499608], [-3.7036339, 40.4499368], [-3.7037006, 40.4494936], [-3.7037215, 40.4494655], [-3.7037784, 40.4494508]]]}, "properties": {"ancho_m": 4.2}}, {"type": "Feature", "geometry": {"type": "Polygon", "coordinates": [[[-3.7036063, 40.4505931], [-3.7035556, 40.4509724], [-3.7035251, 40.4509708], [-3.7035177, 40.4510383], [-3.7035457, 40.4510404], [-3.7035447, 40.4510489], [-3.7035057, 40.4510452], [-3.7034808, 40.4510328], [-3.7034747, 40.4510148], [-3.7035375, 40.4506127], [-3.7035611, 40.4505923], [-3.7036063, 40.4505931]]]}, "properties": {"ancho_m": 5.0}}, {"type": "Feature", "geometry": {"type": "Polygon", "coordinates": [[[-3.7062169, 40.4517251], [-3.7062648, 40.4514509], [-3.7061941, 40.4512369], [-3.7062054, 40.4512338], [-3.7062794, 40.4514659], [-3.7062336, 40.4517244], [-3.7062169, 40.4517251]]]}, "properties": {"ancho_m": 1.1}}, {"type": "Feature", "geometry": {"type": "Polygon", "coordinates": [[[-3.7062151, 40.4517458], [-3.7062169, 40.4517251], [-3.7062336, 40.4517244], [-3.7062297, 40.45174], [-3.7062151, 40.4517458]]]}, "properties": {"ancho_m": 0.8}}, {"type": "Feature", "geometry": {"type": "Polygon", "coordinates": [[[-3.7044136, 40.4518172], [-3.7053129, 40.4517684], [-3.7058692, 40.4517461], [-3.7062169, 40.4517251], [-3.7062151, 40.4517458], [-3.7044203, 40.4518397], [-3.7044136, 40.4518172]]]}, "properties": {"ancho_m": 2.3}}, {"type": "Feature", "geometry": {"type": "Polygon", "coordinates": [[[-3.7060937, 40.4506412], [-3.7068514, 40.450487], [-3.7069411, 40.4504698], [-3.7069374, 40.4504954], [-3.7069142, 40.4505167], [-3.7068811, 40.4505028], [-3.7068216, 40.4505153], [-3.7068276, 40.4505346], [-3.706787, 40.4505431], [-3.7067793, 40.4505244], [-3.706589, 40.4505651], [-3.7065915, 40.4505816], [-3.7065767, 40.4505848], [-3.7065563, 40.4505717], [-3.7063565, 40.4506113], [-3.7063589, 40.4506276], [-3.7063382, 40.450632], [-3.7063261, 40.4506175], [-3.7061017, 40.4506642], [-3.7060937, 40.4506412]]]}, "properties": {"ancho_m": 2.5}}, {"type": "Feature", "geometry": {"type": "Polygon", "coordinates": [[[-3.7069267, 40.4504721], [-3.7069364, 40.4499599], [-3.7069512, 40.4499776], [-3.7069461, 40.4503508], [-3.7069411, 40.4504698], [-3.7069267, 40.4504721]]]}, "properties": {"ancho_m": 1.4}}, {"type": "Feature", "geometry": {"type": "Polygon", "coordinates": [[[-3.7059141, 40.4501537], [-3.7069165, 40.4499534], [-3.7069364, 40.4499599], [-3.7069357, 40.4499793], [-3.7069143, 40.4499659], [-3.7059174, 40.4501601], [-3.7059141, 40.4501537]]]}, "properties": {"ancho_m": 1.1}}, {"type": "Feature", "geometry": {"type": "Polygon", "coordinates": [[[-3.706123, 40.4507251], [-3.7071449, 40.4505194], [-3.7071657, 40.4505092], [-3.7072474, 40.4505305], [-3.7072344, 40.4505747], [-3.7072201, 40.4505577], [-3.707148, 40.4505446], [-3.7061294, 40.4507445], [-3.706123, 40.4507251]]]}, "properties": {"ancho_m": 2.5}}, {"type": "Feature", "geometry": {"type": "Polygon", "coordinates": [[[-3.7071303, 40.4509778], [-3.7072344, 40.4505747], [-3.7072474, 40.4505305], [-3.707262, 40.4505462], [-3.7072652, 40.4505653], [-3.707166, 40.4509542], [-3.7071558, 40.4509693], [-3.7071303, 40.4509778]]]}, "properties": {"ancho_m": 2.2}}, {"type": "Feature", "geometry": {"type": "Polygon", "coordinates": [[[-3.7062448, 40.4511242], [-3.7070254, 40.4509785], [-3.7071349, 40.450958], [-3.7071303, 40.4509778], [-3.7062543, 40.4511438], [-3.7062448, 40.4511242]]]}, "properties": {"ancho_m": 2.1}}, {"type": "Feature", "geometry": {"type": "Polygon", "coordinates": [[[-3.7043062, 40.4470683], [-3.7042773, 40.4471279], [-3.7042318, 40.4471759], [-3.7041416, 40.4472333], [-3.7041017, 40.447247], [-3.7041685, 40.4472124], [-3.7042306, 40.4471678], [-3.7042656, 40.4471316], [-3.7043062, 40.4470683]]]}, "properties": {"ancho_m": 0.6}}, {"type": "Feature", "geometry": {"type": "Polygon", "coordinates": [[[-3.7093186, 40.4493686], [-3.7091683, 40.4492895], [-3.7090774, 40.4492121], [-3.7089739, 40.4491053], [-3.7089827, 40.4490904], [-3.7083386, 40.4484304], [-3.7082524, 40.4483267], [-3.7081542, 40.4481704], [-3.7081242, 40.4481039], [-3.7081185, 40.4480648], [-3.708125, 40.4480126], [-3.7081472, 40.447963], [-3.7082018, 40.4479125], [-3.7084844, 40.4477073], [-3.7084984, 40.4477047], [-3.7085172, 40.4477444], [-3.7084711, 40.4477329], [-3.7081751, 40.4479537], [-3.7081507, 40.4479889], [-3.7081404, 40.4480214], [-3.7081385, 40.4480593], [-3.7081641, 40.4481438], [-3.7082386, 40.4482713], [-3.7083485, 40.4484172], [-3.7083638, 40.4484107], [-3.7091506, 40.4492179], [-3.7092328, 40.4492913], [-3.7092921, 40.4493279], [-3.7094366, 40.4493829], [-3.7093186, 40.4493686]]]}, "properties": {"ancho_m": 2.5}}, {"type": "Feature", "geometry": {"type": "Polygon", "coordinates": [[[-3.7094277, 40.4493984], [-3.7093213, 40.4493689], [-3.7094366, 40.4493829], [-3.7094277, 40.4493984]]]}, "properties": {"ancho_m": 0.9}}, {"type": "Feature", "geometry": {"type": "Polygon", "coordinates": [[[-3.7095046, 40.4494121], [-3.7094791, 40.4493934], [-3.7095693, 40.4493986], [-3.7095396, 40.4494098], [-3.7095046, 40.4494121]]]}, "properties": {"ancho_m": 1.1}}, {"type": "Feature", "geometry": {"type": "Polygon", "coordinates": [[[-3.7094791, 40.4493934], [-3.7091695, 40.4489188], [-3.7091787, 40.4489152], [-3.7091745, 40.4489088], [-3.7087491, 40.44826], [-3.7087414, 40.4482626], [-3.7087125, 40.4482178], [-3.708726, 40.4482124], [-3.7086851, 40.4481489], [-3.7086727, 40.4481125], [-3.7086754, 40.4479884], [-3.7084984, 40.4477047], [-3.7085296, 40.4477074], [-3.7085549, 40.4477204], [-3.7087488, 40.4480179], [-3.7087673, 40.4480123], [-3.7088992, 40.4482171], [-3.7088536, 40.4482576], [-3.7090521, 40.448562], [-3.709081, 40.4485308], [-3.7090982, 40.4485333], [-3.7091881, 40.4486748], [-3.709212, 40.4488072], [-3.7093519, 40.4490288], [-3.7093833, 40.4490169], [-3.7092752, 40.4488491], [-3.7092798, 40.4488292], [-3.7094071, 40.4490183], [-3.7093674, 40.449059], [-3.7094501, 40.4491972], [-3.709496, 40.4491603], [-3.7096033, 40.4493294], [-3.7095979, 40.44937], [-3.7095693, 40.4493986], [-3.7094791, 40.4493934]]]}, "properties": {"ancho_m": 7.5}}, {"type": "Feature", "geometry": {"type": "Polygon", "coordinates": [[[-3.7094277, 40.4493984], [-3.7094366, 40.4493829], [-3.7094791, 40.4493934], [-3.7095046, 40.4494121], [-3.7094277, 40.4493984]]]}, "properties": {"ancho_m": 1.3}}, {"type": "Feature", "geometry": {"type": "Polygon", "coordinates": [[[-3.706402, 40.4551434], [-3.7064358, 40.4551679], [-3.7063765, 40.4552213], [-3.7063725, 40.4551893], [-3.7063832, 40.4551611], [-3.706402, 40.4551434]]]}, "properties": {"ancho_m": 2.2}}, {"type": "Feature", "geometry": {"type": "Polygon", "coordinates": [[[-3.7079055, 40.455867], [-3.7078772, 40.4557492], [-3.7067699, 40.4548667], [-3.7067782, 40.4548592], [-3.7078924, 40.4557516], [-3.7079286, 40.4557935], [-3.7079339, 40.4558117], [-3.7079311, 40.4558597], [-3.7079259, 40.4558672], [-3.7079055, 40.455867]]]}, "properties": {"ancho_m": 1.2}}, {"type": "Feature", "geometry": {"type": "Polygon", "coordinates": [[[-3.707453, 40.4560148], [-3.7079055, 40.455867], [-3.7079259, 40.4558672], [-3.7079139, 40.4558763], [-3.707464, 40.4560236], [-3.707453, 40.4560148]]]}, "properties": {"ancho_m": 1.2}}, {"type": "Feature", "geometry": {"type": "Polygon", "coordinates": [[[-3.7072744, 40.456024], [-3.7074093, 40.4560097], [-3.707453, 40.4560148], [-3.707464, 40.4560236], [-3.7073996, 40.4560445], [-3.7073611, 40.4560486], [-3.7073079, 40.4560399], [-3.7072744, 40.456024]]]}, "properties": {"ancho_m": 2.5}}, {"type": "Feature", "geometry": {"type": "Polygon", "coordinates": [[[-3.7063765, 40.4552213], [-3.7064358, 40.4551679], [-3.707407, 40.4560097], [-3.7072744, 40.456024], [-3.7072558, 40.4560071], [-3.7072703, 40.4559536], [-3.707109, 40.4558178], [-3.7070894, 40.4558644], [-3.7070777, 40.4558529], [-3.7070945, 40.4558067], [-3.7067841, 40.4555353], [-3.7067667, 40.4555793], [-3.7067546, 40.4555678], [-3.7067692, 40.455521], [-3.7065162, 40.4553015], [-3.7064949, 40.4553431], [-3.7064091, 40.4552646], [-3.7063765, 40.4552213]]]}, "properties": {"ancho_m": 4.7}}, {"type": "Feature", "geometry": {"type": "Polygon", "coordinates": [[[-3.7064202, 40.4551528], [-3.7067482, 40.4548596], [-3.7067762, 40.4548576], [-3.7064358, 40.4551679], [-3.7064202, 40.4551528]]]}, "properties": {"ancho_m": 1.9}}, {"type": "Feature", "geometry": {"type": "Polygon", "coordinates": [[[-3.7109448, 40.4558628], [-3.7110081, 40.4558134], [-3.7109922, 40.4558444], [-3.7109992, 40.4558773], [-3.7110753, 40.4559457], [-3.7111133, 40.455968], [-3.7120265, 40.4563399], [-3.7121353, 40.4563046], [-3.7120623, 40.4564158], [-3.7117847, 40.4563026], [-3.7114038, 40.4561255], [-3.7114023, 40.4561093], [-3.7110938, 40.4559803], [-3.7110788, 40.4559914], [-3.7110551, 40.4559781], [-3.7110678, 40.455968], [-3.7110278, 40.4559389], [-3.7110063, 40.4559418], [-3.7109786, 40.4559178], [-3.7109448, 40.4558628]], [[-3.7117229, 40.4562468], [-3.7117134, 40.4562602], [-3.7117177, 40.4562693], [-3.711803, 40.4563052], [-3.7118208, 40.4562805], [-3.711737, 40.4562453], [-3.7117229, 40.4562468]]]}, "properties": {"ancho_m": 3.3}}, {"type": "Feature", "geometry": {"type": "Polygon", "coordinates": [[[-3.7120623, 40.4564158], [-3.7121516, 40.4562873], [-3.7121471, 40.4562805], [-3.7121605, 40.4562744], [-3.7127122, 40.4554843], [-3.712844, 40.4552339], [-3.7128921, 40.455103], [-3.7129145, 40.4549921], [-3.7129214, 40.4548641], [-3.7129096, 40.4547471], [-3.7128861, 40.4546418], [-3.7128532, 40.4545492], [-3.7127147, 40.4542699], [-3.7126825, 40.4542422], [-3.7126494, 40.4542352], [-3.7126644, 40.4542095], [-3.7127153, 40.4542271], [-3.7127508, 40.4542611], [-3.7129305, 40.4546438], [-3.7129537, 40.4547627], [-3.7129587, 40.4548466], [-3.7129582, 40.4549941], [-3.7129421, 40.4550723], [-3.7128262, 40.455399], [-3.7127083, 40.4556223], [-3.7126861, 40.4556217], [-3.7125606, 40.4557934], [-3.7124305, 40.4559812], [-3.7124478, 40.4559873], [-3.7121619, 40.4563987], [-3.7121096, 40.4564224], [-3.7120623, 40.4564158]]]}, "properties": {"ancho_m": 4.5}}, {"type": "Feature", "geometry": {"type": "Polygon", "coordinates": [[[-3.7109991, 40.4557799], [-3.7110689, 40.4557344], [-3.7110646, 40.4557155], [-3.7111596, 40.4556498], [-3.7111729, 40.4556617], [-3.7114709, 40.4554531], [-3.7114659, 40.4554345], [-3.7115503, 40.4553773], [-3.7115625, 40.4553873], [-3.7116757, 40.4553125], [-3.7118788, 40.4551588], [-3.7119205, 40.4551213], [-3.711915, 40.4551027], [-3.7119682, 40.4550519], [-3.7119859, 40.4550621], [-3.7120378, 40.4550079], [-3.7121837, 40.4547868], [-3.7122034, 40.4547884], [-3.7122474, 40.4547284], [-3.7122332, 40.4547073], [-3.712262, 40.4546834], [-3.7123044, 40.4546831], [-3.7123474, 40.454712], [-3.7123313, 40.4547253], [-3.712768, 40.4550492], [-3.71285, 40.4549843], [-3.7128623, 40.4549627], [-3.7128613, 40.4549346], [-3.712818, 40.4548948], [-3.7127886, 40.4549141], [-3.7127668, 40.4549093], [-3.712435, 40.4546617], [-3.7123893, 40.4546799], [-3.7123163, 40.454625], [-3.712309, 40.4546108], [-3.7123248, 40.4545631], [-3.712345, 40.4545713], [-3.7125233, 40.4542916], [-3.7125153, 40.45427], [-3.7125311, 40.4542413], [-3.7125788, 40.454214], [-3.7126362, 40.4542063], [-3.7126494, 40.4542352], [-3.7126129, 40.4542399], [-3.712579, 40.4542626], [-3.712376, 40.4545828], [-3.7127838, 40.4548929], [-3.7128165, 40.4548675], [-3.7128641, 40.4549059], [-3.7128821, 40.4549404], [-3.7128769, 40.4549763], [-3.7128617, 40.4549966], [-3.7127831, 40.4550577], [-3.712883, 40.4551328], [-3.7128762, 40.4551554], [-3.7122937, 40.4547193], [-3.7121275, 40.4549591], [-3.7119538, 40.4551421], [-3.7117619, 40.4552884], [-3.7114153, 40.4555229], [-3.7110081, 40.4558134], [-3.7109991, 40.4557799]]]}, "properties": {"ancho_m": 3.0}}, {"type": "Feature", "geometry": {"type": "Polygon", "coordinates": [[[-3.7126377, 40.4542096], [-3.7126644, 40.4542095], [-3.7126494, 40.4542352], [-3.7126377, 40.4542096]]]}, "properties": {"ancho_m": 0.8}}, {"type": "Feature", "geometry": {"type": "Polygon", "coordinates": [[[-3.7109991, 40.4557799], [-3.7110081, 40.4558134], [-3.710944, 40.4558584], [-3.7109387, 40.4558308], [-3.7109518, 40.455801], [-3.7109777, 40.4557777], [-3.7109991, 40.4557799]]]}, "properties": {"ancho_m": 2.5}}, {"type": "Feature", "geometry": {"type": "Polygon", "coordinates": [[[-3.7109576, 40.4556257], [-3.7118028, 40.4550305], [-3.71187, 40.454954], [-3.7118856, 40.4549888], [-3.7118709, 40.4550225], [-3.7118515, 40.4550225], [-3.7114723, 40.4553035], [-3.7114747, 40.4553245], [-3.7113806, 40.4553912], [-3.7113544, 40.4553857], [-3.7109742, 40.4556516], [-3.7109785, 40.4556727], [-3.7109715, 40.4556775], [-3.7109576, 40.4556257]]]}, "properties": {"ancho_m": 3.1}}, {"type": "Feature", "geometry": {"type": "Polygon", "coordinates": [[[-3.7111283, 40.4542815], [-3.7111539, 40.4542245], [-3.7113591, 40.4538899], [-3.7113787, 40.4538421], [-3.7113794, 40.4538153], [-3.711397, 40.4538417], [-3.711368, 40.4539151], [-3.7111673, 40.4542291], [-3.7111491, 40.454273], [-3.7111289, 40.4544106], [-3.7111602, 40.4545451], [-3.7112468, 40.4546727], [-3.7112897, 40.4547112], [-3.7113882, 40.4547752], [-3.7115465, 40.4548415], [-3.7118195, 40.4549413], [-3.7118395, 40.454931], [-3.71187, 40.454954], [-3.7118237, 40.4550033], [-3.7118258, 40.4549727], [-3.7118115, 40.4549565], [-3.711429, 40.4548147], [-3.7113496, 40.4547738], [-3.7112664, 40.4547148], [-3.7112289, 40.454734], [-3.711155, 40.4546615], [-3.7111972, 40.4546423], [-3.7111396, 40.4545481], [-3.7111151, 40.4544635], [-3.7111096, 40.4543852], [-3.7111283, 40.4542815]]]}, "properties": {"ancho_m": 1.9}}, {"type": "Feature", "geometry": {"type": "Polygon", "coordinates": [[[-3.7104564, 40.4542091], [-3.7104778, 40.4541995], [-3.7105096, 40.4542058], [-3.7113496, 40.4538137], [-3.7113794, 40.4538153], [-3.7113787, 40.4538421], [-3.7113643, 40.4538241], [-3.7104736, 40.4542377], [-3.7104564, 40.4542091]]]}, "properties": {"ancho_m": 1.5}}, {"type": "Feature", "geometry": {"type": "Polygon", "coordinates": [[[-3.7108865, 40.4556778], [-3.710915, 40.4556569], [-3.7109576, 40.4556257], [-3.7109715, 40.4556775], [-3.7109147, 40.4556926], [-3.7108865, 40.4556778]]]}, "properties": {"ancho_m": 2.6}}, {"type": "Feature", "geometry": {"type": "Polygon", "coordinates": [[[-3.7104564, 40.4542091], [-3.7104736, 40.4542377], [-3.7109055, 40.4556126], [-3.7109246, 40.4556278], [-3.7109576, 40.4556257], [-3.7108865, 40.4556778], [-3.7108713, 40.45566], [-3.7108866, 40.4556417], [-3.7104851, 40.4543366], [-3.7104585, 40.4542557], [-3.7104344, 40.4542497], [-3.7104376, 40.4542236], [-3.7104564, 40.4542091]]]}, "properties": {"ancho_m": 1.9}}, {"type": "Feature", "geometry": {"type": "Polygon", "coordinates": [[[-3.7120762, 40.4526746], [-3.7120891, 40.4526452], [-3.7121179, 40.4526159], [-3.7121449, 40.4526968], [-3.7120762, 40.4526746]]]}, "properties": {"ancho_m": 2.3}}, {"type": "Feature", "geometry": {"type": "Polygon", "coordinates": [[[-3.7120762, 40.4526746], [-3.7121449, 40.4526968], [-3.7126559, 40.4536189], [-3.7126785, 40.4536386], [-3.7126557, 40.4536813], [-3.7126075, 40.4536485], [-3.7125618, 40.4535718], [-3.7125833, 40.4535665], [-3.7124853, 40.453388], [-3.7124655, 40.4533943], [-3.7124022, 40.4532823], [-3.7124195, 40.4532771], [-3.7123463, 40.4531403], [-3.7121282, 40.4527515], [-3.7121072, 40.452758], [-3.7120787, 40.4527048], [-3.7120762, 40.4526746]], [[-3.7124522, 40.4533175], [-3.7124722, 40.4533521], [-3.7124882, 40.4533467], [-3.7124682, 40.4533121], [-3.7124522, 40.4533175]]]}, "properties": {"ancho_m": 3.5}}, {"type": "Feature", "geometry": {"type": "Polygon", "coordinates": [[[-3.7131151, 40.4530698], [-3.7129972, 40.4529988], [-3.7122763, 40.4526302], [-3.7122338, 40.4526215], [-3.7121926, 40.452629], [-3.7121575, 40.4526544], [-3.7121449, 40.4526968], [-3.7121179, 40.4526159], [-3.7121589, 40.4525962], [-3.7122021, 40.4525917], [-3.712276, 40.4526061], [-3.7127046, 40.4528272], [-3.7127372, 40.4528227], [-3.7128352, 40.4528731], [-3.7128332, 40.4528919], [-3.7130632, 40.4530121], [-3.7130922, 40.453033], [-3.7131151, 40.4530698]]]}, "properties": {"ancho_m": 2.4}}, {"type": "Feature", "geometry": {"type": "Polygon", "coordinates": [[[-3.712705, 40.4536902], [-3.7126785, 40.4536386], [-3.7127199, 40.4536455], [-3.7127574, 40.4536282], [-3.7130837, 40.4531442], [-3.7130925, 40.453082], [-3.7130768, 40.4530496], [-3.7131151, 40.4530698], [-3.7131206, 40.4530824], [-3.7131329, 40.4531272], [-3.7131235, 40.4531649], [-3.7130995, 40.4532013], [-3.713065, 40.4532023], [-3.7128268, 40.453568], [-3.7128409, 40.4535842], [-3.712777, 40.4536732], [-3.7127405, 40.4536867], [-3.712705, 40.4536902]]]}, "properties": {"ancho_m": 2.6}}, {"type": "Feature", "geometry": {"type": "Polygon", "coordinates": [[[-3.7126557, 40.4536813], [-3.7126597, 40.4536739], [-3.7126785, 40.4536386], [-3.712705, 40.4536902], [-3.7126557, 40.4536813]]]}, "properties": {"ancho_m": 1.5}}, {"type": "Feature", "geometry": {"type": "Polygon", "coordinates": [[[-3.709877, 40.4531815], [-3.7099033, 40.4531719], [-3.7099022, 40.453198], [-3.7098893, 40.4531929], [-3.709877, 40.4531815]]]}, "properties": {"ancho_m": 0.9}}, {"type": "Feature", "geometry": {"type": "Polygon", "coordinates": [[[-3.7108478, 40.4525931], [-3.7106669, 40.4525492], [-3.7101549, 40.4524656], [-3.7101609, 40.4524521], [-3.7101739, 40.4524471], [-3.7103018, 40.4524665], [-3.7107351, 40.4525407], [-3.7108757, 40.4525778], [-3.7109892, 40.4525942], [-3.7111219, 40.4525896], [-3.7112965, 40.4525639], [-3.7113431, 40.4525748], [-3.711164, 40.452611], [-3.7110156, 40.4526236], [-3.7108478, 40.4525931]]]}, "properties": {"ancho_m": 2.5}}, {"type": "Feature", "geometry": {"type": "Polygon", "coordinates": [[[-3.7109735, 40.4527707], [-3.7113106, 40.4526479], [-3.7112758, 40.4525851], [-3.7113431, 40.4525748], [-3.7113662, 40.4525945], [-3.7113743, 40.4526152], [-3.7113705, 40.4526404], [-3.7113297, 40.4526742], [-3.7113021, 40.452665], [-3.7109812, 40.4527842], [-3.7109735, 40.4527707]]]}, "properties": {"ancho_m": 2.2}}, {"type": "Feature", "geometry": {"type": "Polygon", "coordinates": [[[-3.7108666, 40.4528128], [-3.7109735, 40.4527707], [-3.7109812, 40.4527842], [-3.7108736, 40.452825], [-3.7108666, 40.4528128]]]}, "properties": {"ancho_m": 1.3}}, {"type": "Feature", "geometry": {"type": "Polygon", "coordinates": [[[-3.7099022, 40.453198], [-3.7099033, 40.4531719], [-3.7108666, 40.4528128], [-3.7108736, 40.452825], [-3.7099466, 40.453172], [-3.7099452, 40.4531893], [-3.7099022, 40.453198]]]}, "properties": {"ancho_m": 1.7}}, {"type": "Feature", "geometry": {"type": "Polygon", "coordinates": [[[-3.7101549, 40.4524656], [-3.7101759, 40.4524714], [-3.7098902, 40.4531611], [-3.7099033, 40.4531719], [-3.709877, 40.4531815], [-3.7098722, 40.4531631], [-3.710061, 40.4526972], [-3.7100459, 40.4526829], [-3.7100625, 40.452639], [-3.7100845, 40.4526449], [-3.7101549, 40.4524656]]]}, "properties": {"ancho_m": 1.6}}, {"type": "Feature", "geometry": {"type": "Polygon", "coordinates": [[[-3.7085274, 40.4532149], [-3.708509, 40.4532453], [-3.7084875, 40.4533067], [-3.7084688, 40.453283], [-3.7084698, 40.4532528], [-3.7084793, 40.4532377], [-3.7085274, 40.4532149]]]}, "properties": {"ancho_m": 1.9}}, {"type": "Feature", "geometry": {"type": "Polygon", "coordinates": [[[-3.7097353, 40.4532333], [-3.7097556, 40.4532258], [-3.7097449, 40.4532498], [-3.7097353, 40.4532333]]]}, "properties": {"ancho_m": 0.6}}, {"type": "Feature", "geometry": {"type": "Polygon", "coordinates": [[[-3.7084875, 40.4533067], [-3.7084988, 40.4532895], [-3.7087979, 40.4535823], [-3.7088369, 40.4536028], [-3.7087964, 40.4536038], [-3.7084875, 40.4533067]]]}, "properties": {"ancho_m": 1.6}}, {"type": "Feature", "geometry": {"type": "Polygon", "coordinates": [[[-3.7099918, 40.4526146], [-3.7099435, 40.4525615], [-3.7099888, 40.452572], [-3.7100066, 40.4525912], [-3.710009, 40.4526176], [-3.7100211, 40.4526282], [-3.7100061, 40.4526735], [-3.7099797, 40.4526834], [-3.7098277, 40.453057], [-3.7098446, 40.4530716], [-3.7098182, 40.4531339], [-3.7097955, 40.4531368], [-3.7097556, 40.4532258], [-3.7097353, 40.4532333], [-3.7099918, 40.4526146]]]}, "properties": {"ancho_m": 1.8}}, {"type": "Feature", "geometry": {"type": "Polygon", "coordinates": [[[-3.7087991, 40.4535818], [-3.7094323, 40.4533468], [-3.7097353, 40.4532333], [-3.7097449, 40.4532498], [-3.7097299, 40.4532656], [-3.709709, 40.4532593], [-3.7088493, 40.4535809], [-3.7088369, 40.4536028], [-3.7087991, 40.4535818]]]}, "properties": {"ancho_m": 1.7}}, {"type": "Feature", "geometry": {"type": "Polygon", "coordinates": [[[-3.7085274, 40.4532149], [-3.7097613, 40.4526448], [-3.70976, 40.4526245], [-3.7098109, 40.4525993], [-3.7098354, 40.4526098], [-3.7099435, 40.4525615], [-3.7099524, 40.452577], [-3.708509, 40.4532453], [-3.7085274, 40.4532149]]]}, "properties": {"ancho_m": 2.0}}, {"type": "Feature", "geometry": {"type": "Polygon", "coordinates": [[[-3.7078961, 40.4538342], [-3.708395, 40.4533867], [-3.7083396, 40.4533481], [-3.708382, 40.4533035], [-3.7084501, 40.4533638], [-3.7079092, 40.453845], [-3.7078961, 40.4538342]]]}, "properties": {"ancho_m": 2.2}}, {"type": "Feature", "geometry": {"type": "Polygon", "coordinates": [[[-3.7082053, 40.4540635], [-3.7087591, 40.4536625], [-3.7087722, 40.4536717], [-3.7082186, 40.454073], [-3.7082053, 40.4540635]]]}, "properties": {"ancho_m": 1.5}}, {"type": "Feature", "geometry": {"type": "Polygon", "coordinates": [[[-3.7078996, 40.4538538], [-3.7079092, 40.453845], [-3.7082186, 40.454073], [-3.7081954, 40.4540827], [-3.7081684, 40.4540798], [-3.7081455, 40.4540633], [-3.7081509, 40.4540477], [-3.7078996, 40.4538538]]]}, "properties": {"ancho_m": 1.7}}, {"type": "Feature", "geometry": {"type": "Polygon", "coordinates": [[[-3.708382, 40.4533035], [-3.7084084, 40.4533035], [-3.7084581, 40.4533516], [-3.7084501, 40.4533638], [-3.708382, 40.4533035]]]}, "properties": {"ancho_m": 1.3}}, {"type": "Feature", "geometry": {"type": "Polygon", "coordinates": [[[-3.7087722, 40.4536717], [-3.7084501, 40.4533638], [-3.7084581, 40.4533516], [-3.7087747, 40.4536582], [-3.7087722, 40.4536717]]]}, "properties": {"ancho_m": 1.3}}, {"type": "Feature", "geometry": {"type": "Polygon", "coordinates": [[[-3.7078961, 40.4538342], [-3.7079092, 40.453845], [-3.7078996, 40.4538538], [-3.7078955, 40.4538441], [-3.7078961, 40.4538342]]]}, "properties": {"ancho_m": 0.5}}, {"type": "Feature", "geometry": {"type": "Polygon", "coordinates": [[[-3.7098996, 40.4532553], [-3.7098986, 40.4532791], [-3.7098697, 40.4532883], [-3.7098651, 40.4532592], [-3.7098877, 40.453248], [-3.7098996, 40.4532553]]]}, "properties": {"ancho_m": 1.7}}, {"type": "Feature", "geometry": {"type": "Polygon", "coordinates": [[[-3.7113822, 40.4537161], [-3.7113847, 40.4536285], [-3.7113365, 40.4535297], [-3.7109147, 40.4528972], [-3.7109311, 40.4528911], [-3.7113722, 40.4535513], [-3.711407, 40.4536635], [-3.7114005, 40.4536923], [-3.7113822, 40.4537161]]]}, "properties": {"ancho_m": 1.5}}, {"type": "Feature", "geometry": {"type": "Polygon", "coordinates": [[[-3.7104195, 40.454148], [-3.7112681, 40.4537563], [-3.711362, 40.4537116], [-3.711383, 40.4536907], [-3.7113822, 40.4537161], [-3.7113563, 40.4537349], [-3.7104568, 40.4541536], [-3.7104574, 40.4541726], [-3.710439, 40.4541803], [-3.7104195, 40.454148]]]}, "properties": {"ancho_m": 1.8}}, {"type": "Feature", "geometry": {"type": "Polygon", "coordinates": [[[-3.7109009, 40.452873], [-3.7109197, 40.4528788], [-3.7109311, 40.4528911], [-3.7109147, 40.4528972], [-3.7109009, 40.452873]]]}, "properties": {"ancho_m": 0.8}}, {"type": "Feature", "geometry": {"type": "Polygon", "coordinates": [[[-3.7098697, 40.4532883], [-3.7098986, 40.4532791], [-3.710439, 40.4541803], [-3.7104337, 40.4541825], [-3.7104039, 40.4541822], [-3.7103846, 40.4541669], [-3.7103935, 40.4541454], [-3.710198, 40.4538142], [-3.7098697, 40.4532883]]]}, "properties": {"ancho_m": 2.0}}, {"type": "Feature", "geometry": {"type": "Polygon", "coordinates": [[[-3.7098996, 40.4532553], [-3.7099056, 40.4532589], [-3.7107073, 40.4529593], [-3.7108772, 40.4528941], [-3.7108697, 40.4528818], [-3.7109009, 40.452873], [-3.7109147, 40.4528972], [-3.7098986, 40.4532791], [-3.7098996, 40.4532553]]]}, "properties": {"ancho_m": 1.6}}, {"type": "Feature", "geometry": {"type": "Polygon", "coordinates": [[[-3.7119575, 40.4564333], [-3.7117323, 40.456343], [-3.711723, 40.4563563], [-3.7115897, 40.4562912], [-3.7110152, 40.4560542], [-3.7108988, 40.4559811], [-3.7108871, 40.4559901], [-3.7108728, 40.4559785], [-3.7108067, 40.4559672], [-3.7107714, 40.4559782], [-3.7108767, 40.4559115], [-3.7109359, 40.4559521], [-3.7109314, 40.4559702], [-3.7110653, 40.4560452], [-3.7112878, 40.4561329], [-3.7113154, 40.4561248], [-3.7117685, 40.456329], [-3.7120436, 40.4564444], [-3.7119884, 40.4565284], [-3.7119575, 40.4564333]]]}, "properties": {"ancho_m": 3.6}}, {"type": "Feature", "geometry": {"type": "Polygon", "coordinates": [[[-3.7116225, 40.457055], [-3.7119269, 40.4566225], [-3.7120436, 40.4564444], [-3.7120642, 40.4564585], [-3.7120791, 40.4564834], [-3.71207, 40.4565299], [-3.7115675, 40.4572475], [-3.7115591, 40.4572583], [-3.7114499, 40.4572627], [-3.711565, 40.4571078], [-3.7116012, 40.4570461], [-3.7116225, 40.457055]]]}, "properties": {"ancho_m": 5.8}}, {"type": "Feature", "geometry": {"type": "Polygon", "coordinates": [[[-3.7111049, 40.4573856], [-3.7111871, 40.4573435], [-3.7113576, 40.4573056], [-3.7114499, 40.4572627], [-3.7115591, 40.4572583], [-3.7115159, 40.4572926], [-3.711455, 40.4573191], [-3.7112307, 40.4573615], [-3.711156, 40.4573918], [-3.7110946, 40.4574283], [-3.7111049, 40.4573856]]]}, "properties": {"ancho_m": 3.3}}, {"type": "Feature", "geometry": {"type": "Polygon", "coordinates": [[[-3.7111049, 40.4573856], [-3.7110946, 40.4574283], [-3.7109772, 40.4575167], [-3.7109447, 40.4575328], [-3.7109053, 40.4575448], [-3.7108168, 40.4575657], [-3.7109168, 40.4575219], [-3.7111049, 40.4573856]]]}, "properties": {"ancho_m": 2.0}}, {"type": "Feature", "geometry": {"type": "Polygon", "coordinates": [[[-3.7098785, 40.4570736], [-3.7099165, 40.4571096], [-3.7099454, 40.4571644], [-3.7103264, 40.4573963], [-3.7103499, 40.4574216], [-3.710546, 40.457533], [-3.7104216, 40.4574927], [-3.709888, 40.4571598], [-3.709875, 40.4571405], [-3.7098785, 40.4570736]]]}, "properties": {"ancho_m": 2.9}}, {"type": "Feature", "geometry": {"type": "Polygon", "coordinates": [[[-3.7108347, 40.455908], [-3.7108501, 40.4559081], [-3.71087, 40.4559103], [-3.7108446, 40.4559281], [-3.7108347, 40.455908]]]}, "properties": {"ancho_m": 0.8}}, {"type": "Feature", "geometry": {"type": "Polygon", "coordinates": [[[-3.7098785, 40.4570736], [-3.7099178, 40.4569729], [-3.7099375, 40.4569786], [-3.7102271, 40.4563415], [-3.7102727, 40.4562952], [-3.7107101, 40.4559892], [-3.7107011, 40.4559731], [-3.7107803, 40.4559186], [-3.7108347, 40.455908], [-3.7108446, 40.4559281], [-3.7104132, 40.45623], [-3.7102751, 40.4563389], [-3.7102149, 40.4564375], [-3.7099165, 40.4571096], [-3.7098785, 40.4570736]]]}, "properties": {"ancho_m": 3.1}}, {"type": "Feature", "geometry": {"type": "Polygon", "coordinates": [[[-3.7063424, 40.4553449], [-3.7063871, 40.4553165], [-3.7064123, 40.4553381], [-3.7063678, 40.4553667], [-3.7063424, 40.4553449]]]}, "properties": {"ancho_m": 1.9}}, {"type": "Feature", "geometry": {"type": "Polygon", "coordinates": [[[-3.7061246, 40.4551506], [-3.7061704, 40.4551222], [-3.7061941, 40.4551446], [-3.70615, 40.4551723], [-3.7061246, 40.4551506]]]}, "properties": {"ancho_m": 1.9}}, {"type": "Feature", "geometry": {"type": "Polygon", "coordinates": [[[-3.7058364, 40.4546417], [-3.7063221, 40.4541836], [-3.7063363, 40.4541909], [-3.7058513, 40.4546522], [-3.7058364, 40.4546417]]]}, "properties": {"ancho_m": 1.5}}, {"type": "Feature", "geometry": {"type": "Polygon", "coordinates": [[[-3.7058364, 40.4546417], [-3.7062385, 40.4549875], [-3.7062117, 40.455012], [-3.7063064, 40.4550934], [-3.7062617, 40.4551246], [-3.706241, 40.4551183], [-3.7061445, 40.4550352], [-3.7061602, 40.4549895], [-3.7059782, 40.4548317], [-3.7059436, 40.4548608], [-3.7059352, 40.4548515], [-3.7059695, 40.454821], [-3.7058454, 40.4547158], [-3.7058061, 40.4547411], [-3.7057904, 40.4547138], [-3.7057923, 40.454691], [-3.7058364, 40.4546417]]]}, "properties": {"ancho_m": 4.8}}, {"type": "Feature", "geometry": {"type": "Polygon", "coordinates": [[[-3.7062543, 40.4550011], [-3.7063369, 40.4550721], [-3.7063238, 40.4550812], [-3.7062428, 40.4550116], [-3.7062543, 40.4550011]]]}, "properties": {"ancho_m": 1.3}}, {"type": "Feature", "geometry": {"type": "Polygon", "coordinates": [[[-3.7062617, 40.4551246], [-3.7063064, 40.4550934], [-3.7063104, 40.4550968], [-3.7063369, 40.4550721], [-3.7063686, 40.4551028], [-3.7063255, 40.4551248], [-3.7062617, 40.4551246]]]}, "properties": {"ancho_m": 2.3}}, {"type": "Feature", "geometry": {"type": "Polygon", "coordinates": [[[-3.7069257, 40.4545442], [-3.7069312, 40.4545391], [-3.7069415, 40.4545464], [-3.7069475, 40.4545629], [-3.7069257, 40.4545442]]]}, "properties": {"ancho_m": 0.5}}, {"type": "Feature", "geometry": {"type": "Polygon", "coordinates": [[[-3.7063369, 40.4550721], [-3.706719, 40.4547301], [-3.7069257, 40.4545442], [-3.7069475, 40.4545629], [-3.7069415, 40.4545791], [-3.7069072, 40.4546131], [-3.7068813, 40.454613], [-3.7065795, 40.4548816], [-3.7063727, 40.4550719], [-3.7063901, 40.4550836], [-3.7063686, 40.4551028], [-3.7063369, 40.4550721]]]}, "properties": {"ancho_m": 2.1}}, {"type": "Feature", "geometry": {"type": "Polygon", "coordinates": [[[-3.7063636, 40.4541902], [-3.7063363, 40.4541909], [-3.7063221, 40.4541836], [-3.7063312, 40.4541751], [-3.70635, 40.4541762], [-3.7069312, 40.4545391], [-3.7069257, 40.4545442], [-3.7063636, 40.4541902]]]}, "properties": {"ancho_m": 0.6}}, {"type": "Feature", "geometry": {"type": "Polygon", "coordinates": [[[-3.706288, 40.4534138], [-3.7063055, 40.4534245], [-3.7062572, 40.4534302], [-3.7059115, 40.4538293], [-3.7058943, 40.4538084], [-3.7059132, 40.4537812], [-3.7059353, 40.4537851], [-3.7062485, 40.4534239], [-3.706288, 40.4534138]]]}, "properties": {"ancho_m": 1.2}}, {"type": "Feature", "geometry": {"type": "Polygon", "coordinates": [[[-3.7069809, 40.454493], [-3.7074174, 40.4540973], [-3.7074321, 40.4541067], [-3.7074353, 40.4541307], [-3.7073909, 40.4541753], [-3.7073578, 40.4541722], [-3.7070173, 40.4544914], [-3.7070173, 40.4545138], [-3.7069809, 40.454493]]]}, "properties": {"ancho_m": 2.0}}, {"type": "Feature", "geometry": {"type": "Polygon", "coordinates": [[[-3.7074095, 40.4541049], [-3.706288, 40.4534138], [-3.7063065, 40.4534133], [-3.7072803, 40.4540098], [-3.7074174, 40.4540973], [-3.7074095, 40.4541049]]]}, "properties": {"ancho_m": 1.3}}, {"type": "Feature", "geometry": {"type": "Polygon", "coordinates": [[[-3.7069563, 40.4545158], [-3.7069809, 40.454493], [-3.7070173, 40.4545138], [-3.7069904, 40.4545285], [-3.7069563, 40.4545158]]]}, "properties": {"ancho_m": 1.7}}, {"type": "Feature", "geometry": {"type": "Polygon", "coordinates": [[[-3.7059115, 40.4538293], [-3.7059263, 40.4538142], [-3.7060389, 40.4538748], [-3.7060254, 40.4538877], [-3.7069809, 40.454493], [-3.7069563, 40.4545158], [-3.706899, 40.4544834], [-3.706912, 40.4544706], [-3.7059115, 40.4538293]]]}, "properties": {"ancho_m": 1.7}}, {"type": "Feature", "geometry": {"type": "Polygon", "coordinates": [[[-3.7048771, 40.4541903], [-3.7047402, 40.4540927], [-3.7041884, 40.4536366], [-3.7042732, 40.4536439], [-3.7043278, 40.453666], [-3.7043706, 40.4536934], [-3.7045512, 40.4538507], [-3.7045362, 40.4538604], [-3.7047567, 40.454051], [-3.7047719, 40.4540411], [-3.7049012, 40.454151], [-3.7048986, 40.4541866], [-3.7048768, 40.4542075], [-3.7048684, 40.454197], [-3.7048771, 40.4541903]]]}, "properties": {"ancho_m": 5.0}}, {"type": "Feature", "geometry": {"type": "Polygon", "coordinates": [[[-3.7042732, 40.4536439], [-3.7038674, 40.4536106], [-3.7038683, 40.4535964], [-3.7042001, 40.4536213], [-3.7042732, 40.4536439]]]}, "properties": {"ancho_m": 1.5}}, {"type": "Feature", "geometry": {"type": "Polygon", "coordinates": [[[-3.7037835, 40.4540516], [-3.7048528, 40.454209], [-3.7048684, 40.454197], [-3.7048768, 40.4542075], [-3.7048475, 40.4542175], [-3.7037816, 40.454062], [-3.7037835, 40.4540516]]]}, "properties": {"ancho_m": 1.3}}, {"type": "Feature", "geometry": {"type": "Polygon", "coordinates": [[[-3.7038451, 40.453609], [-3.7038674, 40.4536106], [-3.7037816, 40.454062], [-3.7037658, 40.454047], [-3.7038451, 40.453609]]]}, "properties": {"ancho_m": 1.8}}, {"type": "Feature", "geometry": {"type": "Polygon", "coordinates": [[[-3.7038451, 40.453609], [-3.7038522, 40.4535972], [-3.7038683, 40.4535964], [-3.7038674, 40.4536106], [-3.7038451, 40.453609]]]}, "properties": {"ancho_m": 0.8}}, {"type": "Feature", "geometry": {"type": "Polygon", "coordinates": [[[-3.7043525, 40.4532941], [-3.704406, 40.4529911], [-3.7043929, 40.4529814], [-3.7044366, 40.4529826], [-3.7043821, 40.4532964], [-3.7043525, 40.4532941]]]}, "properties": {"ancho_m": 2.2}}, {"type": "Feature", "geometry": {"type": "Polygon", "coordinates": [[[-3.704268, 40.4535613], [-3.7043389, 40.4531422], [-3.7043763, 40.4531461], [-3.7043525, 40.4532941], [-3.7043821, 40.4532964], [-3.7043377, 40.4535656], [-3.704268, 40.4535613]]]}, "properties": {"ancho_m": 4.3}}, {"type": "Feature", "geometry": {"type": "Polygon", "coordinates": [[[-3.7038728, 40.45353], [-3.703968, 40.4529457], [-3.7040955, 40.4529562], [-3.7040176, 40.4529501], [-3.7039744, 40.4532312], [-3.7039273, 40.4532272], [-3.7038728, 40.45353]]]}, "properties": {"ancho_m": 1.9}}, {"type": "Feature", "geometry": {"type": "Polygon", "coordinates": [[[-3.7038705, 40.4535606], [-3.7038728, 40.45353], [-3.7043377, 40.4535656], [-3.7043133, 40.453599], [-3.7038705, 40.4535606]]]}, "properties": {"ancho_m": 3.3}}, {"type": "Feature", "geometry": {"type": "Polygon", "coordinates": [[[-3.7040981, 40.4529452], [-3.7040963, 40.4529578], [-3.703968, 40.4529457], [-3.7039752, 40.4529236], [-3.7040821, 40.4529279], [-3.7044274, 40.4529596], [-3.7044373, 40.4529789], [-3.7043929, 40.4529814], [-3.7043996, 40.4529855], [-3.7042041, 40.4529683], [-3.7042061, 40.4529537], [-3.7040981, 40.4529452]]]}, "properties": {"ancho_m": 2.4}}, {"type": "Feature", "geometry": {"type": "Polygon", "coordinates": [[[-3.7039358, 40.452945], [-3.7039478, 40.4529328], [-3.7039752, 40.4529236], [-3.703968, 40.4529457], [-3.7039358, 40.452945]]]}, "properties": {"ancho_m": 1.0}}, {"type": "Feature", "geometry": {"type": "Polygon", "coordinates": [[[-3.7039358, 40.452945], [-3.703968, 40.4529457], [-3.7038728, 40.45353], [-3.7038485, 40.4535304], [-3.7039358, 40.452945]]]}, "properties": {"ancho_m": 2.2}}, {"type": "Feature", "geometry": {"type": "Polygon", "coordinates": [[[-3.7038485, 40.4535304], [-3.7038728, 40.45353], [-3.7038705, 40.4535606], [-3.703854, 40.4535483], [-3.7038485, 40.4535304]]]}, "properties": {"ancho_m": 1.0}}, {"type": "Feature", "geometry": {"type": "Polygon", "coordinates": [[[-3.7058595, 40.4537727], [-3.7062025, 40.4533846], [-3.7061912, 40.4533542], [-3.7062173, 40.4533702], [-3.7062115, 40.453384], [-3.7058765, 40.4537662], [-3.7058595, 40.4537727]]]}, "properties": {"ancho_m": 0.7}}, {"type": "Feature", "geometry": {"type": "Polygon", "coordinates": [[[-3.7058519, 40.45313], [-3.7058575, 40.4531067], [-3.7059126, 40.4531161], [-3.705921, 40.4531229], [-3.7058809, 40.4531337], [-3.7058985, 40.4531729], [-3.7059374, 40.4532076], [-3.705994, 40.4531932], [-3.7060259, 40.4532401], [-3.7059674, 40.4532374], [-3.70592, 40.4532143], [-3.7058712, 40.4531722], [-3.7058519, 40.45313]]]}, "properties": {"ancho_m": 2.2}}, {"type": "Feature", "geometry": {"type": "Polygon", "coordinates": [[[-3.7051868, 40.4536392], [-3.7052049, 40.4536413], [-3.7058843, 40.453746], [-3.7058595, 40.4537727], [-3.7058494, 40.4537737], [-3.7058415, 40.4537567], [-3.7051965, 40.4536572], [-3.7051868, 40.4536392]]]}, "properties": {"ancho_m": 1.8}}, {"type": "Feature", "geometry": {"type": "Polygon", "coordinates": [[[-3.7053141, 40.453127], [-3.7055957, 40.4531576], [-3.7056078, 40.4531085], [-3.7056324, 40.4530845], [-3.7058575, 40.4531067], [-3.7058519, 40.45313], [-3.705637, 40.453107], [-3.7056157, 40.4532071], [-3.7052945, 40.4531731], [-3.7053141, 40.453127]]]}, "properties": {"ancho_m": 3.6}}, {"type": "Feature", "geometry": {"type": "Polygon", "coordinates": [[[-3.7052929, 40.4530962], [-3.7053008, 40.4530761], [-3.7053235, 40.4530661], [-3.7053177, 40.4530979], [-3.7052929, 40.4530962]]]}, "properties": {"ancho_m": 1.2}}, {"type": "Feature", "geometry": {"type": "Polygon", "coordinates": [[[-3.7051868, 40.4536392], [-3.7052929, 40.4530962], [-3.7053177, 40.4530979], [-3.7052945, 40.4531731], [-3.7052049, 40.4536413], [-3.7051868, 40.4536392]]]}, "properties": {"ancho_m": 1.6}}, {"type": "Feature", "geometry": {"type": "Polygon", "coordinates": [[[-3.7062173, 40.4533702], [-3.7060104, 40.4532426], [-3.7060259, 40.4532401], [-3.7062154, 40.4533596], [-3.7062173, 40.4533702]]]}, "properties": {"ancho_m": 0.9}}, {"type": "Feature", "geometry": {"type": "Polygon", "coordinates": [[[-3.703257, 40.4528835], [-3.7031692, 40.453497], [-3.7031381, 40.4534958], [-3.7031187, 40.4534891], [-3.7031057, 40.4534723], [-3.7031912, 40.4529039], [-3.7032125, 40.4528835], [-3.703257, 40.4528835]]]}, "properties": {"ancho_m": 4.8}}, {"type": "Feature", "geometry": {"type": "Polygon", "coordinates": [[[-3.7038651, 40.452943], [-3.7038701, 40.4529149], [-3.7038804, 40.4529164], [-3.703892, 40.4529262], [-3.7038937, 40.452944], [-3.7038651, 40.452943]]]}, "properties": {"ancho_m": 1.2}}, {"type": "Feature", "geometry": {"type": "Polygon", "coordinates": [[[-3.7037697, 40.453522], [-3.7038651, 40.452943], [-3.7038937, 40.452944], [-3.7038052, 40.4535259], [-3.7037697, 40.453522]]]}, "properties": {"ancho_m": 2.6}}, {"type": "Feature", "geometry": {"type": "Polygon", "coordinates": [[[-3.7032503, 40.4529062], [-3.703257, 40.4528835], [-3.7032941, 40.4528862], [-3.7032937, 40.4528999], [-3.7036902, 40.4529223], [-3.7038397, 40.4529287], [-3.7038701, 40.4529149], [-3.7038651, 40.452943], [-3.7032503, 40.4529062]]]}, "properties": {"ancho_m": 1.3}}, {"type": "Feature", "geometry": {"type": "Polygon", "coordinates": [[[-3.7031692, 40.453497], [-3.703175, 40.4534352], [-3.7032114, 40.4534704], [-3.7037697, 40.453522], [-3.703765, 40.4535446], [-3.7037577, 40.4535313], [-3.7032202, 40.453482], [-3.7032091, 40.4534986], [-3.7031692, 40.453497]]]}, "properties": {"ancho_m": 1.3}}, {"type": "Feature", "geometry": {"type": "Polygon", "coordinates": [[[-3.7037696, 40.453553], [-3.7037697, 40.453522], [-3.7038052, 40.4535259], [-3.7037913, 40.4535513], [-3.7037696, 40.453553]]]}, "properties": {"ancho_m": 1.6}}, {"type": "Feature", "geometry": {"type": "Polygon", "coordinates": [[[-3.7033421, 40.4523962], [-3.7032752, 40.4528224], [-3.7032668, 40.4528506], [-3.7032433, 40.4528491], [-3.7032143, 40.4528355], [-3.7032016, 40.4528137], [-3.7032605, 40.4524333], [-3.7032903, 40.4524043], [-3.7033421, 40.4523962]]]}, "properties": {"ancho_m": 5.6}}, {"type": "Feature", "geometry": {"type": "Polygon", "coordinates": [[[-3.7039183, 40.4524362], [-3.7039253, 40.4524245], [-3.7039476, 40.452431], [-3.7039657, 40.4524491], [-3.7039687, 40.4524664], [-3.7039498, 40.4524668], [-3.7039183, 40.4524362]]]}, "properties": {"ancho_m": 1.7}}, {"type": "Feature", "geometry": {"type": "Polygon", "coordinates": [[[-3.7038807, 40.4528546], [-3.7039498, 40.4524668], [-3.7039687, 40.4524664], [-3.7039165, 40.4527795], [-3.7039351, 40.4527955], [-3.7039254, 40.4528431], [-3.7039165, 40.4528578], [-3.7038807, 40.4528546]]]}, "properties": {"ancho_m": 1.9}}, {"type": "Feature", "geometry": {"type": "Polygon", "coordinates": [[[-3.7033421, 40.4523962], [-3.7033808, 40.4523959], [-3.7033809, 40.4524113], [-3.7039253, 40.4524245], [-3.7039183, 40.4524362], [-3.7033538, 40.4524254], [-3.7033351, 40.4524454], [-3.7033421, 40.4523962]]]}, "properties": {"ancho_m": 1.5}}, {"type": "Feature", "geometry": {"type": "Polygon", "coordinates": [[[-3.7038807, 40.4528546], [-3.7039126, 40.4528575], [-3.7039165, 40.4528578], [-3.7038762, 40.4528801], [-3.7038807, 40.4528546]]]}, "properties": {"ancho_m": 1.0}}, {"type": "Feature", "geometry": {"type": "Polygon", "coordinates": [[[-3.7032668, 40.4528506], [-3.7032752, 40.4528224], [-3.7038807, 40.4528546], [-3.7038762, 40.4528801], [-3.7038668, 40.4528819], [-3.7038545, 40.4528654], [-3.703303, 40.4528397], [-3.7033019, 40.4528527], [-3.7032668, 40.4528506]]]}, "properties": {"ancho_m": 1.6}}, {"type": "Feature", "geometry": {"type": "Polygon", "coordinates": [[[-3.703463, 40.4519223], [-3.7034764, 40.4519408], [-3.7040036, 40.4519146], [-3.7040022, 40.4518978], [-3.7040677, 40.451895], [-3.7040907, 40.4519066], [-3.7040858, 40.4519344], [-3.7034316, 40.4519682], [-3.7034044, 40.4519885], [-3.7034035, 40.4519891], [-3.7034142, 40.4519253], [-3.703463, 40.4519223]]]}, "properties": {"ancho_m": 2.7}}, {"type": "Feature", "geometry": {"type": "Polygon", "coordinates": [[[-3.7034142, 40.4519253], [-3.7033464, 40.4523663], [-3.7033164, 40.4523651], [-3.7032905, 40.4523551], [-3.7032764, 40.45234], [-3.7033346, 40.4519536], [-3.703363, 40.4519285], [-3.7034142, 40.4519253]]]}, "properties": {"ancho_m": 5.7}}, {"type": "Feature", "geometry": {"type": "Polygon", "coordinates": [[[-3.7039619, 40.4523629], [-3.7039698, 40.4523496], [-3.7039922, 40.4523449], [-3.7039854, 40.4523559], [-3.7039619, 40.4523629]]]}, "properties": {"ancho_m": 0.7}}, {"type": "Feature", "geometry": {"type": "Polygon", "coordinates": [[[-3.7039698, 40.4523496], [-3.7040365, 40.4519654], [-3.7040044, 40.4519386], [-3.7040858, 40.4519344], [-3.7040806, 40.4519641], [-3.7040583, 40.4519618], [-3.7039922, 40.4523449], [-3.7039698, 40.4523496]]]}, "properties": {"ancho_m": 1.8}}, {"type": "Feature", "geometry": {"type": "Polygon", "coordinates": [[[-3.7033464, 40.4523663], [-3.7033538, 40.4523137], [-3.7033764, 40.4523361], [-3.7039698, 40.4523496], [-3.7039619, 40.4523629], [-3.7034851, 40.4523532], [-3.7034135, 40.4523537], [-3.7033918, 40.4523681], [-3.7033464, 40.4523663]]]}, "properties": {"ancho_m": 1.7}}, {"type": "Feature", "geometry": {"type": "Polygon", "coordinates": [[[-3.7054818, 40.4518623], [-3.7054059, 40.4518679], [-3.7041424, 40.4519315], [-3.7041461, 40.4519142], [-3.7041563, 40.4519091], [-3.7054197, 40.4518424], [-3.7054181, 40.4518261], [-3.7054294, 40.4518253], [-3.7054631, 40.4518353], [-3.7054818, 40.4518623]]]}, "properties": {"ancho_m": 2.5}}, {"type": "Feature", "geometry": {"type": "Polygon", "coordinates": [[[-3.7053449, 40.4523556], [-3.7054392, 40.4518938], [-3.7054059, 40.4518679], [-3.7054818, 40.4518623], [-3.7054773, 40.4518926], [-3.7054603, 40.4518991], [-3.7053806, 40.4523031], [-3.7053994, 40.4523213], [-3.7053905, 40.4523618], [-3.7053449, 40.4523556]]]}, "properties": {"ancho_m": 2.2}}, {"type": "Feature", "geometry": {"type": "Polygon", "coordinates": [[[-3.7053045, 40.4524074], [-3.7053074, 40.4523793], [-3.7053449, 40.4523556], [-3.7053905, 40.4523618], [-3.7053843, 40.452378], [-3.7053587, 40.4523975], [-3.7053045, 40.4524074]]]}, "properties": {"ancho_m": 2.6}}, {"type": "Feature", "geometry": {"type": "Polygon", "coordinates": [[[-3.7041106, 40.4523502], [-3.7050762, 40.4523744], [-3.7053074, 40.4523793], [-3.7053045, 40.4524074], [-3.7052855, 40.4524073], [-3.7052568, 40.4523903], [-3.7041102, 40.452364], [-3.7041106, 40.4523502]]]}, "properties": {"ancho_m": 1.4}}, {"type": "Feature", "geometry": {"type": "Polygon", "coordinates": [[[-3.7040684, 40.452329], [-3.7040924, 40.4523241], [-3.7041106, 40.4523502], [-3.7041102, 40.452364], [-3.7040739, 40.4523573], [-3.7040684, 40.452329]]]}, "properties": {"ancho_m": 1.8}}, {"type": "Feature", "geometry": {"type": "Polygon", "coordinates": [[[-3.7041424, 40.4519315], [-3.7041635, 40.4519304], [-3.7040924, 40.4523241], [-3.7040684, 40.452329], [-3.7041424, 40.4519315]]]}, "properties": {"ancho_m": 1.7}}, {"type": "Feature", "geometry": {"type": "Polygon", "coordinates": [[[-3.7052978, 40.4524721], [-3.7053011, 40.4524405], [-3.7053408, 40.4524493], [-3.7053682, 40.4524674], [-3.7053673, 40.4524785], [-3.7053397, 40.4524989], [-3.7053205, 40.4525035], [-3.7052978, 40.4524721]]]}, "properties": {"ancho_m": 2.7}}, {"type": "Feature", "geometry": {"type": "Polygon", "coordinates": [[[-3.7052309, 40.4529563], [-3.7053205, 40.4525035], [-3.7053397, 40.4524989], [-3.7052601, 40.4529246], [-3.7052776, 40.4529352], [-3.7052726, 40.4529614], [-3.7052309, 40.4529563]]]}, "properties": {"ancho_m": 1.8}}, {"type": "Feature", "geometry": {"type": "Polygon", "coordinates": [[[-3.7051861, 40.4530045], [-3.7051921, 40.452978], [-3.7052309, 40.4529563], [-3.7052726, 40.4529614], [-3.7052685, 40.4529828], [-3.7052466, 40.4529971], [-3.705215, 40.4530079], [-3.7051861, 40.4530045]]]}, "properties": {"ancho_m": 2.7}}, {"type": "Feature", "geometry": {"type": "Polygon", "coordinates": [[[-3.7041075, 40.4524407], [-3.704108, 40.4524273], [-3.7052695, 40.4524514], [-3.7052824, 40.4524404], [-3.7053011, 40.4524405], [-3.7052978, 40.4524721], [-3.7041075, 40.4524407]]]}, "properties": {"ancho_m": 1.7}}, {"type": "Feature", "geometry": {"type": "Polygon", "coordinates": [[[-3.7039876, 40.4528854], [-3.7039943, 40.4528647], [-3.7051921, 40.452978], [-3.7051861, 40.4530045], [-3.7051849, 40.4529874], [-3.7043337, 40.4529007], [-3.7040208, 40.4528731], [-3.7040093, 40.4528907], [-3.7039876, 40.4528854]]]}, "properties": {"ancho_m": 0.8}}, {"type": "Feature", "geometry": {"type": "Polygon", "coordinates": [[[-3.704108, 40.4524273], [-3.7041075, 40.4524407], [-3.7040653, 40.4524643], [-3.7040434, 40.4524648], [-3.7040664, 40.4524307], [-3.704108, 40.4524273]]]}, "properties": {"ancho_m": 1.8}}, {"type": "Feature", "geometry": {"type": "Polygon", "coordinates": [[[-3.7039759, 40.4528631], [-3.7040434, 40.4524648], [-3.7040653, 40.4524643], [-3.7039943, 40.4528647], [-3.7039759, 40.4528631]]]}, "properties": {"ancho_m": 1.6}}, {"type": "Feature", "geometry": {"type": "Polygon", "coordinates": [[[-3.7039759, 40.4528631], [-3.7039943, 40.4528647], [-3.7039876, 40.4528854], [-3.7039762, 40.4528758], [-3.7039759, 40.4528631]]]}, "properties": {"ancho_m": 0.8}}, {"type": "Feature", "geometry": {"type": "Polygon", "coordinates": [[[-3.7061207, 40.452332], [-3.7062088, 40.4518189], [-3.7062132, 40.4518187], [-3.7061329, 40.4523346], [-3.7061207, 40.452332]]]}, "properties": {"ancho_m": 0.8}}, {"type": "Feature", "geometry": {"type": "Polygon", "coordinates": [[[-3.7054892, 40.4523971], [-3.7060007, 40.4523624], [-3.7060856, 40.4523583], [-3.7060855, 40.4523689], [-3.7054857, 40.4524047], [-3.7054892, 40.4523971]]]}, "properties": {"ancho_m": 1.0}}, {"type": "Feature", "geometry": {"type": "Polygon", "coordinates": [[[-3.7062064, 40.4518468], [-3.7061707, 40.4518173], [-3.7055359, 40.4518584], [-3.7055433, 40.4518311], [-3.7055707, 40.4518178], [-3.7055938, 40.451833], [-3.7061318, 40.4518027], [-3.7061581, 40.4517879], [-3.7061846, 40.4517919], [-3.7062085, 40.4518107], [-3.7062064, 40.4518468]]]}, "properties": {"ancho_m": 2.2}}, {"type": "Feature", "geometry": {"type": "Polygon", "coordinates": [[[-3.7060856, 40.4523583], [-3.7061207, 40.452332], [-3.7061329, 40.4523346], [-3.7061105, 40.452363], [-3.7060855, 40.4523689], [-3.7060856, 40.4523583]]]}, "properties": {"ancho_m": 1.3}}, {"type": "Feature", "geometry": {"type": "Polygon", "coordinates": [[[-3.7054336, 40.4523677], [-3.7055359, 40.4518584], [-3.7055815, 40.4518551], [-3.7055464, 40.4518823], [-3.7054524, 40.4523703], [-3.7054336, 40.4523677]]]}, "properties": {"ancho_m": 1.5}}, {"type": "Feature", "geometry": {"type": "Polygon", "coordinates": [[[-3.7054336, 40.4523677], [-3.7054524, 40.4523703], [-3.7054892, 40.4523971], [-3.7054857, 40.4524047], [-3.7054431, 40.4524013], [-3.7054322, 40.4523874], [-3.7054336, 40.4523677]]]}, "properties": {"ancho_m": 1.8}}, {"type": "Feature", "geometry": {"type": "Polygon", "coordinates": [[[-3.7054672, 40.4524441], [-3.7060851, 40.4524132], [-3.7060851, 40.4524214], [-3.7054639, 40.4524513], [-3.7054672, 40.4524441]]]}, "properties": {"ancho_m": 0.6}}, {"type": "Feature", "geometry": {"type": "Polygon", "coordinates": [[[-3.7061147, 40.4524392], [-3.7060851, 40.4524214], [-3.7060851, 40.4524132], [-3.7061122, 40.4524252], [-3.7061147, 40.4524392]]]}, "properties": {"ancho_m": 1.0}}, {"type": "Feature", "geometry": {"type": "Polygon", "coordinates": [[[-3.7058646, 40.4530776], [-3.7058711, 40.4530506], [-3.7059084, 40.4530099], [-3.7059553, 40.4529852], [-3.7060242, 40.4529748], [-3.7060111, 40.4530139], [-3.7059959, 40.4530155], [-3.7059556, 40.4529982], [-3.7058848, 40.4530551], [-3.7059327, 40.4530776], [-3.7059048, 40.4530833], [-3.7058646, 40.4530776]]]}, "properties": {"ancho_m": 1.9}}, {"type": "Feature", "geometry": {"type": "Polygon", "coordinates": [[[-3.7060142, 40.4529741], [-3.7061041, 40.4524384], [-3.7061147, 40.4524392], [-3.7060242, 40.4529748], [-3.7060142, 40.4529741]]]}, "properties": {"ancho_m": 0.9}}, {"type": "Feature", "geometry": {"type": "Polygon", "coordinates": [[[-3.7053579, 40.4530061], [-3.7053634, 40.4529961], [-3.7058711, 40.4530506], [-3.7058646, 40.4530776], [-3.7058486, 40.4530754], [-3.7058387, 40.4530563], [-3.7053579, 40.4530061]]]}, "properties": {"ancho_m": 1.1}}, {"type": "Feature", "geometry": {"type": "Polygon", "coordinates": [[[-3.7054672, 40.4524441], [-3.7054288, 40.4524776], [-3.7054094, 40.4524823], [-3.7054265, 40.4524521], [-3.7054672, 40.4524441]]]}, "properties": {"ancho_m": 1.4}}, {"type": "Feature", "geometry": {"type": "Polygon", "coordinates": [[[-3.7053155, 40.4529666], [-3.7054094, 40.4524823], [-3.7054288, 40.4524776], [-3.705337, 40.4529693], [-3.7053155, 40.4529666]]]}, "properties": {"ancho_m": 1.6}}, {"type": "Feature", "geometry": {"type": "Polygon", "coordinates": [[[-3.7053155, 40.4529666], [-3.705337, 40.4529693], [-3.7053634, 40.4529961], [-3.7053579, 40.4530061], [-3.705324, 40.4530025], [-3.7053112, 40.4529883], [-3.7053155, 40.4529666]]]}, "properties": {"ancho_m": 1.8}}, {"type": "Feature", "geometry": {"type": "Polygon", "coordinates": [[[-3.7077539, 40.4524328], [-3.7075796, 40.4524322], [-3.707612, 40.4524219], [-3.7077488, 40.452421], [-3.7077539, 40.4524328]]]}, "properties": {"ancho_m": 1.1}}, {"type": "Feature", "geometry": {"type": "Polygon", "coordinates": [[[-3.7075839, 40.4524322], [-3.7076277, 40.4524327], [-3.7076151, 40.4524545], [-3.7078991, 40.452745], [-3.7078853, 40.4527585], [-3.70786, 40.4527609], [-3.7078459, 40.4527516], [-3.7078595, 40.4527423], [-3.7075846, 40.4524766], [-3.7075712, 40.4524508], [-3.7075839, 40.4524322]]]}, "properties": {"ancho_m": 2.8}}, {"type": "Feature", "geometry": {"type": "Polygon", "coordinates": [[[-3.7078332, 40.4526819], [-3.7078649, 40.4526736], [-3.7077539, 40.4524328], [-3.7077706, 40.452433], [-3.7078998, 40.4527292], [-3.7078991, 40.452745], [-3.7078332, 40.4526819]]]}, "properties": {"ancho_m": 1.3}}, {"type": "Feature", "geometry": {"type": "Polygon", "coordinates": [[[-3.7077539, 40.4524328], [-3.707752, 40.4524212], [-3.7077706, 40.452433], [-3.7077682, 40.452433], [-3.7077539, 40.4524328]]]}, "properties": {"ancho_m": 0.5}}, {"type": "Feature", "geometry": {"type": "Polygon", "coordinates": [[[-3.7075269, 40.4523573], [-3.7075222, 40.4523257], [-3.7076954, 40.4518482], [-3.7077336, 40.4517481], [-3.7077491, 40.4517463], [-3.7075428, 40.4523179], [-3.7075927, 40.452359], [-3.7075269, 40.4523573]]]}, "properties": {"ancho_m": 1.5}}, {"type": "Feature", "geometry": {"type": "Polygon", "coordinates": [[[-3.7075278, 40.4523591], [-3.7077413, 40.4523581], [-3.7077457, 40.4523837], [-3.7077222, 40.4523906], [-3.7077166, 40.4523751], [-3.7075696, 40.4523755], [-3.7075278, 40.4523591]]]}, "properties": {"ancho_m": 1.7}}, {"type": "Feature", "geometry": {"type": "Polygon", "coordinates": [[[-3.707992, 40.4517494], [-3.7079979, 40.4517354], [-3.708005, 40.4517184], [-3.7080195, 40.4517299], [-3.7080257, 40.4517495], [-3.707992, 40.4517494]]]}, "properties": {"ancho_m": 1.2}}, {"type": "Feature", "geometry": {"type": "Polygon", "coordinates": [[[-3.7077413, 40.4523581], [-3.707992, 40.4517494], [-3.7080257, 40.4517495], [-3.7080196, 40.4517734], [-3.7079947, 40.4517768], [-3.7078744, 40.452068], [-3.7078886, 40.4520841], [-3.7078685, 40.4521329], [-3.7078478, 40.4521355], [-3.7077607, 40.4523499], [-3.7077791, 40.4523537], [-3.7077413, 40.4523581]]]}, "properties": {"ancho_m": 1.3}}, {"type": "Feature", "geometry": {"type": "Polygon", "coordinates": [[[-3.7077491, 40.4517463], [-3.7077631, 40.4517284], [-3.7079728, 40.4517282], [-3.7079848, 40.4517163], [-3.708005, 40.4517184], [-3.707992, 40.4517494], [-3.7077491, 40.4517463]]]}, "properties": {"ancho_m": 2.0}}, {"type": "Feature", "geometry": {"type": "Polygon", "coordinates": [[[-3.7077413, 40.4523581], [-3.7077569, 40.4523583], [-3.7077764, 40.4523585], [-3.7077457, 40.4523837], [-3.7077413, 40.4523581]]]}, "properties": {"ancho_m": 1.0}}, {"type": "Feature", "geometry": {"type": "Polygon", "coordinates": [[[-3.7077631, 40.4517284], [-3.7077491, 40.4517463], [-3.7077336, 40.4517481], [-3.707742, 40.4517318], [-3.7077631, 40.4517284]]]}, "properties": {"ancho_m": 0.8}}, {"type": "Feature", "geometry": {"type": "Polygon", "coordinates": [[[-3.7084714, 40.4523681], [-3.7084643, 40.4522278], [-3.7084494, 40.4517506], [-3.7084638, 40.451751], [-3.708488, 40.4523688], [-3.7084714, 40.4523681]]]}, "properties": {"ancho_m": 1.4}}, {"type": "Feature", "geometry": {"type": "Polygon", "coordinates": [[[-3.7084714, 40.4523681], [-3.708488, 40.4523688], [-3.708489, 40.4523932], [-3.7084732, 40.4523826], [-3.7084714, 40.4523681]]]}, "properties": {"ancho_m": 0.8}}, {"type": "Feature", "geometry": {"type": "Polygon", "coordinates": [[[-3.708489, 40.4523932], [-3.708488, 40.4523688], [-3.708792, 40.4523476], [-3.7087893, 40.4523679], [-3.7087692, 40.4523809], [-3.7087577, 40.4523659], [-3.7085605, 40.4523775], [-3.7085542, 40.4523912], [-3.708489, 40.4523932]]]}, "properties": {"ancho_m": 1.7}}, {"type": "Feature", "geometry": {"type": "Polygon", "coordinates": [[[-3.708761, 40.4517546], [-3.7087736, 40.451755], [-3.7087865, 40.4521195], [-3.708792, 40.4523476], [-3.7087802, 40.4523499], [-3.708761, 40.4517546]]]}, "properties": {"ancho_m": 1.1}}, {"type": "Feature", "geometry": {"type": "Polygon", "coordinates": [[[-3.7087736, 40.451755], [-3.7084494, 40.4517506], [-3.7084495, 40.4517345], [-3.7084631, 40.451723], [-3.7084833, 40.4517199], [-3.708501, 40.4517377], [-3.7087584, 40.4517389], [-3.7087733, 40.4517494], [-3.7087736, 40.451755]]]}, "properties": {"ancho_m": 1.7}}, {"type": "Feature", "geometry": {"type": "Polygon", "coordinates": [[[-3.7084735, 40.4524423], [-3.7084911, 40.4524427], [-3.7085047, 40.4527246], [-3.7084887, 40.4527315], [-3.7084735, 40.4524423]]]}, "properties": {"ancho_m": 1.4}}, {"type": "Feature", "geometry": {"type": "Polygon", "coordinates": [[[-3.7084735, 40.4524423], [-3.7084787, 40.4524343], [-3.7084905, 40.4524296], [-3.7084911, 40.4524427], [-3.7084735, 40.4524423]]]}, "properties": {"ancho_m": 0.6}}, {"type": "Feature", "geometry": {"type": "Polygon", "coordinates": [[[-3.7084911, 40.4524427], [-3.7084905, 40.4524296], [-3.7087863, 40.4524104], [-3.7087937, 40.4524182], [-3.7087951, 40.4524656], [-3.7087816, 40.4524797], [-3.70878, 40.4524364], [-3.7087633, 40.4524239], [-3.7084911, 40.4524427]]]}, "properties": {"ancho_m": 1.3}}, {"type": "Feature", "geometry": {"type": "Polygon", "coordinates": [[[-3.7084887, 40.4527315], [-3.708601, 40.4526916], [-3.7087951, 40.4524656], [-3.7087964, 40.4525121], [-3.7085274, 40.4528169], [-3.7084924, 40.4528023], [-3.7084887, 40.4527315]]]}, "properties": {"ancho_m": 3.4}}, {"type": "Feature", "geometry": {"type": "Polygon", "coordinates": [[[-3.7061392, 40.4527454], [-3.7061416, 40.452728], [-3.7061847, 40.4527161], [-3.7067932, 40.4527547], [-3.7067915, 40.4527666], [-3.7061685, 40.4527299], [-3.7061392, 40.4527454]]]}, "properties": {"ancho_m": 1.5}}, {"type": "Feature", "geometry": {"type": "Polygon", "coordinates": [[[-3.7060606, 40.4529777], [-3.7060976, 40.4529807], [-3.7060813, 40.4530728], [-3.7062135, 40.4530873], [-3.7062097, 40.453098], [-3.7061199, 40.4530883], [-3.7060879, 40.4530993], [-3.7060507, 40.4530937], [-3.7060443, 40.4530819], [-3.7060606, 40.4529777]]]}, "properties": {"ancho_m": 2.2}}, {"type": "Feature", "geometry": {"type": "Polygon", "coordinates": [[[-3.7060606, 40.4529777], [-3.7060626, 40.4529652], [-3.7060852, 40.4529663], [-3.7061246, 40.4527441], [-3.7061416, 40.452728], [-3.7060976, 40.4529807], [-3.7060606, 40.4529777]]]}, "properties": {"ancho_m": 1.2}}, {"type": "Feature", "geometry": {"type": "Polygon", "coordinates": [[[-3.7062097, 40.453098], [-3.7062135, 40.4530873], [-3.7067475, 40.4531441], [-3.7067235, 40.4531512], [-3.7062097, 40.453098]]]}, "properties": {"ancho_m": 1.2}}, {"type": "Feature", "geometry": {"type": "Polygon", "coordinates": [[[-3.7067094, 40.4531401], [-3.7067398, 40.4531147], [-3.7067932, 40.4527547], [-3.7068097, 40.4527694], [-3.7067559, 40.453132], [-3.7067475, 40.4531441], [-3.7067094, 40.4531401]]]}, "properties": {"ancho_m": 1.5}}, {"type": "Feature", "geometry": {"type": "Polygon", "coordinates": [[[-3.7083967, 40.4524407], [-3.7084281, 40.4524414], [-3.7084346, 40.4524477], [-3.7084405, 40.4525002], [-3.7084183, 40.4525006], [-3.7084306, 40.4527568], [-3.7084145, 40.4527637], [-3.7083967, 40.4524407]]]}, "properties": {"ancho_m": 1.7}}, {"type": "Feature", "geometry": {"type": "Polygon", "coordinates": [[[-3.7083967, 40.4524407], [-3.7083968, 40.4524273], [-3.7084281, 40.4524414], [-3.7084087, 40.4524409], [-3.7083967, 40.4524407]]]}, "properties": {"ancho_m": 0.7}}, {"type": "Feature", "geometry": {"type": "Polygon", "coordinates": [[[-3.7082819, 40.4530756], [-3.7082837, 40.4530638], [-3.7083317, 40.4530647], [-3.7083131, 40.4530755], [-3.7082819, 40.4530756]]]}, "properties": {"ancho_m": 1.0}}, {"type": "Feature", "geometry": {"type": "Polygon", "coordinates": [[[-3.7078813, 40.4524347], [-3.7078754, 40.4524239], [-3.7083968, 40.4524273], [-3.7083967, 40.4524407], [-3.7078813, 40.4524347]]]}, "properties": {"ancho_m": 1.4}}, {"type": "Feature", "geometry": {"type": "Polygon", "coordinates": [[[-3.7082837, 40.4530638], [-3.708114, 40.4529153], [-3.7081361, 40.4529042], [-3.7082147, 40.4529976], [-3.7083068, 40.4529523], [-3.7082495, 40.4528843], [-3.7083079, 40.4528555], [-3.7083851, 40.4529388], [-3.7084134, 40.4529071], [-3.7084145, 40.4527637], [-3.7084306, 40.4527568], [-3.7084354, 40.4529184], [-3.7083317, 40.4530647], [-3.7082837, 40.4530638]]]}, "properties": {"ancho_m": 3.7}}, {"type": "Feature", "geometry": {"type": "Polygon", "coordinates": [[[-3.708004, 40.4528288], [-3.7082484, 40.453031], [-3.7082837, 40.4530638], [-3.7082819, 40.4530756], [-3.7080242, 40.4528728], [-3.7079925, 40.4528326], [-3.708004, 40.4528288]]]}, "properties": {"ancho_m": 1.9}}, {"type": "Feature", "geometry": {"type": "Polygon", "coordinates": [[[-3.708004, 40.4528288], [-3.7080169, 40.4528244], [-3.7079431, 40.452672], [-3.7079186, 40.4526717], [-3.7078939, 40.452615], [-3.707914, 40.4526102], [-3.7078485, 40.4524733], [-3.7078265, 40.4524701], [-3.7078248, 40.4524506], [-3.7078371, 40.452434], [-3.7078813, 40.4524347], [-3.7078639, 40.4524601], [-3.7080664, 40.4528786], [-3.708004, 40.4528288]]]}, "properties": {"ancho_m": 2.0}}, {"type": "Feature", "geometry": {"type": "Polygon", "coordinates": [[[-3.7078371, 40.452434], [-3.7078754, 40.4524239], [-3.7078813, 40.4524347], [-3.7078478, 40.4524342], [-3.7078371, 40.452434]]]}, "properties": {"ancho_m": 0.7}}, {"type": "Feature", "geometry": {"type": "Polygon", "coordinates": [[[-3.7044177, 40.4535721], [-3.7045095, 40.4530255], [-3.7045218, 40.4530263], [-3.7045299, 40.4529896], [-3.704553, 40.4529917], [-3.7044572, 40.4535753], [-3.7044177, 40.4535721]]]}, "properties": {"ancho_m": 3.1}}, {"type": "Feature", "geometry": {"type": "Polygon", "coordinates": [[[-3.7044177, 40.4535721], [-3.7045346, 40.4535813], [-3.704548, 40.4535073], [-3.7046444, 40.4535914], [-3.7051151, 40.4536308], [-3.7050996, 40.4536459], [-3.7048011, 40.4536216], [-3.7047994, 40.4536352], [-3.7047392, 40.45363], [-3.7047323, 40.4536135], [-3.7044977, 40.4535913], [-3.7044956, 40.4536087], [-3.7044544, 40.4536059], [-3.7044291, 40.4535923], [-3.7044177, 40.4535721]]]}, "properties": {"ancho_m": 2.3}}, {"type": "Feature", "geometry": {"type": "Polygon", "coordinates": [[[-3.7052017, 40.4530898], [-3.7051731, 40.4530612], [-3.7051757, 40.4530497], [-3.7051906, 40.4530513], [-3.7052152, 40.4530711], [-3.7052173, 40.4530909], [-3.7052017, 40.4530898]]]}, "properties": {"ancho_m": 1.5}}, {"type": "Feature", "geometry": {"type": "Polygon", "coordinates": [[[-3.7051012, 40.4536292], [-3.7052017, 40.4530898], [-3.7052173, 40.4530909], [-3.7051151, 40.4536308], [-3.7051012, 40.4536292]]]}, "properties": {"ancho_m": 1.3}}, {"type": "Feature", "geometry": {"type": "Polygon", "coordinates": [[[-3.7051731, 40.4530612], [-3.7046297, 40.4530044], [-3.7045948, 40.453009], [-3.7045642, 40.4530262], [-3.704542, 40.4530551], [-3.704553, 40.4529917], [-3.7045299, 40.4529896], [-3.7045334, 40.4529736], [-3.7045885, 40.4529707], [-3.7046019, 40.4529874], [-3.7051757, 40.4530497], [-3.7051731, 40.4530612]]]}, "properties": {"ancho_m": 1.5}}, {"type": "Feature", "geometry": {"type": "Polygon", "coordinates": [[[-3.7061543, 40.4526394], [-3.7061567, 40.4526218], [-3.7061889, 40.4526487], [-3.7068025, 40.4526873], [-3.7068009, 40.4526991], [-3.7061807, 40.4526625], [-3.7061543, 40.4526394]]]}, "properties": {"ancho_m": 1.5}}, {"type": "Feature", "geometry": {"type": "Polygon", "coordinates": [[[-3.7062218, 40.4524206], [-3.7064882, 40.4524139], [-3.7068415, 40.4524186], [-3.7068399, 40.4524249], [-3.7062218, 40.4524206]]]}, "properties": {"ancho_m": 0.8}}, {"type": "Feature", "geometry": {"type": "Polygon", "coordinates": [[[-3.7061731, 40.4524441], [-3.7061851, 40.4524225], [-3.7062212, 40.452418], [-3.7061855, 40.4524451], [-3.7061731, 40.4524441]]]}, "properties": {"ancho_m": 1.2}}, {"type": "Feature", "geometry": {"type": "Polygon", "coordinates": [[[-3.7061731, 40.4524441], [-3.7061855, 40.4524451], [-3.7061543, 40.4526394], [-3.7061437, 40.4526238], [-3.7061731, 40.4524441]]]}, "properties": {"ancho_m": 1.1}}, {"type": "Feature", "geometry": {"type": "Polygon", "coordinates": [[[-3.7068009, 40.4526991], [-3.7068399, 40.4524249], [-3.7068415, 40.4524186], [-3.7068595, 40.4524335], [-3.7068404, 40.4525742], [-3.7068235, 40.4526829], [-3.7068009, 40.4526991]]]}, "properties": {"ancho_m": 1.7}}, {"type": "Feature", "geometry": {"type": "Polygon", "coordinates": [[[-3.7084539, 40.4508683], [-3.7084556, 40.4508623], [-3.7084645, 40.4508637], [-3.7090631, 40.4510065], [-3.7093982, 40.4511416], [-3.7093951, 40.4511488], [-3.7090871, 40.4510246], [-3.7084539, 40.4508683]]]}, "properties": {"ancho_m": 1.0}}, {"type": "Feature", "geometry": {"type": "Polygon", "coordinates": [[[-3.7084314, 40.4508743], [-3.7084556, 40.4508623], [-3.7083975, 40.4510109], [-3.7083827, 40.4509989], [-3.7084314, 40.4508743]]]}, "properties": {"ancho_m": 1.4}}, {"type": "Feature", "geometry": {"type": "Polygon", "coordinates": [[[-3.7083827, 40.4509989], [-3.7083976, 40.451011], [-3.7083996, 40.4510458], [-3.7083794, 40.4510314], [-3.7083827, 40.4509989]]]}, "properties": {"ancho_m": 1.1}}, {"type": "Feature", "geometry": {"type": "Polygon", "coordinates": [[[-3.7092977, 40.4514558], [-3.709301, 40.4514133], [-3.7093454, 40.4512558], [-3.7093982, 40.4511416], [-3.7094203, 40.4511515], [-3.7094232, 40.4511653], [-3.7093686, 40.4513019], [-3.7093321, 40.4514294], [-3.7093145, 40.4514517], [-3.7092977, 40.4514558]]]}, "properties": {"ancho_m": 2.8}}, {"type": "Feature", "geometry": {"type": "Polygon", "coordinates": [[[-3.7083996, 40.4510458], [-3.7083976, 40.451011], [-3.70928, 40.4514192], [-3.709301, 40.4514133], [-3.7092977, 40.4514558], [-3.709263, 40.4514474], [-3.7092626, 40.4514304], [-3.7084844, 40.4510673], [-3.7084745, 40.4510811], [-3.7083996, 40.4510458]]]}, "properties": {"ancho_m": 1.9}}, {"type": "Feature", "geometry": {"type": "Polygon", "coordinates": [[[-3.7084642, 40.4508334], [-3.7084686, 40.4508184], [-3.7090405, 40.4509522], [-3.709415, 40.4511029], [-3.7094109, 40.4511124], [-3.7090475, 40.4509717], [-3.7084642, 40.4508334]]]}, "properties": {"ancho_m": 1.7}}, {"type": "Feature", "geometry": {"type": "Polygon", "coordinates": [[[-3.708569, 40.4505454], [-3.7085962, 40.4505579], [-3.7085729, 40.4505616], [-3.7084642, 40.4508334], [-3.7084575, 40.4508133], [-3.708569, 40.4505454]]]}, "properties": {"ancho_m": 1.1}}, {"type": "Feature", "geometry": {"type": "Polygon", "coordinates": [[[-3.708569, 40.4505454], [-3.708585, 40.4505418], [-3.7085978, 40.450548], [-3.7085962, 40.4505579], [-3.708569, 40.4505454]]]}, "properties": {"ancho_m": 0.7}}, {"type": "Feature", "geometry": {"type": "Polygon", "coordinates": [[[-3.7085962, 40.4505579], [-3.7085978, 40.450548], [-3.7094043, 40.4509395], [-3.7094609, 40.4509678], [-3.7094588, 40.4509834], [-3.7085962, 40.4505579]]]}, "properties": {"ancho_m": 1.3}}, {"type": "Feature", "geometry": {"type": "Polygon", "coordinates": [[[-3.7094109, 40.4511124], [-3.7094425, 40.451046], [-3.7094609, 40.4509678], [-3.7094833, 40.4509949], [-3.709467, 40.451067], [-3.7094483, 40.4511132], [-3.709428, 40.451118], [-3.7094109, 40.4511124]]]}, "properties": {"ancho_m": 2.2}}, {"type": "Feature", "geometry": {"type": "Polygon", "coordinates": [[[-3.7093305, 40.4501727], [-3.7088042, 40.4499521], [-3.7088175, 40.4499497], [-3.7091569, 40.4500889], [-3.7093278, 40.4501607], [-3.7093305, 40.4501727]]]}, "properties": {"ancho_m": 1.0}}, {"type": "Feature", "geometry": {"type": "Polygon", "coordinates": [[[-3.7086993, 40.450267], [-3.7087085, 40.4502405], [-3.7089227, 40.4503076], [-3.7089206, 40.4503166], [-3.7087279, 40.4502597], [-3.7087205, 40.4502737], [-3.7086993, 40.450267]]]}, "properties": {"ancho_m": 1.2}}, {"type": "Feature", "geometry": {"type": "Polygon", "coordinates": [[[-3.7088042, 40.4499521], [-3.70882, 40.4499587], [-3.7086993, 40.450267], [-3.7086864, 40.450259], [-3.7086839, 40.4502452], [-3.7087923, 40.4499628], [-3.7088042, 40.4499521]]]}, "properties": {"ancho_m": 1.9}}, {"type": "Feature", "geometry": {"type": "Polygon", "coordinates": [[[-3.7093305, 40.4501727], [-3.7093278, 40.4501607], [-3.7093667, 40.4501834], [-3.7093719, 40.4501984], [-3.7093305, 40.4501727]]]}, "properties": {"ancho_m": 0.8}}, {"type": "Feature", "geometry": {"type": "Polygon", "coordinates": [[[-3.7089297, 40.4506363], [-3.7094524, 40.4508918], [-3.7094724, 40.4508817], [-3.7094677, 40.450917], [-3.709443, 40.4509185], [-3.7093832, 40.4508911], [-3.7093885, 40.4508738], [-3.7089605, 40.4506657], [-3.7089402, 40.4506746], [-3.7089257, 40.4506622], [-3.7089297, 40.4506363]]]}, "properties": {"ancho_m": 1.5}}, {"type": "Feature", "geometry": {"type": "Polygon", "coordinates": [[[-3.7094724, 40.4508817], [-3.7094587, 40.4507025], [-3.7093305, 40.4501727], [-3.7093719, 40.4501984], [-3.7094831, 40.4506508], [-3.7094972, 40.4507491], [-3.7094984, 40.4508853], [-3.7094913, 40.4509026], [-3.7094677, 40.450917], [-3.7094724, 40.4508817]]]}, "properties": {"ancho_m": 2.8}}, {"type": "Feature", "geometry": {"type": "Polygon", "coordinates": [[[-3.7089297, 40.4506363], [-3.7089786, 40.4503659], [-3.7089618, 40.4503325], [-3.7089206, 40.4503166], [-3.7089227, 40.4503076], [-3.708985, 40.4502865], [-3.7089874, 40.4504027], [-3.7089427, 40.4506426], [-3.7089297, 40.4506363]]]}, "properties": {"ancho_m": 1.4}}, {"type": "Feature", "geometry": {"type": "Polygon", "coordinates": [[[-3.7086868, 40.4503028], [-3.7086897, 40.4502943], [-3.7089098, 40.4503616], [-3.708908, 40.450369], [-3.7086868, 40.4503028]]]}, "properties": {"ancho_m": 0.8}}, {"type": "Feature", "geometry": {"type": "Polygon", "coordinates": [[[-3.7085923, 40.450473], [-3.7086653, 40.4502939], [-3.7086897, 40.4502943], [-3.7086085, 40.4504816], [-3.7085923, 40.450473]]]}, "properties": {"ancho_m": 1.7}}, {"type": "Feature", "geometry": {"type": "Polygon", "coordinates": [[[-3.7085923, 40.450473], [-3.7086085, 40.4504816], [-3.7086052, 40.4505018], [-3.7085939, 40.4505051], [-3.7085923, 40.450473]]]}, "properties": {"ancho_m": 1.0}}, {"type": "Feature", "geometry": {"type": "Polygon", "coordinates": [[[-3.7086052, 40.4505018], [-3.7086085, 40.4504816], [-3.7088901, 40.450617], [-3.7088495, 40.4506285], [-3.7088417, 40.4506069], [-3.7086191, 40.4504978], [-3.7086052, 40.4505018]]]}, "properties": {"ancho_m": 1.2}}, {"type": "Feature", "geometry": {"type": "Polygon", "coordinates": [[[-3.7088473, 40.4505962], [-3.7088643, 40.4505909], [-3.7089098, 40.4503616], [-3.7089201, 40.4503689], [-3.7088787, 40.4505774], [-3.7089011, 40.4505829], [-3.7088918, 40.4506155], [-3.7088473, 40.4505962]]]}, "properties": {"ancho_m": 1.1}}, {"type": "Feature", "geometry": {"type": "Polygon", "coordinates": [[[-3.7091565, 40.4494386], [-3.7091082, 40.4494067], [-3.7091021, 40.4494027], [-3.7091603, 40.4494203], [-3.7091857, 40.4494455], [-3.7091565, 40.4494386]]]}, "properties": {"ancho_m": 1.0}}, {"type": "Feature", "geometry": {"type": "Polygon", "coordinates": [[[-3.7073952, 40.449221], [-3.7074648, 40.4492634], [-3.7075762, 40.4493159], [-3.7076788, 40.449347], [-3.7085478, 40.4497604], [-3.7092656, 40.4500578], [-3.7092996, 40.4500359], [-3.7093089, 40.4500773], [-3.7092867, 40.4500804], [-3.7092018, 40.4500475], [-3.7084144, 40.4497131], [-3.7074304, 40.4492622], [-3.7073972, 40.4492441], [-3.7073952, 40.449221]]]}, "properties": {"ancho_m": 1.7}}, {"type": "Feature", "geometry": {"type": "Polygon", "coordinates": [[[-3.7092996, 40.4500359], [-3.7091614, 40.4494566], [-3.7091565, 40.4494386], [-3.7091857, 40.4494455], [-3.7092094, 40.449492], [-3.7092303, 40.4495638], [-3.7093401, 40.4500447], [-3.7093351, 40.4500581], [-3.7092996, 40.4500359]]]}, "properties": {"ancho_m": 3.2}}, {"type": "Feature", "geometry": {"type": "Polygon", "coordinates": [[[-3.7092996, 40.4500359], [-3.7093351, 40.4500581], [-3.7093089, 40.4500773], [-3.7093087, 40.4500762], [-3.7092996, 40.4500359]]]}, "properties": {"ancho_m": 1.1}}, {"type": "Feature", "geometry": {"type": "Polygon", "coordinates": [[[-3.707454, 40.4489121], [-3.7074559, 40.4489008], [-3.7079069, 40.4489474], [-3.708235, 40.4490405], [-3.7086597, 40.4492771], [-3.7091021, 40.4494027], [-3.7091565, 40.4494386], [-3.7086607, 40.4492918], [-3.7082101, 40.4490417], [-3.7079026, 40.4489625], [-3.707454, 40.4489121]]]}, "properties": {"ancho_m": 1.4}}, {"type": "Feature", "geometry": {"type": "Polygon", "coordinates": [[[-3.7074374, 40.4489108], [-3.7074448, 40.4489043], [-3.7074559, 40.4489008], [-3.707454, 40.4489121], [-3.7074374, 40.4489108]]]}, "properties": {"ancho_m": 0.5}}, {"type": "Feature", "geometry": {"type": "Polygon", "coordinates": [[[-3.7073952, 40.449221], [-3.7074346, 40.4489163], [-3.7074374, 40.4489108], [-3.707454, 40.4489121], [-3.7074143, 40.4492281], [-3.7073952, 40.449221]]]}, "properties": {"ancho_m": 1.6}}, {"type": "Feature", "geometry": {"type": "Polygon", "coordinates": [[[-3.7082479, 40.4503006], [-3.7084398, 40.4498019], [-3.7084438, 40.4497986], [-3.7084587, 40.4498051], [-3.7082659, 40.4503099], [-3.7082479, 40.4503006]]]}, "properties": {"ancho_m": 1.7}}, {"type": "Feature", "geometry": {"type": "Polygon", "coordinates": [[[-3.7087574, 40.4499325], [-3.7085913, 40.4498619], [-3.7084438, 40.4497986], [-3.7084591, 40.4497969], [-3.7087442, 40.4499177], [-3.7087574, 40.4499325]]]}, "properties": {"ancho_m": 0.8}}, {"type": "Feature", "geometry": {"type": "Polygon", "coordinates": [[[-3.7085293, 40.4504395], [-3.7086003, 40.4502646], [-3.7087311, 40.4499214], [-3.7087608, 40.4499383], [-3.7087395, 40.4499428], [-3.7087206, 40.4499922], [-3.7087381, 40.4499968], [-3.7087213, 40.4500417], [-3.7086969, 40.4500498], [-3.7086285, 40.4502272], [-3.7086481, 40.4502324], [-3.7086295, 40.450281], [-3.7086031, 40.4502915], [-3.7085573, 40.4504103], [-3.7085748, 40.4504222], [-3.7085591, 40.4504554], [-3.7085293, 40.4504395]]]}, "properties": {"ancho_m": 1.5}}, {"type": "Feature", "geometry": {"type": "Polygon", "coordinates": [[[-3.7085196, 40.4504645], [-3.7085293, 40.4504395], [-3.7085591, 40.4504554], [-3.7085409, 40.4504625], [-3.7085196, 40.4504645]]]}, "properties": {"ancho_m": 1.0}}, {"type": "Feature", "geometry": {"type": "Polygon", "coordinates": [[[-3.7082629, 40.450335], [-3.7082659, 40.4503099], [-3.7085293, 40.4504395], [-3.7085196, 40.4504645], [-3.7084831, 40.4504502], [-3.7084861, 40.4504326], [-3.7082796, 40.4503299], [-3.7082629, 40.450335]]]}, "properties": {"ancho_m": 1.4}}, {"type": "Feature", "geometry": {"type": "Polygon", "coordinates": [[[-3.7082479, 40.4503006], [-3.7082659, 40.4503099], [-3.7082629, 40.450335], [-3.7082527, 40.4503381], [-3.7082479, 40.4503006]]]}, "properties": {"ancho_m": 1.1}}, {"type": "Feature", "geometry": {"type": "Polygon", "coordinates": [[[-3.708197, 40.4496927], [-3.7075901, 40.4494077], [-3.7075279, 40.4493908], [-3.7075649, 40.449389], [-3.708196, 40.4496768], [-3.708197, 40.4496927]]]}, "properties": {"ancho_m": 1.1}}, {"type": "Feature", "geometry": {"type": "Polygon", "coordinates": [[[-3.7079244, 40.4501399], [-3.7081813, 40.4497011], [-3.7081657, 40.4496793], [-3.708197, 40.4496927], [-3.7079403, 40.4501457], [-3.7079244, 40.4501399]]]}, "properties": {"ancho_m": 1.1}}, {"type": "Feature", "geometry": {"type": "Polygon", "coordinates": [[[-3.7075071, 40.4499719], [-3.7075072, 40.4499343], [-3.7079388, 40.450147], [-3.7079226, 40.4501602], [-3.7078983, 40.4501619], [-3.707898, 40.4501427], [-3.707567, 40.4499785], [-3.7075441, 40.4499885], [-3.7075071, 40.4499719]]]}, "properties": {"ancho_m": 1.6}}, {"type": "Feature", "geometry": {"type": "Polygon", "coordinates": [[[-3.7074812, 40.4498916], [-3.7075479, 40.4494208], [-3.7075076, 40.4494241], [-3.7075279, 40.4493908], [-3.7075901, 40.4494077], [-3.7075725, 40.4494195], [-3.707493, 40.4499095], [-3.7074609, 40.4498971], [-3.7074812, 40.4498916]]]}, "properties": {"ancho_m": 1.7}}, {"type": "Feature", "geometry": {"type": "Polygon", "coordinates": [[[-3.7074609, 40.4498971], [-3.707493, 40.4499095], [-3.7075072, 40.4499343], [-3.7075071, 40.4499719], [-3.7074343, 40.449932], [-3.7074275, 40.4499061], [-3.7074609, 40.4498971]]]}, "properties": {"ancho_m": 2.8}}, {"type": "Feature", "geometry": {"type": "Polygon", "coordinates": [[[-3.708184, 40.450268], [-3.708308, 40.4499411], [-3.7083746, 40.4497686], [-3.7084032, 40.449781], [-3.7083845, 40.4498281], [-3.7083657, 40.4498304], [-3.7082065, 40.4502447], [-3.7082237, 40.4502617], [-3.7082121, 40.4502824], [-3.708184, 40.450268]]]}, "properties": {"ancho_m": 1.3}}, {"type": "Feature", "geometry": {"type": "Polygon", "coordinates": [[[-3.7084032, 40.449781], [-3.7082561, 40.449718], [-3.7082392, 40.4497108], [-3.7082589, 40.4497057], [-3.7083989, 40.4497694], [-3.7084032, 40.449781]]]}, "properties": {"ancho_m": 1.0}}, {"type": "Feature", "geometry": {"type": "Polygon", "coordinates": [[[-3.7081668, 40.4502957], [-3.708184, 40.450268], [-3.7082121, 40.4502824], [-3.7081908, 40.4502935], [-3.7081668, 40.4502957]]]}, "properties": {"ancho_m": 1.2}}, {"type": "Feature", "geometry": {"type": "Polygon", "coordinates": [[[-3.7079803, 40.4501676], [-3.708236, 40.4497142], [-3.7082392, 40.4497108], [-3.7082561, 40.449718], [-3.7080443, 40.450095], [-3.7079978, 40.4501763], [-3.7079803, 40.4501676]]]}, "properties": {"ancho_m": 1.7}}, {"type": "Feature", "geometry": {"type": "Polygon", "coordinates": [[[-3.7079803, 40.4501676], [-3.708184, 40.450268], [-3.7081668, 40.4502957], [-3.7081652, 40.4502738], [-3.7080103, 40.4502014], [-3.7079885, 40.4502066], [-3.7079733, 40.450189], [-3.7079803, 40.4501676]]]}, "properties": {"ancho_m": 1.5}}, {"type": "Feature", "geometry": {"type": "Polygon", "coordinates": [[[-3.7070273, 40.4490918], [-3.7070286, 40.4490526], [-3.7070336, 40.4490626], [-3.7073294, 40.4491965], [-3.707329, 40.4492027], [-3.7073081, 40.4492079], [-3.7070683, 40.4490955], [-3.7070531, 40.4491067], [-3.7070273, 40.4490918]]]}, "properties": {"ancho_m": 1.7}}, {"type": "Feature", "geometry": {"type": "Polygon", "coordinates": [[[-3.7073372, 40.4489029], [-3.7073382, 40.4488941], [-3.7073532, 40.4489022], [-3.707353, 40.4489042], [-3.7073372, 40.4489029]]]}, "properties": {"ancho_m": 0.5}}, {"type": "Feature", "geometry": {"type": "Polygon", "coordinates": [[[-3.707313, 40.4491905], [-3.7073234, 40.4490571], [-3.7073372, 40.4489029], [-3.707353, 40.4489042], [-3.7073294, 40.4491965], [-3.707313, 40.4491905]]]}, "properties": {"ancho_m": 1.3}}, {"type": "Feature", "geometry": {"type": "Polygon", "coordinates": [[[-3.7073372, 40.4489029], [-3.7070259, 40.4488694], [-3.7070409, 40.4488596], [-3.7070751, 40.4488577], [-3.7073382, 40.4488941], [-3.7073372, 40.4489029]]]}, "properties": {"ancho_m": 1.4}}, {"type": "Feature", "geometry": {"type": "Polygon", "coordinates": [[[-3.7070259, 40.4488694], [-3.7070574, 40.4488731], [-3.7070328, 40.4488904], [-3.7070273, 40.4490918], [-3.7070095, 40.4490715], [-3.7070069, 40.4490499], [-3.707011, 40.4489054], [-3.7070259, 40.4488694]]]}, "properties": {"ancho_m": 1.6}}, {"type": "Feature", "geometry": {"type": "Polygon", "coordinates": [[[-3.7059936, 40.4487428], [-3.7060301, 40.4487452], [-3.7060282, 40.4487624], [-3.7060059, 40.4487553], [-3.7059936, 40.4487428]]]}, "properties": {"ancho_m": 1.0}}, {"type": "Feature", "geometry": {"type": "Polygon", "coordinates": [[[-3.7059936, 40.4487428], [-3.7059928, 40.4487284], [-3.7060145, 40.448729], [-3.7060236, 40.4486011], [-3.706006, 40.4485882], [-3.7060198, 40.448572], [-3.7060485, 40.4485707], [-3.7060301, 40.4487452], [-3.7059936, 40.4487428]]]}, "properties": {"ancho_m": 1.6}}, {"type": "Feature", "geometry": {"type": "Polygon", "coordinates": [[[-3.7073422, 40.4488607], [-3.7073437, 40.4488488], [-3.7073623, 40.4488501], [-3.7073544, 40.4488569], [-3.7073422, 40.4488607]]]}, "properties": {"ancho_m": 0.6}}, {"type": "Feature", "geometry": {"type": "Polygon", "coordinates": [[[-3.7073437, 40.4488488], [-3.7073652, 40.4486505], [-3.7073637, 40.4486377], [-3.7073834, 40.4486534], [-3.7073653, 40.4488442], [-3.7073623, 40.4488501], [-3.7073437, 40.4488488]]]}, "properties": {"ancho_m": 1.6}}, {"type": "Feature", "geometry": {"type": "Polygon", "coordinates": [[[-3.7060449, 40.4485847], [-3.7060485, 40.4485707], [-3.7065743, 40.4485952], [-3.7073637, 40.4486377], [-3.7073652, 40.4486505], [-3.7060449, 40.4485847]]]}, "properties": {"ancho_m": 1.6}}, {"type": "Feature", "geometry": {"type": "Polygon", "coordinates": [[[-3.7060282, 40.4487624], [-3.7060301, 40.4487452], [-3.7064125, 40.4487771], [-3.7070379, 40.4488138], [-3.7073437, 40.4488488], [-3.7073422, 40.4488607], [-3.7069982, 40.4488265], [-3.7060282, 40.4487624]]]}, "properties": {"ancho_m": 1.7}}, {"type": "Feature", "geometry": {"type": "Polygon", "coordinates": [[[-3.7060749, 40.448276], [-3.7060664, 40.4484999], [-3.7060627, 40.4485146], [-3.7060424, 40.4485136], [-3.7060197, 40.4485], [-3.706021, 40.4484519], [-3.706043, 40.4484524], [-3.7060499, 40.4483095], [-3.7060268, 40.4483089], [-3.7060278, 40.4482892], [-3.7060471, 40.4482766], [-3.7060749, 40.448276]]]}, "properties": {"ancho_m": 2.3}}, {"type": "Feature", "geometry": {"type": "Polygon", "coordinates": [[[-3.7060748, 40.4482863], [-3.7060749, 40.448276], [-3.7067028, 40.4482704], [-3.7072082, 40.448269], [-3.7072206, 40.4482811], [-3.7060748, 40.4482863]]]}, "properties": {"ancho_m": 1.4}}, {"type": "Feature", "geometry": {"type": "Polygon", "coordinates": [[[-3.7073548, 40.4485623], [-3.7072206, 40.4482811], [-3.7072082, 40.448269], [-3.7072402, 40.4482722], [-3.7072577, 40.4482869], [-3.7073728, 40.4485696], [-3.7073579, 40.4485887], [-3.7073548, 40.4485623]]]}, "properties": {"ancho_m": 1.7}}, {"type": "Feature", "geometry": {"type": "Polygon", "coordinates": [[[-3.7060627, 40.4485146], [-3.706067, 40.4484999], [-3.7072109, 40.4485569], [-3.7072661, 40.4485367], [-3.7072651, 40.4485574], [-3.7073548, 40.4485623], [-3.7073579, 40.4485887], [-3.7073161, 40.4485938], [-3.7073086, 40.448579], [-3.7060627, 40.4485146]]]}, "properties": {"ancho_m": 1.9}}, {"type": "Feature", "geometry": {"type": "Polygon", "coordinates": [[[-3.7060549, 40.4476948], [-3.7060839, 40.4476944], [-3.706075, 40.4482362], [-3.7060468, 40.44822], [-3.7060346, 40.4481956], [-3.7060551, 40.4481957], [-3.7060614, 40.4478711], [-3.7060404, 40.4478594], [-3.7060408, 40.4478017], [-3.7060635, 40.447802], [-3.7060637, 40.4477227], [-3.7060418, 40.4477108], [-3.7060549, 40.4476948]]]}, "properties": {"ancho_m": 1.8}}, {"type": "Feature", "geometry": {"type": "Polygon", "coordinates": [[[-3.706075, 40.4482362], [-3.7060751, 40.448207], [-3.7070738, 40.4481946], [-3.7070746, 40.4481595], [-3.7070935, 40.4481567], [-3.7071417, 40.4482039], [-3.7071097, 40.4482217], [-3.7070575, 40.4482284], [-3.7070519, 40.4482107], [-3.7060948, 40.4482224], [-3.7060817, 40.4482381], [-3.706075, 40.4482362]]]}, "properties": {"ancho_m": 1.8}}, {"type": "Feature", "geometry": {"type": "Polygon", "coordinates": [[[-3.7070935, 40.4481567], [-3.7070533, 40.4480317], [-3.7069331, 40.4476673], [-3.706971, 40.4476723], [-3.70699, 40.4476956], [-3.7069745, 40.4477039], [-3.7071261, 40.4481695], [-3.7071483, 40.4481716], [-3.7071417, 40.4482039], [-3.7070935, 40.4481567]]]}, "properties": {"ancho_m": 2.2}}, {"type": "Feature", "geometry": {"type": "Polygon", "coordinates": [[[-3.7069376, 40.447682], [-3.7062195, 40.4476917], [-3.7060549, 40.4476948], [-3.7060784, 40.4476813], [-3.7061026, 40.4476777], [-3.7069331, 40.4476673], [-3.7069376, 40.447682]]]}, "properties": {"ancho_m": 1.6}}, {"type": "Feature", "geometry": {"type": "Polygon", "coordinates": [[[-3.7067852, 40.4472126], [-3.7067603, 40.4471956], [-3.7059277, 40.447147], [-3.7059288, 40.4471359], [-3.7058086, 40.4471296], [-3.7057903, 40.4471219], [-3.7057721, 40.4471277], [-3.7055812, 40.4471178], [-3.7055805, 40.4471278], [-3.7045574, 40.4470713], [-3.7045234, 40.4470913], [-3.7045238, 40.4470227], [-3.7067033, 40.4471448], [-3.7067501, 40.4471572], [-3.7067798, 40.4471745], [-3.7068124, 40.4472168], [-3.7067852, 40.4472126]]]}, "properties": {"ancho_m": 4.7}}, {"type": "Feature", "geometry": {"type": "Polygon", "coordinates": [[[-3.7045238, 40.4470227], [-3.7045234, 40.4470913], [-3.7045051, 40.4471436], [-3.7044761, 40.4471943], [-3.7044027, 40.4472776], [-3.7043766, 40.4472615], [-3.7042971, 40.4473233], [-3.7042466, 40.4473524], [-3.7041456, 40.44739], [-3.7040385, 40.4474123], [-3.7040344, 40.4474412], [-3.7040064, 40.4474438], [-3.7040155, 40.4473971], [-3.7040491, 40.4473521], [-3.7041002, 40.4473181], [-3.7042232, 40.4472658], [-3.7042918, 40.447219], [-3.7043496, 40.4471564], [-3.7044195, 40.4470471], [-3.7044675, 40.4470254], [-3.7045238, 40.4470227]]]}, "properties": {"ancho_m": 7.9}}, {"type": "Feature", "geometry": {"type": "Polygon", "coordinates": [[[-3.7040064, 40.4474438], [-3.7040344, 40.4474412], [-3.7040155, 40.4475728], [-3.7040544, 40.4475761], [-3.704041, 40.4476683], [-3.7040012, 40.4476603], [-3.7039823, 40.4476341], [-3.7040064, 40.4474438]]]}, "properties": {"ancho_m": 2.9}}, {"type": "Feature", "geometry": {"type": "Polygon", "coordinates": [[[-3.7069193, 40.4476224], [-3.7068498, 40.4474104], [-3.7067852, 40.4472126], [-3.7068124, 40.4472168], [-3.7068158, 40.4472235], [-3.7069321, 40.4475786], [-3.7069517, 40.4475783], [-3.7069495, 40.4476028], [-3.7069304, 40.4476191], [-3.7069193, 40.4476224]]]}, "properties": {"ancho_m": 2.2}}, {"type": "Feature", "geometry": {"type": "Polygon", "coordinates": [[[-3.704041, 40.4476683], [-3.7040456, 40.4476347], [-3.7069107, 40.4475947], [-3.7069193, 40.4476224], [-3.7068894, 40.4476254], [-3.7068806, 40.4476108], [-3.7040739, 40.4476501], [-3.7040752, 40.4476688], [-3.704041, 40.4476683]]]}, "properties": {"ancho_m": 1.9}}, {"type": "Feature", "geometry": {"type": "Polygon", "coordinates": [[[-3.7048038, 40.4488126], [-3.7046026, 40.4488025], [-3.7046089, 40.4487259], [-3.7039292, 40.4486886], [-3.7039291, 40.4486805], [-3.7038917, 40.4486784], [-3.7038907, 40.4486706], [-3.7047984, 40.4487229], [-3.7048038, 40.4488126]]]}, "properties": {"ancho_m": 3.0}}, {"type": "Feature", "geometry": {"type": "Polygon", "coordinates": [[[-3.7046757, 40.4494795], [-3.7047748, 40.4488105], [-3.7048038, 40.4488126], [-3.7047094, 40.4494828], [-3.7046757, 40.4494795]]]}, "properties": {"ancho_m": 2.9}}, {"type": "Feature", "geometry": {"type": "Polygon", "coordinates": [[[-3.7046739, 40.4494957], [-3.7046757, 40.4494795], [-3.7047094, 40.4494828], [-3.7046984, 40.4494958], [-3.7046739, 40.4494957]]]}, "properties": {"ancho_m": 1.1}}, {"type": "Feature", "geometry": {"type": "Polygon", "coordinates": [[[-3.7037857, 40.4494069], [-3.7046757, 40.4494795], [-3.7046739, 40.4494957], [-3.7037832, 40.4494223], [-3.7037857, 40.4494069]]]}, "properties": {"ancho_m": 1.8}}, {"type": "Feature", "geometry": {"type": "Polygon", "coordinates": [[[-3.7038907, 40.4486706], [-3.7038917, 40.4486784], [-3.7038713, 40.4486772], [-3.7038648, 40.4487331], [-3.7038849, 40.4487348], [-3.703854, 40.4489386], [-3.7038325, 40.4489371], [-3.7038294, 40.4489642], [-3.7038498, 40.4489657], [-3.703811, 40.4492208], [-3.7037874, 40.4492201], [-3.703761, 40.4494049], [-3.7037857, 40.4494069], [-3.7037832, 40.4494223], [-3.703732, 40.4494147], [-3.70372, 40.449399], [-3.7038142, 40.4487053], [-3.7038223, 40.4486864], [-3.7038439, 40.4486693], [-3.7038907, 40.4486706]]]}, "properties": {"ancho_m": 4.7}}, {"type": "Feature", "geometry": {"type": "Polygon", "coordinates": [[[-3.7069811, 40.4504633], [-3.7071751, 40.4504255], [-3.7071671, 40.4504499], [-3.7072357, 40.4504774], [-3.7072651, 40.45047], [-3.7072562, 40.4504908], [-3.7071528, 40.4504707], [-3.7071349, 40.450456], [-3.7069899, 40.4504848], [-3.7069801, 40.4504802], [-3.7069811, 40.4504633]]]}, "properties": {"ancho_m": 2.0}}, {"type": "Feature", "geometry": {"type": "Polygon", "coordinates": [[[-3.7073446, 40.4499461], [-3.7073445, 40.4499352], [-3.7073799, 40.4499676], [-3.7073631, 40.4499574], [-3.7073446, 40.4499461]]]}, "properties": {"ancho_m": 0.6}}, {"type": "Feature", "geometry": {"type": "Polygon", "coordinates": [[[-3.7072592, 40.4504903], [-3.7072819, 40.4503789], [-3.7073446, 40.4499461], [-3.7073816, 40.4499725], [-3.7073734, 40.4500453], [-3.7073478, 40.4500516], [-3.7073041, 40.4503531], [-3.7072768, 40.450477], [-3.7072592, 40.4504903]]]}, "properties": {"ancho_m": 1.8}}, {"type": "Feature", "geometry": {"type": "Polygon", "coordinates": [[[-3.7070067, 40.449895], [-3.7070126, 40.449879], [-3.7072357, 40.4498767], [-3.7073445, 40.4499352], [-3.7073446, 40.4499461], [-3.7072556, 40.4499016], [-3.7072366, 40.4498837], [-3.707022, 40.4498841], [-3.7070067, 40.449895]]]}, "properties": {"ancho_m": 0.8}}, {"type": "Feature", "geometry": {"type": "Polygon", "coordinates": [[[-3.7070077, 40.4498821], [-3.7069962, 40.4504609], [-3.7069802, 40.4504634], [-3.7069895, 40.4499105], [-3.7070077, 40.4498821]]]}, "properties": {"ancho_m": 1.3}}, {"type": "Feature", "geometry": {"type": "Polygon", "coordinates": [[[-3.7079708, 40.4508146], [-3.7080487, 40.4506159], [-3.7080731, 40.4506263], [-3.7080752, 40.450644], [-3.7080542, 40.4506546], [-3.7080087, 40.4507671], [-3.7080146, 40.450776], [-3.7079975, 40.4508265], [-3.707974, 40.4508161], [-3.707901, 40.4507821], [-3.7079708, 40.4508146]]]}, "properties": {"ancho_m": 1.4}}, {"type": "Feature", "geometry": {"type": "Polygon", "coordinates": [[[-3.7074213, 40.4504078], [-3.7074267, 40.4503849], [-3.7074379, 40.4503857], [-3.7080487, 40.4506159], [-3.7080417, 40.4506337], [-3.7080321, 40.4506185], [-3.7074483, 40.4503968], [-3.7074213, 40.4504078]]]}, "properties": {"ancho_m": 0.9}}, {"type": "Feature", "geometry": {"type": "Polygon", "coordinates": [[[-3.7079609, 40.4508443], [-3.707974, 40.4508161], [-3.7079975, 40.4508265], [-3.7079869, 40.4508389], [-3.7079609, 40.4508443]]]}, "properties": {"ancho_m": 1.1}}, {"type": "Feature", "geometry": {"type": "Polygon", "coordinates": [[[-3.7073852, 40.4505788], [-3.7073921, 40.4505467], [-3.707974, 40.4508161], [-3.7079609, 40.4508443], [-3.7078914, 40.4508134], [-3.707889, 40.4507957], [-3.7074419, 40.4505852], [-3.7074267, 40.4505978], [-3.7073852, 40.4505788]]]}, "properties": {"ancho_m": 1.9}}, {"type": "Feature", "geometry": {"type": "Polygon", "coordinates": [[[-3.7074267, 40.4503849], [-3.7074213, 40.4504078], [-3.7073852, 40.4505788], [-3.7073707, 40.4505701], [-3.7073669, 40.4505568], [-3.7074018, 40.4503949], [-3.7074267, 40.4503849]]]}, "properties": {"ancho_m": 1.7}}, {"type": "Feature", "geometry": {"type": "Polygon", "coordinates": [[[-3.7083231, 40.4509507], [-3.7083658, 40.4508435], [-3.7085003, 40.4505138], [-3.7085272, 40.4505262], [-3.7085259, 40.450543], [-3.7085102, 40.4505809], [-3.7084906, 40.4505822], [-3.7083424, 40.4509486], [-3.7083558, 40.4509577], [-3.7083494, 40.450972], [-3.7083231, 40.4509507]]]}, "properties": {"ancho_m": 1.6}}, {"type": "Feature", "geometry": {"type": "Polygon", "coordinates": [[[-3.7085003, 40.4505138], [-3.7085048, 40.4505022], [-3.7085272, 40.4505262], [-3.7085116, 40.450519], [-3.7085003, 40.4505138]]]}, "properties": {"ancho_m": 0.7}}, {"type": "Feature", "geometry": {"type": "Polygon", "coordinates": [[[-3.7082561, 40.4503928], [-3.7082576, 40.4503797], [-3.7085048, 40.4505022], [-3.7085003, 40.4505138], [-3.7082561, 40.4503928]]]}, "properties": {"ancho_m": 1.2}}, {"type": "Feature", "geometry": {"type": "Polygon", "coordinates": [[[-3.7082805, 40.450991], [-3.7082893, 40.4509606], [-3.7083231, 40.4509507], [-3.7083494, 40.450972], [-3.7083402, 40.4509926], [-3.708327, 40.4509978], [-3.7083013, 40.4509999], [-3.7082805, 40.450991]]]}, "properties": {"ancho_m": 2.6}}, {"type": "Feature", "geometry": {"type": "Polygon", "coordinates": [[[-3.7080587, 40.4508881], [-3.708061, 40.4508546], [-3.7082893, 40.4509606], [-3.7082805, 40.450991], [-3.7082787, 40.4509735], [-3.7081196, 40.4509016], [-3.7081113, 40.4509132], [-3.7080587, 40.4508881]]]}, "properties": {"ancho_m": 1.8}}, {"type": "Feature", "geometry": {"type": "Polygon", "coordinates": [[[-3.708217, 40.4503899], [-3.7082375, 40.4503782], [-3.7082576, 40.4503797], [-3.7082561, 40.4503928], [-3.7082326, 40.4503992], [-3.708217, 40.4503899]]]}, "properties": {"ancho_m": 1.2}}, {"type": "Feature", "geometry": {"type": "Polygon", "coordinates": [[[-3.7080469, 40.4508483], [-3.7081108, 40.4506718], [-3.708217, 40.4503899], [-3.7082326, 40.4503992], [-3.7080605, 40.4508544], [-3.7080469, 40.4508483]]]}, "properties": {"ancho_m": 1.4}}, {"type": "Feature", "geometry": {"type": "Polygon", "coordinates": [[[-3.7080469, 40.4508483], [-3.708061, 40.4508546], [-3.7080587, 40.4508881], [-3.7080404, 40.4508738], [-3.7080469, 40.4508483]]]}, "properties": {"ancho_m": 1.1}}, {"type": "Feature", "geometry": {"type": "Polygon", "coordinates": [[[-3.7082808, 40.4510575], [-3.7082676, 40.451036], [-3.7082708, 40.4510249], [-3.7083096, 40.4510458], [-3.7083071, 40.4510757], [-3.7082808, 40.4510575]]]}, "properties": {"ancho_m": 1.6}}, {"type": "Feature", "geometry": {"type": "Polygon", "coordinates": [[[-3.7080554, 40.4509364], [-3.7080562, 40.4509246], [-3.7082708, 40.4510249], [-3.7082676, 40.451036], [-3.7080554, 40.4509364]]]}, "properties": {"ancho_m": 1.1}}, {"type": "Feature", "geometry": {"type": "Polygon", "coordinates": [[[-3.7082808, 40.4510575], [-3.7083071, 40.4510757], [-3.7082919, 40.4511121], [-3.7082711, 40.4511177], [-3.7082224, 40.4512322], [-3.7082433, 40.4512378], [-3.7082025, 40.4513381], [-3.7081777, 40.4513401], [-3.7080645, 40.4516144], [-3.7080825, 40.4516197], [-3.708064, 40.4516586], [-3.70803, 40.451659], [-3.7082808, 40.4510575]]]}, "properties": {"ancho_m": 1.7}}, {"type": "Feature", "geometry": {"type": "Polygon", "coordinates": [[[-3.7080145, 40.4509344], [-3.7080304, 40.4509187], [-3.7080562, 40.4509246], [-3.7080554, 40.4509364], [-3.7080284, 40.4509437], [-3.7080145, 40.4509344]]]}, "properties": {"ancho_m": 1.4}}, {"type": "Feature", "geometry": {"type": "Polygon", "coordinates": [[[-3.7080222, 40.4516777], [-3.70803, 40.451659], [-3.708064, 40.4516586], [-3.7080508, 40.4516735], [-3.7080222, 40.4516777]]]}, "properties": {"ancho_m": 1.1}}, {"type": "Feature", "geometry": {"type": "Polygon", "coordinates": [[[-3.7078057, 40.4516737], [-3.7078189, 40.4516567], [-3.70803, 40.451659], [-3.7080222, 40.4516777], [-3.7078057, 40.4516737]]]}, "properties": {"ancho_m": 1.8}}, {"type": "Feature", "geometry": {"type": "Polygon", "coordinates": [[[-3.7080145, 40.4509344], [-3.7080284, 40.4509437], [-3.7077891, 40.4516281], [-3.7077731, 40.451629], [-3.7080145, 40.4509344]]]}, "properties": {"ancho_m": 1.4}}, {"type": "Feature", "geometry": {"type": "Polygon", "coordinates": [[[-3.7077731, 40.451629], [-3.7077891, 40.4516281], [-3.7078189, 40.4516567], [-3.7078057, 40.4516737], [-3.7077774, 40.451653], [-3.7077731, 40.451629]]]}, "properties": {"ancho_m": 1.7}}, {"type": "Feature", "geometry": {"type": "Polygon", "coordinates": [[[-3.707687, 40.4507662], [-3.7077189, 40.4507817], [-3.7077036, 40.4507881], [-3.7074826, 40.4516399], [-3.7075099, 40.4516595], [-3.7074667, 40.4516617], [-3.7074571, 40.4516408], [-3.707687, 40.4507662]]]}, "properties": {"ancho_m": 2.0}}, {"type": "Feature", "geometry": {"type": "Polygon", "coordinates": [[[-3.7079417, 40.4508857], [-3.7079466, 40.4508752], [-3.7079683, 40.4508912], [-3.7079738, 40.4509072], [-3.7079417, 40.4508857]]]}, "properties": {"ancho_m": 0.8}}, {"type": "Feature", "geometry": {"type": "Polygon", "coordinates": [[[-3.7079417, 40.4508857], [-3.7079738, 40.4509075], [-3.707962, 40.4509399], [-3.707939, 40.4509583], [-3.7078866, 40.4511076], [-3.7077387, 40.4515461], [-3.7077517, 40.4515653], [-3.7077264, 40.4516319], [-3.7076901, 40.4516341], [-3.7079417, 40.4508857]]]}, "properties": {"ancho_m": 1.6}}, {"type": "Feature", "geometry": {"type": "Polygon", "coordinates": [[[-3.7079417, 40.4508857], [-3.7076888, 40.4507636], [-3.7077031, 40.4507623], [-3.70794, 40.4508718], [-3.7079466, 40.4508752], [-3.7079417, 40.4508857]]]}, "properties": {"ancho_m": 1.0}}, {"type": "Feature", "geometry": {"type": "Polygon", "coordinates": [[[-3.7076557, 40.4516624], [-3.7076938, 40.4516467], [-3.7076847, 40.4516374], [-3.7076901, 40.4516341], [-3.7077264, 40.4516319], [-3.7077151, 40.4516492], [-3.7076872, 40.4516663], [-3.7076528, 40.4516721], [-3.7076557, 40.4516624]]]}, "properties": {"ancho_m": 1.2}}, {"type": "Feature", "geometry": {"type": "Polygon", "coordinates": [[[-3.7074667, 40.4516617], [-3.7075653, 40.4516572], [-3.7075662, 40.4516652], [-3.7075804, 40.4516647], [-3.7076063, 40.4516635], [-3.7076054, 40.4516554], [-3.707654, 40.4516534], [-3.7076557, 40.4516624], [-3.7076528, 40.4516721], [-3.7074933, 40.4516772], [-3.7074667, 40.4516617]]]}, "properties": {"ancho_m": 1.5}}, {"type": "Feature", "geometry": {"type": "Polygon", "coordinates": [[[-3.7085088, 40.4473962], [-3.7085389, 40.4473858], [-3.7085652, 40.4474336], [-3.7085385, 40.4474436], [-3.7085088, 40.4473962]]]}, "properties": {"ancho_m": 1.8}}, {"type": "Feature", "geometry": {"type": "Polygon", "coordinates": [[[-3.7088888, 40.4480565], [-3.7089593, 40.4480298], [-3.7089881, 40.4480746], [-3.7089169, 40.4481017], [-3.7088888, 40.4480565]]]}, "properties": {"ancho_m": 3.0}}, {"type": "Feature", "geometry": {"type": "Polygon", "coordinates": [[[-3.7096457, 40.4492445], [-3.7097153, 40.4492157], [-3.7097433, 40.4492632], [-3.7096749, 40.4492911], [-3.7096457, 40.4492445]]]}, "properties": {"ancho_m": 3.1}}, {"type": "Feature", "geometry": {"type": "Polygon", "coordinates": [[[-3.7089902, 40.4493288], [-3.7090206, 40.4492998], [-3.7084377, 40.448707], [-3.708161, 40.4484114], [-3.7080088, 40.4481754], [-3.7079882, 40.4481233], [-3.7079771, 40.4480792], [-3.7079821, 40.44799], [-3.7080049, 40.447916], [-3.7080362, 40.4478653], [-3.7080537, 40.4478454], [-3.7084304, 40.447562], [-3.7084407, 40.4475835], [-3.7081561, 40.4477943], [-3.7080672, 40.4478786], [-3.708011, 40.4479909], [-3.7080057, 40.4480398], [-3.7080124, 40.4481023], [-3.7080403, 40.4481732], [-3.708117, 40.4483078], [-3.7082506, 40.4484812], [-3.7090455, 40.4492921], [-3.7090518, 40.449313], [-3.709041, 40.449335], [-3.7089902, 40.4493288]]]}, "properties": {"ancho_m": 2.3}}, {"type": "Feature", "geometry": {"type": "Polygon", "coordinates": [[[-3.7089902, 40.4493288], [-3.7090407, 40.4493349], [-3.709041, 40.449335], [-3.7090142, 40.4493446], [-3.7089902, 40.4493288]]]}, "properties": {"ancho_m": 0.7}}, {"type": "Feature", "geometry": {"type": "Polygon", "coordinates": [[[-3.7082506, 40.4472802], [-3.7081928, 40.4472357], [-3.7082619, 40.4472463], [-3.7083182, 40.4472838], [-3.7082506, 40.4472802]]]}, "properties": {"ancho_m": 2.0}}, {"type": "Feature", "geometry": {"type": "Polygon", "coordinates": [[[-3.7069128, 40.4472326], [-3.7068831, 40.4472279], [-3.7068756, 40.4472013], [-3.7068864, 40.447176], [-3.7069159, 40.447162], [-3.7081928, 40.4472357], [-3.7082506, 40.4472802], [-3.7069432, 40.4472062], [-3.7069128, 40.4472326]]]}, "properties": {"ancho_m": 4.7}}, {"type": "Feature", "geometry": {"type": "Polygon", "coordinates": [[[-3.7084407, 40.4475835], [-3.7082506, 40.4472802], [-3.7083182, 40.4472838], [-3.7084646, 40.4475268], [-3.7084631, 40.4475596], [-3.7084407, 40.4475835]]]}, "properties": {"ancho_m": 4.1}}, {"type": "Feature", "geometry": {"type": "Polygon", "coordinates": [[[-3.7074605, 40.4488724], [-3.7074629, 40.448858], [-3.7079399, 40.4489128], [-3.7082532, 40.4489946], [-3.7084098, 40.449081], [-3.708538, 40.4491631], [-3.7086447, 40.4492138], [-3.7089902, 40.4493288], [-3.7090142, 40.4493446], [-3.7086979, 40.4492525], [-3.7085639, 40.4491916], [-3.7082391, 40.449008], [-3.7079172, 40.448925], [-3.7074605, 40.4488724]]]}, "properties": {"ancho_m": 1.7}}, {"type": "Feature", "geometry": {"type": "Polygon", "coordinates": [[[-3.7074153, 40.4488542], [-3.7074629, 40.448858], [-3.7074605, 40.4488724], [-3.7074345, 40.4488678], [-3.7074153, 40.4488542]]]}, "properties": {"ancho_m": 1.0}}, {"type": "Feature", "geometry": {"type": "Polygon", "coordinates": [[[-3.7074153, 40.4488542], [-3.7074082, 40.4488264], [-3.707428, 40.448821], [-3.7074504, 40.4486217], [-3.7074441, 40.448591], [-3.7073033, 40.4482455], [-3.7072328, 40.4482254], [-3.7071954, 40.448193], [-3.7068831, 40.4472279], [-3.7069128, 40.4472326], [-3.7071991, 40.448111], [-3.7072499, 40.4481143], [-3.7073243, 40.4482417], [-3.7074841, 40.4486336], [-3.7074629, 40.448858], [-3.7074153, 40.4488542]]]}, "properties": {"ancho_m": 2.7}}, {"type": "Feature", "geometry": {"type": "Polygon", "coordinates": [[[-3.7059168, 40.4487377], [-3.7059348, 40.4487405], [-3.7059149, 40.4487594], [-3.7059154, 40.4487534], [-3.7059168, 40.4487377]]]}, "properties": {"ancho_m": 0.8}}, {"type": "Feature", "geometry": {"type": "Polygon", "coordinates": [[[-3.7059168, 40.4487377], [-3.7059508, 40.4482682], [-3.705966, 40.447696], [-3.705996, 40.4476956], [-3.7060025, 40.4477101], [-3.705982, 40.4477215], [-3.7059689, 40.448269], [-3.7059895, 40.4482694], [-3.7059666, 40.4485635], [-3.7059444, 40.4485728], [-3.7059346, 40.4487389], [-3.7059168, 40.4487377]]]}, "properties": {"ancho_m": 1.9}}, {"type": "Feature", "geometry": {"type": "Polygon", "coordinates": [[[-3.7038969, 40.4486399], [-3.703925, 40.4486256], [-3.7045799, 40.4486603], [-3.7051617, 40.4487009], [-3.7059168, 40.4487377], [-3.7059149, 40.4487594], [-3.7038969, 40.4486399]]]}, "properties": {"ancho_m": 1.9}}, {"type": "Feature", "geometry": {"type": "Polygon", "coordinates": [[[-3.7040359, 40.4477059], [-3.7039607, 40.4482037], [-3.70394, 40.448205], [-3.7039337, 40.448251], [-3.7039531, 40.4482528], [-3.7039441, 40.4483106], [-3.7039266, 40.4483081], [-3.703911, 40.4484024], [-3.70393, 40.4484047], [-3.7039144, 40.4485123], [-3.703891, 40.4485111], [-3.7038755, 40.4486222], [-3.7038978, 40.4486237], [-3.7039001, 40.448605], [-3.7039227, 40.4486256], [-3.7038831, 40.4486416], [-3.7038476, 40.4486282], [-3.7038337, 40.4486026], [-3.7039698, 40.4477183], [-3.7039933, 40.4477065], [-3.7040359, 40.4477059]]]}, "properties": {"ancho_m": 4.7}}, {"type": "Feature", "geometry": {"type": "Polygon", "coordinates": [[[-3.7040359, 40.4477059], [-3.7058199, 40.4476808], [-3.7059618, 40.4476801], [-3.705996, 40.4476956], [-3.7040335, 40.4477231], [-3.7040359, 40.4477059]]]}, "properties": {"ancho_m": 1.9}}, {"type": "Feature", "geometry": {"type": "Polygon", "coordinates": [[[-3.7116836, 40.452224], [-3.7117019, 40.4522169], [-3.7117311, 40.4522579], [-3.7117111, 40.4522662], [-3.7116836, 40.452224]]]}, "properties": {"ancho_m": 1.4}}, {"type": "Feature", "geometry": {"type": "Polygon", "coordinates": [[[-3.7093266, 40.4494789], [-3.709356, 40.4494594], [-3.709392, 40.449461], [-3.7093752, 40.4494904], [-3.7093266, 40.4494789]]]}, "properties": {"ancho_m": 1.7}}, {"type": "Feature", "geometry": {"type": "Polygon", "coordinates": [[[-3.7094602, 40.4501359], [-3.7093139, 40.4495065], [-3.7093266, 40.4494789], [-3.7093752, 40.4494904], [-3.7093436, 40.449515], [-3.709498, 40.4501594], [-3.7095667, 40.4501891], [-3.709498, 40.4501594], [-3.7094602, 40.4501359]]]}, "properties": {"ancho_m": 2.3}}, {"type": "Feature", "geometry": {"type": "Polygon", "coordinates": [[[-3.7094602, 40.4501359], [-3.709498, 40.4501594], [-3.7095028, 40.4501776], [-3.709466, 40.4501577], [-3.7094602, 40.4501359]]]}, "properties": {"ancho_m": 1.0}}, {"type": "Feature", "geometry": {"type": "Polygon", "coordinates": [[[-3.7111268, 40.4517626], [-3.7105321, 40.4508401], [-3.7104181, 40.450648], [-3.7097418, 40.4495864], [-3.7098772, 40.4496317], [-3.7099454, 40.4497145], [-3.7099116, 40.4497694], [-3.7100078, 40.4499206], [-3.7100075, 40.449974], [-3.7102379, 40.4503518], [-3.7111562, 40.4517853], [-3.7111505, 40.4517877], [-3.7111338, 40.4517607], [-3.7111268, 40.4517626]]]}, "properties": {"ancho_m": 1.7}}, {"type": "Feature", "geometry": {"type": "Polygon", "coordinates": [[[-3.7102633, 40.4517706], [-3.7102585, 40.4517382], [-3.7102858, 40.4517276], [-3.7102904, 40.4517657], [-3.7102725, 40.4517737], [-3.7102633, 40.4517706]]]}, "properties": {"ancho_m": 1.5}}, {"type": "Feature", "geometry": {"type": "Polygon", "coordinates": [[[-3.7108047, 40.4512755], [-3.7107327, 40.4511606], [-3.7106795, 40.4510635], [-3.7108234, 40.4512887], [-3.7108047, 40.4512755]]]}, "properties": {"ancho_m": 0.6}}, {"type": "Feature", "geometry": {"type": "Polygon", "coordinates": [[[-3.7099952, 40.4518066], [-3.7100871, 40.4518113], [-3.7102723, 40.4517319], [-3.7102844, 40.4517161], [-3.7102858, 40.4517276], [-3.7102585, 40.4517382], [-3.7102633, 40.4517706], [-3.7102496, 40.451766], [-3.7100877, 40.4518302], [-3.7100763, 40.4518554], [-3.7100526, 40.4518614], [-3.7100252, 40.4518574], [-3.7100044, 40.4518382], [-3.7099952, 40.4518066]]]}, "properties": {"ancho_m": 2.3}}, {"type": "Feature", "geometry": {"type": "Polygon", "coordinates": [[[-3.7097418, 40.4495864], [-3.7096704, 40.4495339], [-3.709809, 40.4495779], [-3.7098772, 40.4496317], [-3.7097418, 40.4495864]]]}, "properties": {"ancho_m": 2.1}}, {"type": "Feature", "geometry": {"type": "Polygon", "coordinates": [[[-3.7099952, 40.4518066], [-3.7100163, 40.4517811], [-3.7100141, 40.451723], [-3.7100512, 40.4513075], [-3.7100776, 40.4506091], [-3.7100814, 40.4504411], [-3.7100719, 40.4504261], [-3.7101091, 40.4504211], [-3.7100762, 40.4513348], [-3.7100364, 40.4517277], [-3.7100394, 40.4517436], [-3.7100871, 40.4518113], [-3.7099952, 40.4518066]]]}, "properties": {"ancho_m": 2.1}}, {"type": "Feature", "geometry": {"type": "Polygon", "coordinates": [[[-3.7095028, 40.4501776], [-3.709498, 40.4501594], [-3.7101091, 40.4504211], [-3.7100719, 40.4504261], [-3.7095028, 40.4501776]]]}, "properties": {"ancho_m": 1.5}}, {"type": "Feature", "geometry": {"type": "Polygon", "coordinates": [[[-3.7093752, 40.4494904], [-3.709392, 40.449461], [-3.7096704, 40.4495339], [-3.7097418, 40.4495864], [-3.7093752, 40.4494904]]]}, "properties": {"ancho_m": 2.9}}, {"type": "Feature", "geometry": {"type": "Polygon", "coordinates": [[[-3.7115428, 40.4524152], [-3.711583, 40.4523966], [-3.7115801, 40.4524191], [-3.7115631, 40.4524347], [-3.7115428, 40.4524152]]]}, "properties": {"ancho_m": 1.4}}, {"type": "Feature", "geometry": {"type": "Polygon", "coordinates": [[[-3.7114949, 40.4523405], [-3.7113414, 40.4520964], [-3.7112378, 40.4519289], [-3.7113, 40.452019], [-3.7114074, 40.4521261], [-3.711583, 40.4523966], [-3.7115428, 40.4524152], [-3.7115496, 40.4524008], [-3.71151, 40.4523403], [-3.7114949, 40.4523405]]]}, "properties": {"ancho_m": 2.5}}, {"type": "Feature", "geometry": {"type": "Polygon", "coordinates": [[[-3.7109315, 40.4524809], [-3.7110365, 40.4524892], [-3.7115428, 40.4524152], [-3.7115586, 40.4524355], [-3.7111499, 40.4525071], [-3.7110397, 40.4525137], [-3.7109782, 40.4525119], [-3.7108986, 40.4524959], [-3.7108755, 40.4525107], [-3.7107474, 40.4524822], [-3.7107341, 40.4524729], [-3.7107303, 40.452433], [-3.7109315, 40.4524809]]]}, "properties": {"ancho_m": 3.1}}, {"type": "Feature", "geometry": {"type": "Polygon", "coordinates": [[[-3.7107303, 40.452433], [-3.7107033, 40.452388], [-3.7107156, 40.4523696], [-3.7105825, 40.4521707], [-3.7105629, 40.4521776], [-3.7105371, 40.4521361], [-3.7105594, 40.452127], [-3.7104224, 40.4519137], [-3.7104012, 40.4519215], [-3.7103455, 40.4518337], [-3.7103832, 40.4518185], [-3.7107741, 40.4524278], [-3.7108026, 40.4524492], [-3.7107303, 40.452433]]]}, "properties": {"ancho_m": 2.2}}, {"type": "Feature", "geometry": {"type": "Polygon", "coordinates": [[[-3.7103499, 40.451793], [-3.7103832, 40.4518185], [-3.7103455, 40.4518337], [-3.7103374, 40.4518141], [-3.7103499, 40.451793]]]}, "properties": {"ancho_m": 1.5}}, {"type": "Feature", "geometry": {"type": "Polygon", "coordinates": [[[-3.7095733, 40.4520636], [-3.70964, 40.4521348], [-3.7097361, 40.4521855], [-3.709915, 40.4522592], [-3.7102639, 40.4523561], [-3.7105449, 40.4523914], [-3.7106574, 40.4524166], [-3.710653, 40.4524481], [-3.710641, 40.4524538], [-3.7104828, 40.4524287], [-3.7104866, 40.4524087], [-3.7102068, 40.4523661], [-3.7100659, 40.4523297], [-3.7098491, 40.4522602], [-3.7098347, 40.4522717], [-3.709715, 40.4522218], [-3.7095934, 40.4521557], [-3.7095651, 40.4521299], [-3.7095533, 40.452107], [-3.7095563, 40.4520857], [-3.7095733, 40.4520636]]]}, "properties": {"ancho_m": 3.3}}, {"type": "Feature", "geometry": {"type": "Polygon", "coordinates": [[[-3.7105449, 40.4523914], [-3.7106073, 40.4523757], [-3.7102764, 40.4518615], [-3.7103098, 40.451848], [-3.7103267, 40.4518721], [-3.7103132, 40.4518903], [-3.7105928, 40.4523261], [-3.7106109, 40.4523197], [-3.7106496, 40.4523833], [-3.7106574, 40.4524166], [-3.7105449, 40.4523914]]]}, "properties": {"ancho_m": 1.7}}, {"type": "Feature", "geometry": {"type": "Polygon", "coordinates": [[[-3.7102712, 40.4518254], [-3.7102975, 40.4518322], [-3.7103098, 40.451848], [-3.7102764, 40.4518615], [-3.7102712, 40.4518254]]]}, "properties": {"ancho_m": 1.4}}, {"type": "Feature", "geometry": {"type": "Polygon", "coordinates": [[[-3.7095733, 40.4520636], [-3.7096001, 40.4520445], [-3.7096517, 40.4520722], [-3.7098367, 40.4520064], [-3.7097897, 40.4519754], [-3.7098845, 40.4519414], [-3.7099333, 40.4519732], [-3.7100552, 40.4519272], [-3.71001, 40.4518974], [-3.7100241, 40.4518929], [-3.7100681, 40.4519], [-3.7100903, 40.4519127], [-3.7102508, 40.4518451], [-3.710251, 40.4518279], [-3.7102712, 40.4518254], [-3.7102764, 40.4518615], [-3.7100439, 40.4519575], [-3.7096456, 40.4521005], [-3.70964, 40.4521348], [-3.7095733, 40.4520636]]]}, "properties": {"ancho_m": 2.9}}, {"type": "Feature", "geometry": {"type": "Polygon", "coordinates": [[[-3.7094132, 40.4516543], [-3.7094475, 40.4516567], [-3.709445, 40.4516844], [-3.7094193, 40.4516817], [-3.7094132, 40.4516543]]]}, "properties": {"ancho_m": 1.5}}, {"type": "Feature", "geometry": {"type": "Polygon", "coordinates": [[[-3.7095164, 40.450288], [-3.7095311, 40.4502857], [-3.7095346, 40.4502994], [-3.7095164, 40.450288]]]}, "properties": {"ancho_m": 0.4}}, {"type": "Feature", "geometry": {"type": "Polygon", "coordinates": [[[-3.709445, 40.4516844], [-3.7094475, 40.4516567], [-3.7094641, 40.4516692], [-3.7096185, 40.451652], [-3.7099146, 40.4516655], [-3.709914, 40.4516821], [-3.7096236, 40.4516721], [-3.709445, 40.4516844]]]}, "properties": {"ancho_m": 1.8}}, {"type": "Feature", "geometry": {"type": "Polygon", "coordinates": [[[-3.709914, 40.4516821], [-3.709951, 40.4513175], [-3.7099708, 40.4507336], [-3.7099738, 40.4505705], [-3.7099149, 40.45057], [-3.7099218, 40.4504465], [-3.7099385, 40.4504443], [-3.7099344, 40.4505446], [-3.7099426, 40.4505538], [-3.7099821, 40.450557], [-3.709993, 40.450564], [-3.7099669, 40.4513704], [-3.7099339, 40.451674], [-3.709914, 40.4516821]]]}, "properties": {"ancho_m": 1.6}}, {"type": "Feature", "geometry": {"type": "Polygon", "coordinates": [[[-3.7095346, 40.4502994], [-3.7095311, 40.4502857], [-3.7095708, 40.4502814], [-3.7099314, 40.4504359], [-3.7099385, 40.4504443], [-3.7099218, 40.4504465], [-3.7095641, 40.4502947], [-3.7095346, 40.4502994]]]}, "properties": {"ancho_m": 1.4}}, {"type": "Feature", "geometry": {"type": "Polygon", "coordinates": [[[-3.7094132, 40.4516543], [-3.7094388, 40.451399], [-3.7094584, 40.4513275], [-3.7095421, 40.4511245], [-3.7095293, 40.451103], [-3.7095613, 40.4509885], [-3.7095743, 40.45082], [-3.7095967, 40.4508019], [-3.7095834, 40.4506762], [-3.7094951, 40.4503027], [-3.7095046, 40.4502899], [-3.7095164, 40.450288], [-3.7095346, 40.4502994], [-3.7096025, 40.4505809], [-3.7096297, 40.4508195], [-3.7096302, 40.4509772], [-3.7095698, 40.451173], [-3.7095063, 40.4513076], [-3.7094722, 40.4514295], [-3.7094475, 40.4516567], [-3.7094132, 40.4516543]]]}, "properties": {"ancho_m": 3.6}}, {"type": "Feature", "geometry": {"type": "Polygon", "coordinates": [[[-3.7092752, 40.4517586], [-3.7092758, 40.4517444], [-3.7092853, 40.4517446], [-3.7093061, 40.4517615], [-3.7092752, 40.4517586]]]}, "properties": {"ancho_m": 0.9}}, {"type": "Feature", "geometry": {"type": "Polygon", "coordinates": [[[-3.7088291, 40.4523402], [-3.7088685, 40.4523323], [-3.7089122, 40.4523428], [-3.7088778, 40.4523789], [-3.7088477, 40.4523647], [-3.7088291, 40.4523402]]]}, "properties": {"ancho_m": 2.3}}, {"type": "Feature", "geometry": {"type": "Polygon", "coordinates": [[[-3.7088119, 40.4517563], [-3.7088507, 40.4517576], [-3.7088685, 40.4523323], [-3.7088291, 40.4523402], [-3.7088266, 40.452292], [-3.7088481, 40.4522909], [-3.7088365, 40.4519614], [-3.7088161, 40.4519526], [-3.708816, 40.4519095], [-3.7088358, 40.4519047], [-3.7088329, 40.4518129], [-3.7088118, 40.4518031], [-3.7088119, 40.4517563]]]}, "properties": {"ancho_m": 1.9}}, {"type": "Feature", "geometry": {"type": "Polygon", "coordinates": [[[-3.7088778, 40.4523789], [-3.7090501, 40.4522186], [-3.7092742, 40.4520786], [-3.7093107, 40.4521005], [-3.7092741, 40.4521386], [-3.7092469, 40.4521355], [-3.709235, 40.4521411], [-3.7090136, 40.4522982], [-3.7089293, 40.4523605], [-3.7089405, 40.4523731], [-3.7089122, 40.4523803], [-3.7088778, 40.4523789]]]}, "properties": {"ancho_m": 3.3}}, {"type": "Feature", "geometry": {"type": "Polygon", "coordinates": [[[-3.7092742, 40.4520786], [-3.7092877, 40.4520495], [-3.7092688, 40.4519379], [-3.7092752, 40.4517586], [-3.7093061, 40.4517615], [-3.7093028, 40.4519258], [-3.7093212, 40.4520417], [-3.7093107, 40.4521005], [-3.7092742, 40.4520786]]]}, "properties": {"ancho_m": 2.6}}, {"type": "Feature", "geometry": {"type": "Polygon", "coordinates": [[[-3.7092752, 40.4517586], [-3.7088119, 40.4517563], [-3.7088356, 40.4517414], [-3.7092758, 40.4517444], [-3.7092752, 40.4517586]]]}, "properties": {"ancho_m": 1.6}}, {"type": "Feature", "geometry": {"type": "Polygon", "coordinates": [[[-3.7127375, 40.4540843], [-3.7127445, 40.4540723], [-3.713073, 40.4546983], [-3.7131171, 40.4548521], [-3.7130518, 40.4549201], [-3.7130248, 40.4547094], [-3.7129856, 40.4545727], [-3.71293, 40.4544496], [-3.7127375, 40.4540843]]]}, "properties": {"ancho_m": 2.3}}, {"type": "Feature", "geometry": {"type": "Polygon", "coordinates": [[[-3.7127445, 40.4540723], [-3.7127375, 40.4540843], [-3.7127229, 40.4540482], [-3.7127324, 40.45405], [-3.7127445, 40.4540723]]]}, "properties": {"ancho_m": 0.8}}, {"type": "Feature", "geometry": {"type": "Polygon", "coordinates": [[[-3.7116337, 40.4525315], [-3.7116141, 40.4525064], [-3.7116634, 40.4525085], [-3.7116898, 40.4525224], [-3.7117253, 40.4525611], [-3.7116337, 40.4525315]]]}, "properties": {"ancho_m": 2.0}}, {"type": "Feature", "geometry": {"type": "Polygon", "coordinates": [[[-3.712467, 40.4538237], [-3.7123375, 40.4536182], [-3.7116337, 40.4525315], [-3.7117253, 40.4525611], [-3.7119196, 40.4528707], [-3.711898, 40.4528785], [-3.7121917, 40.4533387], [-3.712223, 40.4533413], [-3.7122222, 40.4533501], [-3.7122062, 40.453353], [-3.7123217, 40.4535315], [-3.712345, 40.4535226], [-3.7125501, 40.4538792], [-3.7125212, 40.4539332], [-3.712467, 40.4538237]]]}, "properties": {"ancho_m": 3.8}}, {"type": "Feature", "geometry": {"type": "Polygon", "coordinates": [[[-3.7119093, 40.454912], [-3.7119392, 40.4548801], [-3.7122473, 40.4544144], [-3.7125009, 40.4540153], [-3.7125253, 40.4539601], [-3.712553, 40.4540247], [-3.712549, 40.4540421], [-3.7125105, 40.4540641], [-3.7124489, 40.4541588], [-3.7124621, 40.4541767], [-3.7124269, 40.4542324], [-3.7124019, 40.4542328], [-3.7121646, 40.454604], [-3.7120865, 40.4547273], [-3.7121014, 40.454744], [-3.7120603, 40.4548074], [-3.7120394, 40.4548], [-3.7119715, 40.4548891], [-3.7119825, 40.4549053], [-3.7119413, 40.454917], [-3.7119093, 40.454912]]]}, "properties": {"ancho_m": 3.3}}, {"type": "Feature", "geometry": {"type": "Polygon", "coordinates": [[[-3.712553, 40.4540247], [-3.7125212, 40.4539332], [-3.7125501, 40.4538792], [-3.7125677, 40.4539387], [-3.712553, 40.4540247]]]}, "properties": {"ancho_m": 2.2}}, {"type": "Feature", "geometry": {"type": "Polygon", "coordinates": [[[-3.7114023, 40.453407], [-3.711556, 40.453345], [-3.7117078, 40.4533695], [-3.7119258, 40.4532882], [-3.7119398, 40.4532568], [-3.7118994, 40.453183], [-3.7118793, 40.4531702], [-3.7118506, 40.453167], [-3.7113703, 40.4533529], [-3.7113633, 40.4533545], [-3.7113539, 40.453342], [-3.7118373, 40.4531555], [-3.7118798, 40.4531529], [-3.7119006, 40.4531658], [-3.7119478, 40.453249], [-3.7119495, 40.4532845], [-3.7119354, 40.4532945], [-3.711731, 40.4533714], [-3.7116804, 40.4533745], [-3.7115551, 40.45335], [-3.7114023, 40.453407]]]}, "properties": {"ancho_m": 1.2}}, {"type": "Feature", "geometry": {"type": "Polygon", "coordinates": [[[-3.7114324, 40.4534553], [-3.7114845, 40.4534757], [-3.7115386, 40.4535753], [-3.711521, 40.4535853], [-3.7115802, 40.4537156], [-3.7115661, 40.4537229], [-3.7115678, 40.4537706], [-3.7115488, 40.4538699], [-3.7115015, 40.453972], [-3.7113935, 40.4541312], [-3.7113497, 40.4541134], [-3.7112697, 40.4542427], [-3.7113064, 40.4542569], [-3.7112299, 40.4543808], [-3.7112317, 40.4544394], [-3.7112512, 40.4545212], [-3.7113216, 40.4546226], [-3.711402, 40.4546918], [-3.711782, 40.4548409], [-3.7119161, 40.4548843], [-3.7119392, 40.4548801], [-3.7119093, 40.454912], [-3.7115081, 40.4547634], [-3.7114111, 40.4547191], [-3.7113036, 40.4546371], [-3.7112651, 40.4545901], [-3.7112227, 40.4545093], [-3.7112061, 40.4544387], [-3.7112052, 40.4543705], [-3.7112306, 40.4542644], [-3.7113897, 40.454011], [-3.7114675, 40.4539705], [-3.7115252, 40.4538228], [-3.7115372, 40.4537071], [-3.7115132, 40.4535925], [-3.7114701, 40.45349], [-3.7114209, 40.4534752], [-3.7113897, 40.4534305], [-3.7113927, 40.453411], [-3.7114023, 40.453407], [-3.7114324, 40.4534553]]]}, "properties": {"ancho_m": 2.7}}, {"type": "Feature", "geometry": {"type": "Polygon", "coordinates": [[[-3.7110054, 40.4528634], [-3.7110227, 40.4528569], [-3.7113633, 40.4533545], [-3.7113425, 40.4533526], [-3.7113285, 40.4533428], [-3.7110054, 40.4528634]]]}, "properties": {"ancho_m": 1.5}}, {"type": "Feature", "geometry": {"type": "Polygon", "coordinates": [[[-3.7116141, 40.4525064], [-3.7116337, 40.4525315], [-3.7116054, 40.4525308], [-3.711447, 40.452559], [-3.7114767, 40.4525343], [-3.7116141, 40.4525064]]]}, "properties": {"ancho_m": 2.0}}, {"type": "Feature", "geometry": {"type": "Polygon", "coordinates": [[[-3.711011, 40.4528363], [-3.7110435, 40.4528164], [-3.7110621, 40.4528265], [-3.7113119, 40.4527362], [-3.7113127, 40.452717], [-3.7113892, 40.452684], [-3.7114118, 40.4526641], [-3.7114399, 40.4526145], [-3.711447, 40.452559], [-3.7114854, 40.4525531], [-3.7114784, 40.4525604], [-3.7114756, 40.452637], [-3.711456, 40.4526749], [-3.7114186, 40.4527085], [-3.7110227, 40.4528569], [-3.711011, 40.4528363]]]}, "properties": {"ancho_m": 2.4}}, {"type": "Feature", "geometry": {"type": "Polygon", "coordinates": [[[-3.711011, 40.4528363], [-3.7110227, 40.4528569], [-3.7110054, 40.4528634], [-3.7110054, 40.4528487], [-3.711011, 40.4528363]]]}, "properties": {"ancho_m": 0.7}}, {"type": "Feature", "geometry": {"type": "Polygon", "coordinates": [[[-3.7118781, 40.4523318], [-3.7119695, 40.4523862], [-3.7119672, 40.4523898], [-3.7119046, 40.4523848], [-3.7118781, 40.4523318]]]}, "properties": {"ancho_m": 1.7}}, {"type": "Feature", "geometry": {"type": "Polygon", "coordinates": [[[-3.7097688, 40.4532908], [-3.7097906, 40.4532919], [-3.7098107, 40.4533071], [-3.7097834, 40.4533159], [-3.7097688, 40.4532908]]]}, "properties": {"ancho_m": 1.2}}, {"type": "Feature", "geometry": {"type": "Polygon", "coordinates": [[[-3.7107625, 40.4557621], [-3.7108078, 40.4557375], [-3.7108393, 40.4557124], [-3.7108392, 40.455752], [-3.7108176, 40.4557863], [-3.7107809, 40.4557992], [-3.7107625, 40.4557621]]]}, "properties": {"ancho_m": 2.6}}, {"type": "Feature", "geometry": {"type": "Polygon", "coordinates": [[[-3.7108094, 40.4557311], [-3.7103572, 40.4542781], [-3.7097834, 40.4533159], [-3.7098107, 40.4533071], [-3.7103847, 40.4542996], [-3.7108122, 40.455686], [-3.7108371, 40.455692], [-3.7108393, 40.4557124], [-3.7108078, 40.4557375], [-3.7107677, 40.4557594], [-3.7108094, 40.4557311]]]}, "properties": {"ancho_m": 1.5}}, {"type": "Feature", "geometry": {"type": "Polygon", "coordinates": [[[-3.7107257, 40.4557831], [-3.7107625, 40.4557621], [-3.7107809, 40.4557992], [-3.7107623, 40.4557991], [-3.7107257, 40.4557831]]]}, "properties": {"ancho_m": 1.5}}, {"type": "Feature", "geometry": {"type": "Polygon", "coordinates": [[[-3.7088793, 40.4536262], [-3.7089094, 40.4536428], [-3.7090214, 40.4537575], [-3.7091667, 40.4538872], [-3.7092883, 40.4540126], [-3.7094125, 40.4541596], [-3.7094641, 40.4541358], [-3.7094844, 40.4541591], [-3.7102012, 40.4550313], [-3.7101531, 40.4550568], [-3.7107396, 40.4557575], [-3.7107531, 40.4557634], [-3.7107257, 40.4557831], [-3.7107083, 40.4557754], [-3.7107196, 40.4557582], [-3.7101312, 40.4550523], [-3.7101745, 40.4550305], [-3.7098186, 40.4546027], [-3.7097752, 40.4546238], [-3.7097253, 40.454565], [-3.7097682, 40.4545435], [-3.7094604, 40.4541681], [-3.7094154, 40.4541888], [-3.7092374, 40.4539829], [-3.7091528, 40.4538982], [-3.7088817, 40.4536645], [-3.7088728, 40.4536439], [-3.7088793, 40.4536262]]]}, "properties": {"ancho_m": 2.0}}, {"type": "Feature", "geometry": {"type": "Polygon", "coordinates": [[[-3.7088793, 40.4536262], [-3.7089111, 40.4536087], [-3.7089385, 40.4536162], [-3.7097435, 40.4533174], [-3.7097465, 40.4532974], [-3.7097688, 40.4532908], [-3.7097834, 40.4533159], [-3.7089094, 40.4536428], [-3.7088793, 40.4536262]]]}, "properties": {"ancho_m": 1.5}}, {"type": "Feature", "geometry": {"type": "Polygon", "coordinates": [[[-3.7092783, 40.4516838], [-3.7092799, 40.4516451], [-3.7093165, 40.4516476], [-3.7093094, 40.4516704], [-3.7092783, 40.4516838]]]}, "properties": {"ancho_m": 1.6}}, {"type": "Feature", "geometry": {"type": "Polygon", "coordinates": [[[-3.7083405, 40.4510989], [-3.7083684, 40.4510798], [-3.7084016, 40.4510795], [-3.7084027, 40.4510973], [-3.7083568, 40.4511102], [-3.7083405, 40.4510989]]]}, "properties": {"ancho_m": 1.8}}, {"type": "Feature", "geometry": {"type": "Polygon", "coordinates": [[[-3.7083568, 40.4511102], [-3.7081366, 40.4516576], [-3.7081097, 40.4516579], [-3.7083405, 40.4510989], [-3.7083568, 40.4511102]]]}, "properties": {"ancho_m": 1.8}}, {"type": "Feature", "geometry": {"type": "Polygon", "coordinates": [[[-3.7092799, 40.4516451], [-3.7092917, 40.4515324], [-3.7092944, 40.4514975], [-3.7093169, 40.4515116], [-3.7093246, 40.4515267], [-3.7093165, 40.4516476], [-3.7092799, 40.4516451]]]}, "properties": {"ancho_m": 2.4}}, {"type": "Feature", "geometry": {"type": "Polygon", "coordinates": [[[-3.7084027, 40.4510973], [-3.7084016, 40.4510795], [-3.7092797, 40.4514892], [-3.7092944, 40.4514975], [-3.7092917, 40.4515324], [-3.7092737, 40.4514992], [-3.7084027, 40.4510973]]]}, "properties": {"ancho_m": 1.3}}, {"type": "Feature", "geometry": {"type": "Polygon", "coordinates": [[[-3.7081264, 40.4516781], [-3.7081365, 40.4516576], [-3.7092436, 40.4516687], [-3.7092799, 40.4516451], [-3.7092783, 40.4516838], [-3.7081264, 40.4516781]]]}, "properties": {"ancho_m": 1.9}}, {"type": "Feature", "geometry": {"type": "Polygon", "coordinates": [[[-3.7081097, 40.4516579], [-3.7081365, 40.4516576], [-3.7081264, 40.4516781], [-3.7081153, 40.4516728], [-3.7081097, 40.4516579]]]}, "properties": {"ancho_m": 0.9}}, {"type": "Feature", "geometry": {"type": "Polygon", "coordinates": [[[-3.7083971, 40.4523647], [-3.7083845, 40.452065], [-3.7083729, 40.4517488], [-3.708409, 40.4517497], [-3.7084103, 40.4517785], [-3.7083889, 40.4517802], [-3.7084103, 40.4523501], [-3.7084327, 40.4523594], [-3.7084301, 40.4523662], [-3.7083971, 40.4523647]]]}, "properties": {"ancho_m": 1.3}}, {"type": "Feature", "geometry": {"type": "Polygon", "coordinates": [[[-3.7083971, 40.4523647], [-3.7084301, 40.4523662], [-3.7084187, 40.4523834], [-3.7083969, 40.4523936], [-3.7083971, 40.4523647]]]}, "properties": {"ancho_m": 1.2}}, {"type": "Feature", "geometry": {"type": "Polygon", "coordinates": [[[-3.7078509, 40.4523786], [-3.7078404, 40.4523593], [-3.7083971, 40.4523647], [-3.7083969, 40.4523936], [-3.7083874, 40.4523952], [-3.7083515, 40.4523952], [-3.7083388, 40.4523793], [-3.7078509, 40.4523786]]]}, "properties": {"ancho_m": 1.9}}, {"type": "Feature", "geometry": {"type": "Polygon", "coordinates": [[[-3.708409, 40.4517497], [-3.7080911, 40.4517497], [-3.7081072, 40.4517169], [-3.7081649, 40.4517157], [-3.7081714, 40.451732], [-3.7083453, 40.4517341], [-3.7083701, 40.4517192], [-3.708397, 40.4517225], [-3.708409, 40.4517497]]]}, "properties": {"ancho_m": 2.1}}, {"type": "Feature", "geometry": {"type": "Polygon", "coordinates": [[[-3.7080697, 40.4517496], [-3.7080785, 40.4517286], [-3.7081072, 40.4517169], [-3.7080911, 40.4517497], [-3.7080697, 40.4517496]]]}, "properties": {"ancho_m": 1.1}}, {"type": "Feature", "geometry": {"type": "Polygon", "coordinates": [[[-3.7078182, 40.452359], [-3.7080697, 40.4517496], [-3.7080911, 40.4517497], [-3.7078404, 40.4523593], [-3.7078182, 40.452359]]]}, "properties": {"ancho_m": 1.8}}, {"type": "Feature", "geometry": {"type": "Polygon", "coordinates": [[[-3.7078182, 40.452359], [-3.7078404, 40.4523593], [-3.7078509, 40.4523786], [-3.7078378, 40.4523927], [-3.7078184, 40.45238], [-3.7078182, 40.452359]]]}, "properties": {"ancho_m": 1.5}}, {"type": "Feature", "geometry": {"type": "Polygon", "coordinates": [[[-3.7077889, 40.4537452], [-3.7081851, 40.4532869], [-3.7082632, 40.4531981], [-3.7082788, 40.453212], [-3.7082709, 40.4532217], [-3.7078052, 40.4537587], [-3.7077889, 40.4537452]]]}, "properties": {"ancho_m": 1.9}}, {"type": "Feature", "geometry": {"type": "Polygon", "coordinates": [[[-3.7082632, 40.4531981], [-3.7082686, 40.4531626], [-3.7082867, 40.4531855], [-3.7082788, 40.453212], [-3.7082632, 40.4531981]]]}, "properties": {"ancho_m": 1.2}}, {"type": "Feature", "geometry": {"type": "Polygon", "coordinates": [[[-3.7072968, 40.4533576], [-3.7073273, 40.4533606], [-3.7073335, 40.4533948], [-3.7077889, 40.4537452], [-3.7077798, 40.4537556], [-3.7073112, 40.4533992], [-3.7072973, 40.45338], [-3.7072968, 40.4533576]]]}, "properties": {"ancho_m": 1.7}}, {"type": "Feature", "geometry": {"type": "Polygon", "coordinates": [[[-3.7082632, 40.4531981], [-3.7080983, 40.4530667], [-3.7081541, 40.4530699], [-3.7082686, 40.4531626], [-3.7082632, 40.4531981]]]}, "properties": {"ancho_m": 2.6}}, {"type": "Feature", "geometry": {"type": "Polygon", "coordinates": [[[-3.7072968, 40.4533576], [-3.7073275, 40.4533264], [-3.7074624, 40.4533029], [-3.7076204, 40.4532599], [-3.7080843, 40.4530702], [-3.7080983, 40.4530667], [-3.7081361, 40.4530979], [-3.7080807, 40.4531137], [-3.7077096, 40.4532673], [-3.7075768, 40.4533114], [-3.7073979, 40.4533503], [-3.7073273, 40.4533606], [-3.7072968, 40.4533576]]]}, "properties": {"ancho_m": 3.8}}, {"type": "Feature", "geometry": {"type": "Polygon", "coordinates": [[[-3.7077798, 40.4537556], [-3.7077889, 40.4537452], [-3.7078052, 40.4537587], [-3.7077936, 40.4537652], [-3.7077798, 40.4537556]]]}, "properties": {"ancho_m": 0.8}}, {"type": "Feature", "geometry": {"type": "Polygon", "coordinates": [[[-3.7068307, 40.4548114], [-3.7074703, 40.4553147], [-3.7079064, 40.4556663], [-3.7078816, 40.45568], [-3.707585, 40.4554309], [-3.7068222, 40.4548191], [-3.7068307, 40.4548114]]]}, "properties": {"ancho_m": 1.6}}, {"type": "Feature", "geometry": {"type": "Polygon", "coordinates": [[[-3.7078975, 40.4556598], [-3.7079852, 40.4555962], [-3.7079548, 40.4552838], [-3.7079707, 40.4552762], [-3.7080008, 40.4555874], [-3.7079926, 40.4556042], [-3.7079064, 40.4556663], [-3.7078975, 40.4556598]]]}, "properties": {"ancho_m": 1.3}}, {"type": "Feature", "geometry": {"type": "Polygon", "coordinates": [[[-3.7070293, 40.4546336], [-3.7070391, 40.4546252], [-3.7079533, 40.4551714], [-3.7079707, 40.4552762], [-3.7079548, 40.4552838], [-3.7079455, 40.4551812], [-3.7070293, 40.4546336]]]}, "properties": {"ancho_m": 1.3}}, {"type": "Feature", "geometry": {"type": "Polygon", "coordinates": [[[-3.7070053, 40.4546129], [-3.7070225, 40.4546163], [-3.7070391, 40.4546252], [-3.7070293, 40.4546336], [-3.7070053, 40.4546129]]]}, "properties": {"ancho_m": 0.7}}, {"type": "Feature", "geometry": {"type": "Polygon", "coordinates": [[[-3.7070053, 40.4546129], [-3.7070293, 40.4546336], [-3.7068222, 40.4548191], [-3.7068171, 40.4547962], [-3.7069516, 40.4546764], [-3.7069472, 40.454653], [-3.7069914, 40.4546145], [-3.7070053, 40.4546129]]]}, "properties": {"ancho_m": 2.2}}, {"type": "Feature", "geometry": {"type": "Polygon", "coordinates": [[[-3.7073654, 40.4493469], [-3.7070667, 40.4492028], [-3.7070232, 40.4492148], [-3.7070247, 40.4491706], [-3.7070505, 40.4491682], [-3.7070778, 40.4491755], [-3.7070751, 40.4491902], [-3.7074246, 40.4493492], [-3.7074409, 40.4493673], [-3.7073654, 40.4493469]]]}, "properties": {"ancho_m": 2.0}}, {"type": "Feature", "geometry": {"type": "Polygon", "coordinates": [[[-3.7073438, 40.4498518], [-3.7074147, 40.4494385], [-3.7073654, 40.4493469], [-3.7074409, 40.4493673], [-3.7074453, 40.4493837], [-3.7073786, 40.4498502], [-3.7073955, 40.4498652], [-3.7073924, 40.4498706], [-3.7073438, 40.4498518]]]}, "properties": {"ancho_m": 2.3}}, {"type": "Feature", "geometry": {"type": "Polygon", "coordinates": [[[-3.7073441, 40.4498874], [-3.7073438, 40.4498518], [-3.7073924, 40.4498706], [-3.7073723, 40.4498853], [-3.7073441, 40.4498874]]]}, "properties": {"ancho_m": 1.6}}, {"type": "Feature", "geometry": {"type": "Polygon", "coordinates": [[[-3.7070129, 40.4498103], [-3.7072618, 40.4498124], [-3.7073459, 40.4498511], [-3.7073441, 40.4498874], [-3.7072998, 40.4498648], [-3.7073112, 40.4498526], [-3.7072549, 40.4498246], [-3.7070543, 40.449821], [-3.7070387, 40.4498375], [-3.7070112, 40.4498346], [-3.7070129, 40.4498103]]]}, "properties": {"ancho_m": 1.4}}, {"type": "Feature", "geometry": {"type": "Polygon", "coordinates": [[[-3.7070247, 40.4491706], [-3.7070173, 40.4496643], [-3.7070112, 40.4498346], [-3.7069954, 40.4498196], [-3.7070038, 40.449193], [-3.7070091, 40.4491793], [-3.7070247, 40.4491706]]]}, "properties": {"ancho_m": 1.6}}, {"type": "Feature", "geometry": {"type": "Polygon", "coordinates": [[[-3.7073532, 40.4524299], [-3.7073069, 40.4524292], [-3.7069956, 40.4524275], [-3.7069964, 40.45242], [-3.707325, 40.4524197], [-3.7073532, 40.4524299]]]}, "properties": {"ancho_m": 0.9}}, {"type": "Feature", "geometry": {"type": "Polygon", "coordinates": [[[-3.7079826, 40.4529709], [-3.70732, 40.4524409], [-3.7073072, 40.4524295], [-3.7073069, 40.4524292], [-3.7073532, 40.4524299], [-3.7079718, 40.452926], [-3.7079829, 40.4529461], [-3.7079826, 40.4529709]]]}, "properties": {"ancho_m": 2.6}}, {"type": "Feature", "geometry": {"type": "Polygon", "coordinates": [[[-3.7068624, 40.4531561], [-3.7071875, 40.4531858], [-3.7073266, 40.4531778], [-3.7075501, 40.4531259], [-3.7079329, 40.4529713], [-3.7079384, 40.4529344], [-3.7079826, 40.4529709], [-3.7079685, 40.4529908], [-3.7079236, 40.4530144], [-3.7075751, 40.453158], [-3.7074879, 40.4531847], [-3.7073806, 40.4532067], [-3.7072953, 40.4532191], [-3.7071353, 40.4532179], [-3.707, 40.4531848], [-3.7068793, 40.4531724], [-3.7068624, 40.4531561]]]}, "properties": {"ancho_m": 3.5}}, {"type": "Feature", "geometry": {"type": "Polygon", "coordinates": [[[-3.7069725, 40.4524271], [-3.7069834, 40.45242], [-3.7069964, 40.45242], [-3.7069956, 40.4524275], [-3.7069725, 40.4524271]]]}, "properties": {"ancho_m": 0.5}}, {"type": "Feature", "geometry": {"type": "Polygon", "coordinates": [[[-3.7068616, 40.4531542], [-3.7069672, 40.4524374], [-3.7069725, 40.4524271], [-3.7069956, 40.4524275], [-3.7069449, 40.4527675], [-3.7069531, 40.4527683], [-3.7069395, 40.4528144], [-3.7068876, 40.4531588], [-3.7068616, 40.4531542]]]}, "properties": {"ancho_m": 2.3}}, {"type": "Feature", "geometry": {"type": "Polygon", "coordinates": [[[-3.7061896, 40.4531552], [-3.7061652, 40.4531945], [-3.7061196, 40.4532256], [-3.7060765, 40.4532323], [-3.7060519, 40.4532113], [-3.7060437, 40.453167], [-3.7060741, 40.453139], [-3.7061545, 40.4531331], [-3.70618, 40.4531369], [-3.7061896, 40.4531552]]]}, "properties": {"ancho_m": 5.5}}, {"type": "Feature", "geometry": {"type": "Polygon", "coordinates": [[[-3.7071301, 40.4533411], [-3.7071594, 40.453344], [-3.7077435, 40.4537974], [-3.7077353, 40.4538068], [-3.7071301, 40.4533411]]]}, "properties": {"ancho_m": 1.2}}, {"type": "Feature", "geometry": {"type": "Polygon", "coordinates": [[[-3.7061859, 40.4531655], [-3.7061896, 40.4531552], [-3.7067958, 40.453222], [-3.706823, 40.4532873], [-3.7068336, 40.4532941], [-3.7070163, 40.4533136], [-3.7071082, 40.4533093], [-3.7071594, 40.453344], [-3.7071301, 40.4533411], [-3.7070301, 40.453357], [-3.7067668, 40.453328], [-3.7067823, 40.4532306], [-3.7061859, 40.4531655]]]}, "properties": {"ancho_m": 2.4}}, {"type": "Feature", "geometry": {"type": "Polygon", "coordinates": [[[-3.7074452, 40.4540703], [-3.7074689, 40.4540472], [-3.7077353, 40.4538068], [-3.7077486, 40.453817], [-3.7077461, 40.4538239], [-3.707514, 40.4540401], [-3.7075207, 40.454058], [-3.7074809, 40.4540744], [-3.7074452, 40.4540703]]]}, "properties": {"ancho_m": 2.2}}, {"type": "Feature", "geometry": {"type": "Polygon", "coordinates": [[[-3.7077353, 40.4538068], [-3.7077435, 40.4537974], [-3.7077486, 40.453817], [-3.7077353, 40.4538068]]]}, "properties": {"ancho_m": 0.5}}, {"type": "Feature", "geometry": {"type": "Polygon", "coordinates": [[[-3.7060765, 40.4532323], [-3.7061196, 40.4532256], [-3.7074689, 40.4540472], [-3.7074452, 40.4540703], [-3.7073863, 40.4540376], [-3.7073858, 40.454016], [-3.7061217, 40.4532373], [-3.7060969, 40.4532462], [-3.7060765, 40.4532323]]]}, "properties": {"ancho_m": 1.6}}, {"type": "Feature", "geometry": {"type": "Polygon", "coordinates": [[[-3.7064166, 40.4565249], [-3.7064102, 40.4565012], [-3.7064323, 40.4564927], [-3.7064597, 40.4561069], [-3.7064731, 40.4561069], [-3.706451, 40.4565119], [-3.7064606, 40.4565254], [-3.7064166, 40.4565249]]]}, "properties": {"ancho_m": 1.5}}, {"type": "Feature", "geometry": {"type": "Polygon", "coordinates": [[[-3.7064599, 40.4561064], [-3.7064666, 40.4560981], [-3.7064807, 40.4560971], [-3.7064813, 40.4561059], [-3.7064599, 40.4561064]]]}, "properties": {"ancho_m": 0.6}}, {"type": "Feature", "geometry": {"type": "Polygon", "coordinates": [[[-3.7064166, 40.4565249], [-3.7075185, 40.4565756], [-3.7075405, 40.4565467], [-3.7075407, 40.4565559], [-3.7076025, 40.4565377], [-3.7075821, 40.4565824], [-3.7075335, 40.4566072], [-3.7064376, 40.4565548], [-3.7064166, 40.4565249]]]}, "properties": {"ancho_m": 3.4}}, {"type": "Feature", "geometry": {"type": "Polygon", "coordinates": [[[-3.7075407, 40.4565464], [-3.7073054, 40.4563355], [-3.7070828, 40.4561405], [-3.7071432, 40.4561361], [-3.7071754, 40.45615], [-3.7072621, 40.4562115], [-3.7072464, 40.4562233], [-3.7074371, 40.4563927], [-3.707455, 40.456382], [-3.7075657, 40.4564797], [-3.7075936, 40.4565077], [-3.7076025, 40.4565377], [-3.7075407, 40.4565559], [-3.7075407, 40.4565464]]]}, "properties": {"ancho_m": 4.7}}, {"type": "Feature", "geometry": {"type": "Polygon", "coordinates": [[[-3.7070604, 40.4561272], [-3.7071205, 40.4561304], [-3.7071432, 40.4561361], [-3.7070828, 40.4561405], [-3.7070604, 40.4561272]]]}, "properties": {"ancho_m": 0.8}}, {"type": "Feature", "geometry": {"type": "Polygon", "coordinates": [[[-3.7070828, 40.4561405], [-3.7064813, 40.4561059], [-3.7064807, 40.4560971], [-3.7070604, 40.4561272], [-3.7070828, 40.4561405]]]}, "properties": {"ancho_m": 1.1}}, {"type": "Feature", "geometry": {"type": "Polygon", "coordinates": [[[-3.7056889, 40.449498], [-3.7058512, 40.4494757], [-3.7058946, 40.4494595], [-3.7059281, 40.4494229], [-3.7059369, 40.4493632], [-3.7059578, 40.4493643], [-3.7059746, 40.4491684], [-3.7059532, 40.4491622], [-3.7059537, 40.449151], [-3.7059765, 40.4491519], [-3.7059808, 40.4490866], [-3.7059604, 40.4490764], [-3.7059635, 40.4490249], [-3.7059842, 40.4490257], [-3.7059982, 40.4488494], [-3.7059806, 40.448836], [-3.70599, 40.4488075], [-3.7060236, 40.4488047], [-3.7059687, 40.4494742], [-3.7057106, 40.4495083], [-3.7056945, 40.4495167], [-3.7056889, 40.449498]]]}, "properties": {"ancho_m": 2.1}}, {"type": "Feature", "geometry": {"type": "Polygon", "coordinates": [[[-3.7059971, 40.4488033], [-3.7060111, 40.4487968], [-3.706025, 40.4487923], [-3.7060236, 40.4488047], [-3.7059971, 40.4488033]]]}, "properties": {"ancho_m": 0.5}}, {"type": "Feature", "geometry": {"type": "Polygon", "coordinates": [[[-3.7056882, 40.4494983], [-3.7056906, 40.4495187], [-3.7058988, 40.450107], [-3.7058901, 40.450105], [-3.705874, 40.4500617], [-3.7058499, 40.4500668], [-3.7057576, 40.4498069], [-3.7056819, 40.4495871], [-3.7056883, 40.4495853], [-3.7056677, 40.449521], [-3.7056882, 40.4494983]]]}, "properties": {"ancho_m": 2.7}}, {"type": "Feature", "geometry": {"type": "Polygon", "coordinates": [[[-3.7069744, 40.4488634], [-3.7060236, 40.4488047], [-3.706025, 40.4487923], [-3.7069518, 40.4488484], [-3.7069744, 40.4488634]]]}, "properties": {"ancho_m": 1.3}}, {"type": "Feature", "geometry": {"type": "Polygon", "coordinates": [[[-3.7069389, 40.4498947], [-3.7069422, 40.4495846], [-3.7069617, 40.448862], [-3.7069748, 40.4488659], [-3.7069582, 40.4498155], [-3.7069565, 40.449871], [-3.7069389, 40.4498947]]]}, "properties": {"ancho_m": 1.4}}, {"type": "Feature", "geometry": {"type": "Polygon", "coordinates": [[[-3.7058988, 40.450107], [-3.705898, 40.4501], [-3.7064865, 40.4499856], [-3.7064719, 40.449947], [-3.7069403, 40.4498558], [-3.7069389, 40.4498947], [-3.7069141, 40.4499096], [-3.7068288, 40.4499276], [-3.7068166, 40.4498972], [-3.7066764, 40.4499265], [-3.706686, 40.4499547], [-3.7066421, 40.4499645], [-3.7066303, 40.4499345], [-3.7064942, 40.4499609], [-3.7065036, 40.4499915], [-3.7058988, 40.450107]]]}, "properties": {"ancho_m": 1.8}}, {"type": "Feature", "geometry": {"type": "Polygon", "coordinates": [[[-3.7056792, 40.4494341], [-3.705862, 40.4494142], [-3.705877, 40.4487974], [-3.7059114, 40.4487991], [-3.7059121, 40.4487906], [-3.7059311, 40.4488055], [-3.7059348, 40.4488331], [-3.7059121, 40.448847], [-3.7059061, 40.4489381], [-3.7059254, 40.4489473], [-3.7059107, 40.4491367], [-3.7058872, 40.4491489], [-3.7058751, 40.4492967], [-3.7058715, 40.4493445], [-3.7058905, 40.4493529], [-3.7058886, 40.4493988], [-3.705873, 40.4494244], [-3.7058434, 40.4494415], [-3.7056764, 40.4494643], [-3.7056608, 40.4494195], [-3.7056792, 40.4494341]]]}, "properties": {"ancho_m": 2.6}}, {"type": "Feature", "geometry": {"type": "Polygon", "coordinates": [[[-3.7055065, 40.4487759], [-3.7055245, 40.4487771], [-3.7054976, 40.4490241], [-3.7055389, 40.4490728], [-3.7056764, 40.4494643], [-3.7056435, 40.4494601], [-3.7056294, 40.4494405], [-3.7056473, 40.4494376], [-3.7055263, 40.4490809], [-3.7055035, 40.4490806], [-3.7054851, 40.4490313], [-3.7055065, 40.4487759]]]}, "properties": {"ancho_m": 1.4}}, {"type": "Feature", "geometry": {"type": "Polygon", "coordinates": [[[-3.7059114, 40.4487991], [-3.705877, 40.4487961], [-3.7055065, 40.4487759], [-3.7055219, 40.4487669], [-3.7059121, 40.4487906], [-3.7059114, 40.4487991]]]}, "properties": {"ancho_m": 1.1}}, {"type": "Feature", "geometry": {"type": "Polygon", "coordinates": [[[-3.7056169, 40.4495594], [-3.7054753, 40.4491503], [-3.705421, 40.4490254], [-3.705449, 40.4487721], [-3.7054595, 40.4487728], [-3.7054645, 40.4487929], [-3.7054429, 40.4490248], [-3.7056231, 40.4495392], [-3.7056169, 40.4495594]]]}, "properties": {"ancho_m": 1.3}}, {"type": "Feature", "geometry": {"type": "Polygon", "coordinates": [[[-3.70484, 40.4488153], [-3.7048498, 40.4487398], [-3.7048659, 40.4487299], [-3.7051455, 40.4487461], [-3.7051096, 40.4487887], [-3.7052146, 40.4487934], [-3.7052491, 40.4487531], [-3.7054521, 40.4487636], [-3.7054595, 40.4487728], [-3.7052673, 40.4487633], [-3.7052597, 40.4488309], [-3.7051406, 40.4488254], [-3.7050851, 40.4488221], [-3.7050915, 40.4487545], [-3.7048661, 40.4487414], [-3.7048452, 40.4488848], [-3.7048552, 40.4488164], [-3.70484, 40.4488153]]]}, "properties": {"ancho_m": 1.7}}, {"type": "Feature", "geometry": {"type": "Polygon", "coordinates": [[[-3.704749, 40.4494866], [-3.7056145, 40.4495538], [-3.7056169, 40.4495594], [-3.7055888, 40.4495705], [-3.7054065, 40.4495587], [-3.704767, 40.4494986], [-3.704749, 40.4494866]]]}, "properties": {"ancho_m": 1.8}}, {"type": "Feature", "geometry": {"type": "Polygon", "coordinates": [[[-3.7047548, 40.4494872], [-3.7048391, 40.4488152], [-3.7048552, 40.4488164], [-3.7047548, 40.4494872]]]}, "properties": {"ancho_m": 1.1}}, {"type": "Feature", "geometry": {"type": "Polygon", "coordinates": [[[-3.7116767, 40.4572536], [-3.7116498, 40.4572547], [-3.7121566, 40.456531], [-3.7121646, 40.4565292], [-3.7121761, 40.4565388], [-3.7116767, 40.4572536]]]}, "properties": {"ancho_m": 1.8}}, {"type": "Feature", "geometry": {"type": "Polygon", "coordinates": [[[-3.7116498, 40.4572547], [-3.7116767, 40.4572536], [-3.7116268, 40.4573261], [-3.7116124, 40.4573286], [-3.7116059, 40.4573172], [-3.7116498, 40.4572547]]]}, "properties": {"ancho_m": 1.6}}, {"type": "Feature", "geometry": {"type": "Polygon", "coordinates": [[[-3.70825, 40.4540953], [-3.7088059, 40.4536954], [-3.7088216, 40.4537064], [-3.7082692, 40.4541089], [-3.70825, 40.4540953]]]}, "properties": {"ancho_m": 2.0}}, {"type": "Feature", "geometry": {"type": "Polygon", "coordinates": [[[-3.70825, 40.4540953], [-3.7084958, 40.4542793], [-3.7084887, 40.4542842], [-3.708558, 40.4543371], [-3.7085652, 40.4543323], [-3.7086722, 40.4544119], [-3.7086557, 40.4544236], [-3.7082446, 40.4541116], [-3.70825, 40.4540953]]]}, "properties": {"ancho_m": 1.6}}, {"type": "Feature", "geometry": {"type": "Polygon", "coordinates": [[[-3.7087832, 40.4566976], [-3.708786, 40.4566915], [-3.7088144, 40.456703], [-3.70881, 40.4567052], [-3.7087832, 40.4566976]]]}, "properties": {"ancho_m": 0.5}}, {"type": "Feature", "geometry": {"type": "Polygon", "coordinates": [[[-3.7087545, 40.4566926], [-3.7094003, 40.4568604], [-3.7094148, 40.456855], [-3.7094218, 40.4568665], [-3.7097485, 40.4569503], [-3.7098, 40.4569992], [-3.709793, 40.4570141], [-3.7097551, 40.4570386], [-3.7097083, 40.4570407], [-3.7095691, 40.4570026], [-3.7095657, 40.4569569], [-3.708811, 40.4567484], [-3.7088083, 40.4567906], [-3.7087848, 40.4567843], [-3.7087506, 40.4567614], [-3.708742, 40.4567281], [-3.7087545, 40.4566926]]]}, "properties": {"ancho_m": 5.5}}, {"type": "Feature", "geometry": {"type": "Polygon", "coordinates": [[[-3.7097485, 40.4569503], [-3.7097673, 40.4569448], [-3.7100233, 40.4563778], [-3.7100536, 40.4563985], [-3.7100567, 40.4564275], [-3.7100314, 40.4564337], [-3.7099494, 40.4566136], [-3.7098051, 40.4569413], [-3.7098204, 40.4569558], [-3.7098, 40.4569992], [-3.7097485, 40.4569503]]]}, "properties": {"ancho_m": 2.7}}, {"type": "Feature", "geometry": {"type": "Polygon", "coordinates": [[[-3.7100444, 40.4563363], [-3.7100903, 40.4562608], [-3.7101522, 40.4561974], [-3.7106385, 40.4558537], [-3.7106885, 40.4558098], [-3.7107036, 40.4558422], [-3.7106881, 40.455874], [-3.7106327, 40.4559169], [-3.7105995, 40.4559184], [-3.7101909, 40.4562031], [-3.710117, 40.4562697], [-3.7100881, 40.4563096], [-3.7101002, 40.4563242], [-3.7100942, 40.4563291], [-3.7100709, 40.4563377], [-3.7100444, 40.4563363]]]}, "properties": {"ancho_m": 2.9}}, {"type": "Feature", "geometry": {"type": "Polygon", "coordinates": [[[-3.7094571, 40.455598], [-3.7093896, 40.4556161], [-3.7093124, 40.4555535], [-3.7093132, 40.4555272], [-3.7093687, 40.4554655], [-3.7095535, 40.4553416], [-3.7097776, 40.4552312], [-3.7098731, 40.4553432], [-3.7100065, 40.4553568], [-3.7101674, 40.4552524], [-3.7101711, 40.4552432], [-3.7091575, 40.4540188], [-3.7090263, 40.45388], [-3.7088059, 40.4536954], [-3.7088204, 40.4536852], [-3.7088505, 40.4536882], [-3.7089421, 40.4537626], [-3.7091153, 40.4539175], [-3.7092439, 40.4540501], [-3.7093019, 40.4541188], [-3.7092904, 40.4541607], [-3.71017, 40.4552156], [-3.7101964, 40.4552198], [-3.7102039, 40.4552335], [-3.7102002, 40.4552494], [-3.7100074, 40.4553733], [-3.7098676, 40.4553652], [-3.709778, 40.4552598], [-3.7095429, 40.4553731], [-3.7093192, 40.4555402], [-3.7093943, 40.4556051], [-3.7094521, 40.4555891], [-3.7094694, 40.4555917], [-3.7096415, 40.4557253], [-3.7096569, 40.4557271], [-3.7099856, 40.4554803], [-3.7099461, 40.455447], [-3.7099479, 40.4554392], [-3.710036, 40.4554406], [-3.7101863, 40.4553396], [-3.7101817, 40.4553196], [-3.7102199, 40.4553008], [-3.7102439, 40.4553001], [-3.7102831, 40.4553253], [-3.7102739, 40.4553427], [-3.7104387, 40.4555385], [-3.7104536, 40.4555339], [-3.7104429, 40.4555448], [-3.7104815, 40.4555919], [-3.7104967, 40.4555871], [-3.7104873, 40.4555985], [-3.7106485, 40.4557917], [-3.7106786, 40.4557973], [-3.7106885, 40.4558098], [-3.7106506, 40.455837], [-3.7106487, 40.4558188], [-3.7102398, 40.4553278], [-3.7101881, 40.4553566], [-3.7099634, 40.4555174], [-3.7096641, 40.4557479], [-3.7096182, 40.4557309], [-3.7096204, 40.4557254], [-3.7094571, 40.455598]]]}, "properties": {"ancho_m": 1.9}}, {"type": "Feature", "geometry": {"type": "Polygon", "coordinates": [[[-3.7100118, 40.456398], [-3.7099999, 40.4563821], [-3.7096661, 40.4562961], [-3.7096156, 40.4563106], [-3.709579, 40.456309], [-3.7094545, 40.4562771], [-3.7094369, 40.4562585], [-3.7094354, 40.456227], [-3.709463, 40.4561547], [-3.7100389, 40.4563062], [-3.7100625, 40.4563006], [-3.7100444, 40.4563363], [-3.7100234, 40.4563333], [-3.7100295, 40.4563201], [-3.7097631, 40.4562482], [-3.7095613, 40.4561971], [-3.7095503, 40.456209], [-3.7095363, 40.4562046], [-3.7095362, 40.4561886], [-3.7095067, 40.4561786], [-3.7094831, 40.4561803], [-3.7094662, 40.4561925], [-3.7094494, 40.4562368], [-3.7094632, 40.4562647], [-3.7095903, 40.456297], [-3.70966, 40.4562779], [-3.7100233, 40.4563778], [-3.7100118, 40.456398]]]}, "properties": {"ancho_m": 1.6}}, {"type": "Feature", "geometry": {"type": "Polygon", "coordinates": [[[-3.7078598, 40.4538907], [-3.7081906, 40.4541372], [-3.7086119, 40.4544548], [-3.7086019, 40.4544618], [-3.707853, 40.4538971], [-3.7078598, 40.4538907]]]}, "properties": {"ancho_m": 1.1}}, {"type": "Feature", "geometry": {"type": "Polygon", "coordinates": [[[-3.7075328, 40.4541792], [-3.7075457, 40.454168], [-3.7082785, 40.4546115], [-3.7083148, 40.4545761], [-3.7076784, 40.4541831], [-3.7076493, 40.454191], [-3.7075809, 40.4541512], [-3.7075746, 40.4541431], [-3.7075948, 40.4541257], [-3.7084434, 40.4546376], [-3.7083929, 40.4546353], [-3.7083611, 40.4546641], [-3.7083862, 40.4546974], [-3.7075328, 40.4541792]]]}, "properties": {"ancho_m": 1.8}}, {"type": "Feature", "geometry": {"type": "Polygon", "coordinates": [[[-3.7086486, 40.4566588], [-3.7086587, 40.4566548], [-3.7086858, 40.4566626], [-3.7086819, 40.4566689], [-3.7086486, 40.4566588]]]}, "properties": {"ancho_m": 0.6}}, {"type": "Feature", "geometry": {"type": "Polygon", "coordinates": [[[-3.707901, 40.4564499], [-3.7080879, 40.4564965], [-3.7087075, 40.456679], [-3.708675, 40.4567245], [-3.7086237, 40.4567378], [-3.7086097, 40.4567357], [-3.7086046, 40.4566914], [-3.7082861, 40.4566023], [-3.7082881, 40.4566455], [-3.7078975, 40.4565228], [-3.707809, 40.456477], [-3.707901, 40.4564499]]]}, "properties": {"ancho_m": 6.2}}, {"type": "Feature", "geometry": {"type": "Polygon", "coordinates": [[[-3.7080152, 40.4558683], [-3.708012, 40.4557923], [-3.7079914, 40.4557582], [-3.7079647, 40.455735], [-3.7079699, 40.4557121], [-3.7080164, 40.4557479], [-3.7080077, 40.4557548], [-3.7081532, 40.45587], [-3.7080152, 40.4558683]]]}, "properties": {"ancho_m": 3.0}}, {"type": "Feature", "geometry": {"type": "Polygon", "coordinates": [[[-3.7075191, 40.4560678], [-3.7079899, 40.4559063], [-3.7080152, 40.4558683], [-3.7081591, 40.455869], [-3.7081657, 40.4559348], [-3.7079416, 40.4559352], [-3.7075191, 40.4560678]]]}, "properties": {"ancho_m": 2.2}}, {"type": "Feature", "geometry": {"type": "Polygon", "coordinates": [[[-3.7079699, 40.4557121], [-3.7080835, 40.4555464], [-3.7080517, 40.4552376], [-3.7080735, 40.4552272], [-3.7080991, 40.4555451], [-3.7079817, 40.4557206], [-3.7079699, 40.4557121]]]}, "properties": {"ancho_m": 1.4}}, {"type": "Feature", "geometry": {"type": "Polygon", "coordinates": [[[-3.7071083, 40.4545656], [-3.7075202, 40.4548119], [-3.707507, 40.4548248], [-3.7075391, 40.454844], [-3.7075523, 40.4548311], [-3.7080701, 40.4551408], [-3.7080735, 40.4552272], [-3.7080517, 40.4552376], [-3.7080321, 40.4551441], [-3.7074013, 40.4547787], [-3.7071557, 40.4546272], [-3.7071362, 40.4546325], [-3.7070737, 40.4545954], [-3.7071083, 40.4545656]]]}, "properties": {"ancho_m": 2.7}}, {"type": "Feature", "geometry": {"type": "Polygon", "coordinates": [[[-3.7070708, 40.4545443], [-3.7070783, 40.4545365], [-3.7071012, 40.4545404], [-3.7074449, 40.4542262], [-3.7074405, 40.4542079], [-3.7074918, 40.454167], [-3.7075195, 40.4541627], [-3.7075457, 40.454168], [-3.7071083, 40.4545656], [-3.7070708, 40.4545443]]]}, "properties": {"ancho_m": 2.2}}, {"type": "Feature", "geometry": {"type": "Polygon", "coordinates": [[[-3.70784, 40.4538871], [-3.707853, 40.4538971], [-3.7075746, 40.4541431], [-3.707562, 40.4541169], [-3.7075655, 40.4540972], [-3.7075811, 40.4540824], [-3.7075955, 40.4540922], [-3.7078211, 40.4538934], [-3.70784, 40.4538871]]]}, "properties": {"ancho_m": 2.2}}, {"type": "Feature", "geometry": {"type": "Polygon", "coordinates": [[[-3.70784, 40.4538871], [-3.7078558, 40.4538877], [-3.7078598, 40.4538907], [-3.707853, 40.4538971], [-3.70784, 40.4538871]]]}, "properties": {"ancho_m": 0.5}}, {"type": "Feature", "geometry": {"type": "Polygon", "coordinates": [[[-3.7074245, 40.4561155], [-3.707513, 40.456109], [-3.707901, 40.4564499], [-3.707809, 40.456477], [-3.7077711, 40.4564513], [-3.7077831, 40.4564088], [-3.7076199, 40.4562641], [-3.7075984, 40.4563067], [-3.7075903, 40.4562994], [-3.7076098, 40.4562562], [-3.7074777, 40.456142], [-3.7074602, 40.4561862], [-3.7074267, 40.4561508], [-3.7074245, 40.4561155]]]}, "properties": {"ancho_m": 4.1}}, {"type": "Feature", "geometry": {"type": "Polygon", "coordinates": [[[-3.7075191, 40.4560678], [-3.707513, 40.456109], [-3.7074245, 40.4561155], [-3.7074436, 40.456093], [-3.7075191, 40.4560678]]]}, "properties": {"ancho_m": 2.2}}, {"type": "Feature", "geometry": {"type": "Polygon", "coordinates": [[[-3.7070708, 40.4545443], [-3.7071083, 40.4545656], [-3.7070737, 40.4545954], [-3.707055, 40.4545706], [-3.7070708, 40.4545443]]]}, "properties": {"ancho_m": 1.9}}, {"type": "Feature", "geometry": {"type": "Polygon", "coordinates": [[[-3.7086248, 40.4559656], [-3.7086406, 40.4559643], [-3.7087207, 40.456557], [-3.7087031, 40.4565583], [-3.7086248, 40.4559656]]]}, "properties": {"ancho_m": 1.5}}, {"type": "Feature", "geometry": {"type": "Polygon", "coordinates": [[[-3.7085085, 40.4551345], [-3.708523, 40.4551328], [-3.7085728, 40.4554874], [-3.7085583, 40.4554886], [-3.7085085, 40.4551345]]]}, "properties": {"ancho_m": 1.2}}, {"type": "Feature", "geometry": {"type": "Polygon", "coordinates": [[[-3.7085624, 40.4555183], [-3.708577, 40.4555171], [-3.7086162, 40.4557963], [-3.7086017, 40.4557976], [-3.7085624, 40.4555183]]]}, "properties": {"ancho_m": 1.2}}, {"type": "Feature", "geometry": {"type": "Polygon", "coordinates": [[[-3.7096082, 40.4556021], [-3.7095318, 40.455546], [-3.7095313, 40.455532], [-3.7095366, 40.4555273], [-3.7095781, 40.4555599], [-3.7096914, 40.4554769], [-3.7096575, 40.4554433], [-3.7097585, 40.4553998], [-3.7097887, 40.455402], [-3.709824, 40.4554313], [-3.709823, 40.4554491], [-3.7098117, 40.455458], [-3.7097723, 40.4554259], [-3.7095834, 40.4555645], [-3.7096241, 40.4555968], [-3.7096082, 40.4556021]], [[-3.7097557, 40.4554256], [-3.7097362, 40.4554196], [-3.7096711, 40.4554477], [-3.7096996, 40.4554663], [-3.7097557, 40.4554256]]]}, "properties": {"ancho_m": 1.3}}, {"type": "Feature", "geometry": {"type": "Polygon", "coordinates": [[[-3.7092474, 40.4545245], [-3.7093625, 40.4544453], [-3.7093694, 40.45445], [-3.7093745, 40.4544573], [-3.70926, 40.4545339], [-3.7092474, 40.4545245]]]}, "properties": {"ancho_m": 1.4}}, {"type": "Feature", "geometry": {"type": "Polygon", "coordinates": [[[-3.7085813, 40.4549785], [-3.7090765, 40.4546391], [-3.7090914, 40.4546499], [-3.7085973, 40.454991], [-3.7085813, 40.4549785]]]}, "properties": {"ancho_m": 1.6}}, {"type": "Feature", "geometry": {"type": "Polygon", "coordinates": [[[-3.7084462, 40.4567704], [-3.7081325, 40.4566858], [-3.708128, 40.4566774], [-3.7081378, 40.4566739], [-3.7084495, 40.4567571], [-3.7084544, 40.4567647], [-3.7084462, 40.4567704]]]}, "properties": {"ancho_m": 1.5}}, {"type": "Feature", "geometry": {"type": "Polygon", "coordinates": [[[-3.706266, 40.4512172], [-3.7062793, 40.4512135], [-3.7063518, 40.4514297], [-3.706315, 40.4516956], [-3.7063474, 40.45172], [-3.7063263, 40.4517208], [-3.7062991, 40.4516962], [-3.7063372, 40.4514576], [-3.706266, 40.4512172]]]}, "properties": {"ancho_m": 1.4}}, {"type": "Feature", "geometry": {"type": "Polygon", "coordinates": [[[-3.7062731, 40.4511964], [-3.7062793, 40.4512135], [-3.7062629, 40.451218], [-3.7062617, 40.4512072], [-3.7062731, 40.4511964]]]}, "properties": {"ancho_m": 0.7}}, {"type": "Feature", "geometry": {"type": "Polygon", "coordinates": [[[-3.7070169, 40.4514361], [-3.7070283, 40.4514379], [-3.707032, 40.4514237], [-3.7070204, 40.451422], [-3.7071155, 40.451042], [-3.7071317, 40.4510666], [-3.7069951, 40.4516172], [-3.7070152, 40.4516284], [-3.7069982, 40.451685], [-3.7069536, 40.4516873], [-3.7070169, 40.4514361]]]}, "properties": {"ancho_m": 2.0}}, {"type": "Feature", "geometry": {"type": "Polygon", "coordinates": [[[-3.7062765, 40.451195], [-3.7070877, 40.4510328], [-3.7071155, 40.451042], [-3.7071098, 40.4510665], [-3.7070956, 40.4510558], [-3.7062793, 40.4512135], [-3.7062765, 40.451195]]]}, "properties": {"ancho_m": 2.0}}, {"type": "Feature", "geometry": {"type": "Polygon", "coordinates": [[[-3.7069536, 40.4516873], [-3.7069805, 40.4516859], [-3.7069982, 40.451685], [-3.7069767, 40.4517019], [-3.7069516, 40.4517061], [-3.7069536, 40.4516873]]]}, "properties": {"ancho_m": 1.1}}, {"type": "Feature", "geometry": {"type": "Polygon", "coordinates": [[[-3.7063263, 40.4517208], [-3.7063475, 40.4517201], [-3.7069536, 40.4516873], [-3.7069516, 40.4517061], [-3.7067249, 40.4517185], [-3.7063528, 40.451737], [-3.7063263, 40.4517208]]]}, "properties": {"ancho_m": 2.0}}, {"type": "Feature", "geometry": {"type": "Polygon", "coordinates": [[[-3.7076253, 40.4507363], [-3.707643, 40.450751], [-3.7075828, 40.4509877], [-3.7074168, 40.4516239], [-3.7074047, 40.4516647], [-3.7073862, 40.4516657], [-3.7076253, 40.4507363]]]}, "properties": {"ancho_m": 1.7}}, {"type": "Feature", "geometry": {"type": "Polygon", "coordinates": [[[-3.7076421, 40.4507445], [-3.7073989, 40.4506314], [-3.7073719, 40.4506406], [-3.7073777, 40.4506137], [-3.7076277, 40.4507278], [-3.7076421, 40.4507445]]]}, "properties": {"ancho_m": 0.8}}, {"type": "Feature", "geometry": {"type": "Polygon", "coordinates": [[[-3.7071127, 40.4516791], [-3.7073143, 40.4516697], [-3.7074047, 40.4516647], [-3.7073793, 40.4516854], [-3.7071073, 40.4516989], [-3.7071127, 40.4516791]]]}, "properties": {"ancho_m": 2.0}}, {"type": "Feature", "geometry": {"type": "Polygon", "coordinates": [[[-3.7073777, 40.4506137], [-3.7071127, 40.4516791], [-3.7070688, 40.4516813], [-3.7070523, 40.4516597], [-3.7070509, 40.4516333], [-3.7071061, 40.4516109], [-3.7073515, 40.4506257], [-3.7073606, 40.4506157], [-3.7073777, 40.4506137]]]}, "properties": {"ancho_m": 2.2}}, {"type": "Feature", "geometry": {"type": "Polygon", "coordinates": [[[-3.7070688, 40.4516813], [-3.7071127, 40.4516791], [-3.7071073, 40.4516989], [-3.707089, 40.4516937], [-3.7070688, 40.4516813]]]}, "properties": {"ancho_m": 1.0}}, {"type": "Feature", "geometry": {"type": "Polygon", "coordinates": [[[-3.7062937, 40.4517969], [-3.7062917, 40.4518146], [-3.7062791, 40.4518153], [-3.7062826, 40.4518032], [-3.7062937, 40.4517969]]]}, "properties": {"ancho_m": 0.6}}, {"type": "Feature", "geometry": {"type": "Polygon", "coordinates": [[[-3.706189, 40.452347], [-3.7062791, 40.4518153], [-3.7062898, 40.4518147], [-3.7062046, 40.4523504], [-3.706189, 40.452347]]]}, "properties": {"ancho_m": 1.1}}, {"type": "Feature", "geometry": {"type": "Polygon", "coordinates": [[[-3.7062073, 40.4523614], [-3.7062046, 40.4523504], [-3.706858, 40.4523545], [-3.7068534, 40.4523647], [-3.7062073, 40.4523614]]]}, "properties": {"ancho_m": 1.1}}, {"type": "Feature", "geometry": {"type": "Polygon", "coordinates": [[[-3.706189, 40.452347], [-3.7062046, 40.4523504], [-3.7062073, 40.4523614], [-3.7061919, 40.4523591], [-3.706189, 40.452347]]]}, "properties": {"ancho_m": 0.7}}, {"type": "Feature", "geometry": {"type": "Polygon", "coordinates": [[[-3.706858, 40.4523545], [-3.7069044, 40.4520666], [-3.7068948, 40.4520453], [-3.7069047, 40.4520395], [-3.7069439, 40.4517792], [-3.7069803, 40.4517769], [-3.7069717, 40.4518484], [-3.7069476, 40.4518459], [-3.7068719, 40.4523547], [-3.706858, 40.4523545]]]}, "properties": {"ancho_m": 1.3}}, {"type": "Feature", "geometry": {"type": "Polygon", "coordinates": [[[-3.7069475, 40.4517456], [-3.7069688, 40.4517573], [-3.7069803, 40.4517769], [-3.7069439, 40.4517792], [-3.7069475, 40.4517456]]]}, "properties": {"ancho_m": 1.3}}, {"type": "Feature", "geometry": {"type": "Polygon", "coordinates": [[[-3.706858, 40.4523545], [-3.7068719, 40.4523547], [-3.7068715, 40.4523575], [-3.7068554, 40.4523647], [-3.706858, 40.4523545]]]}, "properties": {"ancho_m": 0.5}}, {"type": "Feature", "geometry": {"type": "Polygon", "coordinates": [[[-3.7062937, 40.4517969], [-3.7068615, 40.4517662], [-3.7068771, 40.4517468], [-3.7069475, 40.4517456], [-3.7069439, 40.4517792], [-3.7062917, 40.4518146], [-3.7062937, 40.4517969]]]}, "properties": {"ancho_m": 1.9}}, {"type": "Feature", "geometry": {"type": "Polygon", "coordinates": [[[-3.7074017, 40.4523593], [-3.707438, 40.4523374], [-3.7076478, 40.4517578], [-3.7076852, 40.4517535], [-3.7076763, 40.4517779], [-3.7076559, 40.451781], [-3.7074451, 40.4523531], [-3.7074402, 40.4523592], [-3.7074017, 40.4523593]]]}, "properties": {"ancho_m": 1.3}}, {"type": "Feature", "geometry": {"type": "Polygon", "coordinates": [[[-3.7070022, 40.4523653], [-3.7070031, 40.4523572], [-3.7074402, 40.4523592], [-3.7074104, 40.45237], [-3.7070022, 40.4523653]]]}, "properties": {"ancho_m": 1.0}}, {"type": "Feature", "geometry": {"type": "Polygon", "coordinates": [[[-3.7076311, 40.4517444], [-3.7076403, 40.4517138], [-3.7076704, 40.4517173], [-3.7076898, 40.4517411], [-3.7076852, 40.4517535], [-3.7076478, 40.4517578], [-3.7076311, 40.4517444]]]}, "properties": {"ancho_m": 2.3}}, {"type": "Feature", "geometry": {"type": "Polygon", "coordinates": [[[-3.7070974, 40.451735], [-3.7072227, 40.4517293], [-3.707224, 40.4517465], [-3.7076275, 40.4517263], [-3.7076403, 40.4517138], [-3.7076311, 40.4517444], [-3.7070877, 40.4517702], [-3.7070974, 40.451735]]]}, "properties": {"ancho_m": 2.2}}, {"type": "Feature", "geometry": {"type": "Polygon", "coordinates": [[[-3.706985, 40.4523569], [-3.7070568, 40.4518353], [-3.7070093, 40.4518528], [-3.7070205, 40.4517744], [-3.7070877, 40.4517702], [-3.7070031, 40.4523572], [-3.706985, 40.4523569]]]}, "properties": {"ancho_m": 2.3}}, {"type": "Feature", "geometry": {"type": "Polygon", "coordinates": [[[-3.7070974, 40.451735], [-3.7070877, 40.4517702], [-3.7070205, 40.4517744], [-3.707043, 40.4517466], [-3.7070974, 40.451735]]]}, "properties": {"ancho_m": 2.1}}, {"type": "Feature", "geometry": {"type": "Polygon", "coordinates": [[[-3.706985, 40.4523569], [-3.7070031, 40.4523572], [-3.7070022, 40.4523653], [-3.7069942, 40.4523643], [-3.706985, 40.4523569]]]}, "properties": {"ancho_m": 0.5}}, {"type": "Feature", "geometry": {"type": "Polygon", "coordinates": [[[-3.7094369, 40.4517738], [-3.7094069, 40.451769], [-3.7094382, 40.4517603], [-3.7094369, 40.4517738]]]}, "properties": {"ancho_m": 0.6}}, {"type": "Feature", "geometry": {"type": "Polygon", "coordinates": [[[-3.7094382, 40.4517603], [-3.709641, 40.4517147], [-3.7099123, 40.4517272], [-3.7099119, 40.4517377], [-3.709631, 40.4517249], [-3.7094369, 40.4517738], [-3.7094382, 40.4517603]]]}, "properties": {"ancho_m": 1.2}}, {"type": "Feature", "geometry": {"type": "Polygon", "coordinates": [[[-3.7094044, 40.4517708], [-3.7094369, 40.4517738], [-3.7094333, 40.4518784], [-3.7094447, 40.4519513], [-3.7094862, 40.4519708], [-3.7095366, 40.4520245], [-3.7094902, 40.4520411], [-3.7094599, 40.4520366], [-3.7094085, 40.4519834], [-3.7093947, 40.4519146], [-3.7094044, 40.4517708]]]}, "properties": {"ancho_m": 3.7}}, {"type": "Feature", "geometry": {"type": "Polygon", "coordinates": [[[-3.7094862, 40.4519708], [-3.7099094, 40.4518023], [-3.7099456, 40.4518105], [-3.7099411, 40.4518535], [-3.7099239, 40.4518849], [-3.7098814, 40.4519013], [-3.7098873, 40.451851], [-3.7095487, 40.4519749], [-3.7095575, 40.4520169], [-3.7095366, 40.4520245], [-3.7094862, 40.4519708]]]}, "properties": {"ancho_m": 3.5}}, {"type": "Feature", "geometry": {"type": "Polygon", "coordinates": [[[-3.7099094, 40.4518023], [-3.7099119, 40.4517377], [-3.7099123, 40.4517272], [-3.7099276, 40.4517357], [-3.7099213, 40.4517997], [-3.7099294, 40.4518033], [-3.7099094, 40.4518023]]]}, "properties": {"ancho_m": 1.0}}, {"type": "Feature", "geometry": {"type": "Polygon", "coordinates": [[[-3.7085168, 40.4530683], [-3.7085661, 40.4530693], [-3.7085477, 40.4530835], [-3.708576, 40.4531006], [-3.7085918, 40.45309], [-3.7085994, 40.4530961], [-3.7085817, 40.4531253], [-3.7084776, 40.4531723], [-3.7084608, 40.4531716], [-3.708438, 40.4531549], [-3.7084369, 40.4531389], [-3.7084621, 40.4531052], [-3.7084819, 40.4531142], [-3.7085168, 40.4530683]]]}, "properties": {"ancho_m": 3.9}}, {"type": "Feature", "geometry": {"type": "Polygon", "coordinates": [[[-3.7085168, 40.4530683], [-3.7086002, 40.4529577], [-3.7086704, 40.4528419], [-3.7086967, 40.452815], [-3.7087162, 40.4528144], [-3.7089878, 40.4525092], [-3.7091343, 40.4523635], [-3.7093514, 40.4522267], [-3.7093395, 40.4522146], [-3.7093988, 40.4521761], [-3.7094276, 40.4521706], [-3.7094673, 40.4521944], [-3.7092049, 40.452359], [-3.7089959, 40.4525567], [-3.7085661, 40.4530693], [-3.7085168, 40.4530683]]]}, "properties": {"ancho_m": 4.1}}, {"type": "Feature", "geometry": {"type": "Polygon", "coordinates": [[[-3.7098975, 40.4523953], [-3.7096393, 40.4522924], [-3.7094276, 40.4521706], [-3.7094921, 40.452183], [-3.7096087, 40.4522463], [-3.7097888, 40.4523295], [-3.7099783, 40.4523935], [-3.7100097, 40.4524093], [-3.7100223, 40.4524294], [-3.7098975, 40.4523953]]]}, "properties": {"ancho_m": 2.4}}, {"type": "Feature", "geometry": {"type": "Polygon", "coordinates": [[[-3.7099127, 40.452508], [-3.7099019, 40.4524692], [-3.7099842, 40.4524543], [-3.7099673, 40.4524218], [-3.7098987, 40.4524151], [-3.7098975, 40.4523953], [-3.7100223, 40.4524294], [-3.7100207, 40.4524477], [-3.7100015, 40.4524686], [-3.7099127, 40.452508]]]}, "properties": {"ancho_m": 1.9}}, {"type": "Feature", "geometry": {"type": "Polygon", "coordinates": [[[-3.7085994, 40.4530961], [-3.7089585, 40.4529263], [-3.7099032, 40.4524917], [-3.7099127, 40.452508], [-3.7085817, 40.4531253], [-3.7085994, 40.4530961]]]}, "properties": {"ancho_m": 2.0}}, {"type": "Feature", "geometry": {"type": "Polygon", "coordinates": [[[-3.7081456, 40.4503297], [-3.7081735, 40.4503425], [-3.708183, 40.4503696], [-3.7081531, 40.4503521], [-3.7081405, 40.4503336], [-3.7081456, 40.4503297]]]}, "properties": {"ancho_m": 1.2}}, {"type": "Feature", "geometry": {"type": "Polygon", "coordinates": [[[-3.7080615, 40.4505832], [-3.7081552, 40.4503552], [-3.7081532, 40.4503518], [-3.708183, 40.4503696], [-3.7081666, 40.4504163], [-3.7081406, 40.4504136], [-3.7081325, 40.4504335], [-3.7080934, 40.4505464], [-3.708106, 40.4505596], [-3.7081038, 40.4505724], [-3.7080757, 40.4505878], [-3.7080615, 40.4505832]]]}, "properties": {"ancho_m": 1.6}}, {"type": "Feature", "geometry": {"type": "Polygon", "coordinates": [[[-3.7081405, 40.4503336], [-3.708103, 40.4503086], [-3.7080273, 40.450278], [-3.7075069, 40.4500217], [-3.707507, 40.4500103], [-3.7080824, 40.450292], [-3.7081481, 40.4503258], [-3.7081405, 40.4503336]]]}, "properties": {"ancho_m": 1.0}}, {"type": "Feature", "geometry": {"type": "Polygon", "coordinates": [[[-3.7074349, 40.4503499], [-3.707445, 40.4503068], [-3.707457, 40.4503256], [-3.7080597, 40.4505544], [-3.708075, 40.4505489], [-3.7080615, 40.4505832], [-3.7080289, 40.4505727], [-3.7080228, 40.4505532], [-3.7075991, 40.4503909], [-3.707589, 40.4504065], [-3.7074349, 40.4503499]]]}, "properties": {"ancho_m": 1.7}}, {"type": "Feature", "geometry": {"type": "Polygon", "coordinates": [[[-3.7074407, 40.4500045], [-3.7074796, 40.4499974], [-3.707507, 40.4500103], [-3.7075069, 40.4500217], [-3.707481, 40.4500291], [-3.7074407, 40.4500045]]]}, "properties": {"ancho_m": 1.7}}, {"type": "Feature", "geometry": {"type": "Polygon", "coordinates": [[[-3.7074407, 40.4500045], [-3.707481, 40.4500291], [-3.7074349, 40.4503499], [-3.7074184, 40.4503295], [-3.7074564, 40.4500519], [-3.7074077, 40.4500647], [-3.7074145, 40.4500311], [-3.7074407, 40.4500045]]]}, "properties": {"ancho_m": 2.1}}, {"type": "Feature", "geometry": {"type": "Polygon", "coordinates": [[[-3.705992, 40.4470193], [-3.7059763, 40.4469923], [-3.7059783, 40.4469536], [-3.705998, 40.4469237], [-3.7060309, 40.4469055], [-3.7062432, 40.4469141], [-3.7062128, 40.4469404], [-3.7061968, 40.4469838], [-3.7062054, 40.4470216], [-3.7062293, 40.447052], [-3.7060255, 40.4470411], [-3.705992, 40.4470193]]]}, "properties": {"ancho_m": 8.0}}, {"type": "Feature", "geometry": {"type": "Polygon", "coordinates": [[[-3.7056742, 40.4470222], [-3.7055336, 40.4469446], [-3.7054733, 40.446926], [-3.7054143, 40.4469192], [-3.7047677, 40.4468826], [-3.7046911, 40.4468912], [-3.7045239, 40.446934], [-3.7043854, 40.4468203], [-3.7047956, 40.4468437], [-3.7048532, 40.4468386], [-3.7059066, 40.4468958], [-3.7058838, 40.446937], [-3.7058794, 40.4469677], [-3.7058924, 40.4470339], [-3.7056742, 40.4470222]]]}, "properties": {"ancho_m": 7.1}}, {"type": "Feature", "geometry": {"type": "Polygon", "coordinates": [[[-3.7043854, 40.4468203], [-3.7045239, 40.4469339], [-3.7045239, 40.446934], [-3.7043637, 40.446931], [-3.7043142, 40.4468241], [-3.7043248, 40.4468168], [-3.7043854, 40.4468203]]]}, "properties": {"ancho_m": 4.9}}, {"type": "Feature", "geometry": {"type": "Polygon", "coordinates": [[[-3.7045956, 40.4469641], [-3.7046304, 40.4469456], [-3.7047058, 40.4469424], [-3.7054209, 40.4469849], [-3.7054492, 40.4469928], [-3.7054777, 40.4470116], [-3.7045956, 40.4469641]]]}, "properties": {"ancho_m": 2.7}}, {"type": "Feature", "geometry": {"type": "Polygon", "coordinates": [[[-3.704109, 40.4469379], [-3.7040911, 40.4469065], [-3.7040565, 40.4468761], [-3.7040115, 40.4468539], [-3.7039607, 40.4468434], [-3.7039076, 40.4468446], [-3.7038488, 40.4468612], [-3.7038078, 40.4468866], [-3.7037787, 40.4469201], [-3.7037613, 40.4469192], [-3.7037971, 40.4468768], [-3.7038428, 40.4468495], [-3.7038969, 40.4468338], [-3.7039617, 40.4468307], [-3.7040185, 40.446843], [-3.7040724, 40.4468701], [-3.7041195, 40.4469208], [-3.7041268, 40.4469389], [-3.704109, 40.4469379]]]}, "properties": {"ancho_m": 1.3}}]}