{"type": "FeatureCollection", "features": [{"type": "Feature", "geometry": {"type": "Point", "coordinates": [-3.7058412, 40.4555675]}, "properties": {"ubicacion": "aparcamiento", "copa": 12.2, "species": "Platanus x hispanica", "comun": "Plátano de sombra"}}, {"type": "Feature", "geometry": {"type": "Point", "coordinates": [-3.7059456, 40.4554741]}, "properties": {"ubicacion": "aparcamiento", "copa": 11.1, "species": "Platanus x hispanica", "comun": "Plátano de sombra"}}, {"type": "Feature", "geometry": {"type": "Point", "coordinates": [-3.70605, 40.4553806]}, "properties": {"ubicacion": "aparcamiento", "copa": 11.1, "species": "Platanus x hispanica", "comun": "Plátano de sombra"}}, {"type": "Feature", "geometry": {"type": "Point", "coordinates": [-3.7057602, 40.456018]}, "properties": {"ubicacion": "aparcamiento", "copa": 4.1, "species": "Ligustrum japonicum", "comun": "Aligustre del Japón"}}, {"type": "Feature", "geometry": {"type": "Point", "coordinates": [-3.7055684, 40.4560078]}, "properties": {"ubicacion": "aparcamiento", "copa": 3.7, "species": "Ligustrum japonicum", "comun": "Aligustre del Japón"}}, {"type": "Feature", "geometry": {"type": "Point", "coordinates": [-3.706186, 40.4560405]}, "properties": {"ubicacion": "aparcamiento", "copa": 4.9, "species": "Pyrus calleryana", "comun": "Peral de flor"}}, {"type": "Feature", "geometry": {"type": "Point", "coordinates": [-3.7060128, 40.4560307]}, "properties": {"ubicacion": "aparcamiento", "copa": 4.1, "species": "Pyrus calleryana", "comun": "Peral de flor"}}, {"type": "Feature", "geometry": {"type": "Point", "coordinates": [-3.7058397, 40.4560201]}, "properties": {"ubicacion": "aparcamiento", "copa": 2.7, "species": "Hibiscus syriacus", "comun": "Rosa de Siria"}}, {"type": "Feature", "geometry": {"type": "Point", "coordinates": [-3.7064464, 40.4560226]}, "properties": {"ubicacion": "aparcamiento", "copa": 4.8, "species": "Pyrus calleryana", "comun": "Peral de flor"}}, {"type": "Feature", "geometry": {"type": "Point", "coordinates": [-3.7063957, 40.4558349]}, "properties": {"ubicacion": "aparcamiento", "copa": 4.3, "species": "Ligustrum japonicum", "comun": "Aligustre del Japón"}}, {"type": "Feature", "geometry": {"type": "Point", "coordinates": [-3.705584, 40.4546675]}, "properties": {"ubicacion": "aparcamiento", "copa": 4.6, "species": "Pyrus calleryana", "comun": "Peral de flor"}}, {"type": "Feature", "geometry": {"type": "Point", "coordinates": [-3.707714, 40.4559513]}, "properties": {"ubicacion": "aparcamiento", "copa": 4.4, "species": "Pyrus calleryana", "comun": "Peral de flor"}}, {"type": "Feature", "geometry": {"type": "Point", "coordinates": [-3.7075904, 40.4559925]}, "properties": {"ubicacion": "aparcamiento", "copa": 4.5, "species": "Pyrus calleryana", "comun": "Peral de flor"}}, {"type": "Feature", "geometry": {"type": "Point", "coordinates": [-3.707467, 40.4560339]}, "properties": {"ubicacion": "aparcamiento", "copa": 4.8, "species": "Pyrus calleryana", "comun": "Peral de flor"}}, {"type": "Feature", "geometry": {"type": "Point", "coordinates": [-3.7078712, 40.4556677]}, "properties": {"ubicacion": "aparcamiento", "copa": 4.2, "species": "Pyrus calleryana", "comun": "Peral de flor"}}, {"type": "Feature", "geometry": {"type": "Point", "coordinates": [-3.7077409, 40.4555636]}, "properties": {"ubicacion": "aparcamiento", "copa": 4.7, "species": "Pyrus calleryana", "comun": "Peral de flor"}}, {"type": "Feature", "geometry": {"type": "Point", "coordinates": [-3.7076119, 40.4554586]}, "properties": {"ubicacion": "aparcamiento", "copa": 4.2, "species": "Pyrus calleryana", "comun": "Peral de flor"}}, {"type": "Feature", "geometry": {"type": "Point", "coordinates": [-3.7074311, 40.4553142]}, "properties": {"ubicacion": "aparcamiento", "copa": 3.9, "species": "Ligustrum japonicum", "comun": "Aligustre del Japón"}}, {"type": "Feature", "geometry": {"type": "Point", "coordinates": [-3.7073264, 40.4552284]}, "properties": {"ubicacion": "aparcamiento", "copa": 2.7, "species": "Hibiscus syriacus", "comun": "Rosa de Siria"}}, {"type": "Feature", "geometry": {"type": "Point", "coordinates": [-3.7072207, 40.4551433]}, "properties": {"ubicacion": "aparcamiento", "copa": 2.3, "species": "Hibiscus syriacus", "comun": "Rosa de Siria"}}, {"type": "Feature", "geometry": {"type": "Point", "coordinates": [-3.7071121, 40.4550603]}, "properties": {"ubicacion": "aparcamiento", "copa": 4.1, "species": "Ligustrum japonicum", "comun": "Aligustre del Japón"}}, {"type": "Feature", "geometry": {"type": "Point", "coordinates": [-3.7070081, 40.4549741]}, "properties": {"ubicacion": "aparcamiento", "copa": 2.4, "species": "Hibiscus syriacus", "comun": "Rosa de Siria"}}, {"type": "Feature", "geometry": {"type": "Point", "coordinates": [-3.7068997, 40.454891]}, "properties": {"ubicacion": "aparcamiento", "copa": 4.1, "species": "Ligustrum japonicum", "comun": "Aligustre del Japón"}}, {"type": "Feature", "geometry": {"type": "Point", "coordinates": [-3.7067338, 40.4548596]}, "properties": {"ubicacion": "aparcamiento", "copa": 4.6, "species": "Pyrus calleryana", "comun": "Peral de flor"}}, {"type": "Feature", "geometry": {"type": "Point", "coordinates": [-3.7066249, 40.4549581]}, "properties": {"ubicacion": "aparcamiento", "copa": 4.4, "species": "Ligustrum japonicum", "comun": "Aligustre del Japón"}}, {"type": "Feature", "geometry": {"type": "Point", "coordinates": [-3.7065162, 40.4550567]}, "properties": {"ubicacion": "aparcamiento", "copa": 4.1, "species": "Ligustrum japonicum", "comun": "Aligustre del Japón"}}, {"type": "Feature", "geometry": {"type": "Point", "coordinates": [-3.7080401, 40.4552472]}, "properties": {"ubicacion": "aparcamiento", "copa": 4.2, "species": "Ligustrum japonicum", "comun": "Aligustre del Japón"}}, {"type": "Feature", "geometry": {"type": "Point", "coordinates": [-3.7079792, 40.4551221]}, "properties": {"ubicacion": "aparcamiento", "copa": 4.1, "species": "Ligustrum japonicum", "comun": "Aligustre del Japón"}}, {"type": "Feature", "geometry": {"type": "Point", "coordinates": [-3.707426, 40.4542244]}, "properties": {"ubicacion": "aparcamiento", "copa": 11.4, "species": "Platanus x hispanica", "comun": "Plátano de sombra"}}, {"type": "Feature", "geometry": {"type": "Point", "coordinates": [-3.7072821, 40.4543541]}, "properties": {"ubicacion": "aparcamiento", "copa": 11.3, "species": "Platanus x hispanica", "comun": "Plátano de sombra"}}, {"type": "Feature", "geometry": {"type": "Point", "coordinates": [-3.7070889, 40.4545284]}, "properties": {"ubicacion": "aparcamiento", "copa": 12.8, "species": "Platanus x hispanica", "comun": "Plátano de sombra"}}, {"type": "Feature", "geometry": {"type": "Point", "coordinates": [-3.7072242, 40.4544067]}, "properties": {"ubicacion": "aparcamiento", "copa": 11.3, "species": "Platanus x hispanica", "comun": "Plátano de sombra"}}, {"type": "Feature", "geometry": {"type": "Point", "coordinates": [-3.7083321, 40.454591]}, "properties": {"ubicacion": "aparcamiento", "copa": 3.9, "species": "Ligustrum japonicum", "comun": "Aligustre del Japón"}}, {"type": "Feature", "geometry": {"type": "Point", "coordinates": [-3.7081984, 40.4545077]}, "properties": {"ubicacion": "aparcamiento", "copa": 2.5, "species": "Hibiscus syriacus", "comun": "Rosa de Siria"}}, {"type": "Feature", "geometry": {"type": "Point", "coordinates": [-3.7080612, 40.4544277]}, "properties": {"ubicacion": "aparcamiento", "copa": 4.2, "species": "Ligustrum japonicum", "comun": "Aligustre del Japón"}}, {"type": "Feature", "geometry": {"type": "Point", "coordinates": [-3.7079275, 40.4543443]}, "properties": {"ubicacion": "aparcamiento", "copa": 2.7, "species": "Hibiscus syriacus", "comun": "Rosa de Siria"}}, {"type": "Feature", "geometry": {"type": "Point", "coordinates": [-3.707791, 40.4542636]}, "properties": {"ubicacion": "aparcamiento", "copa": 3.8, "species": "Ligustrum japonicum", "comun": "Aligustre del Japón"}}, {"type": "Feature", "geometry": {"type": "Point", "coordinates": [-3.705104, 40.4541244]}, "properties": {"ubicacion": "aparcamiento", "copa": 10.9, "species": "Platanus x hispanica", "comun": "Plátano de sombra"}}, {"type": "Feature", "geometry": {"type": "Point", "coordinates": [-3.7102453, 40.4561873]}, "properties": {"ubicacion": "aparcamiento", "copa": 11.7, "species": "Platanus x hispanica", "comun": "Plátano de sombra"}}, {"type": "Feature", "geometry": {"type": "Point", "coordinates": [-3.7109556, 40.4559688]}, "properties": {"ubicacion": "aparcamiento", "copa": 12.4, "species": "Platanus x hispanica", "comun": "Plátano de sombra"}}, {"type": "Feature", "geometry": {"type": "Point", "coordinates": [-3.7111447, 40.4560703]}, "properties": {"ubicacion": "aparcamiento", "copa": 4.1, "species": "Ligustrum japonicum", "comun": "Aligustre del Japón"}}, {"type": "Feature", "geometry": {"type": "Point", "coordinates": [-3.7106765, 40.455716]}, "properties": {"ubicacion": "aparcamiento", "copa": 3.8, "species": "Ligustrum japonicum", "comun": "Aligustre del Japón"}}, {"type": "Feature", "geometry": {"type": "Point", "coordinates": [-3.710588, 40.4556062]}, "properties": {"ubicacion": "aparcamiento", "copa": 2.5, "species": "Hibiscus syriacus", "comun": "Rosa de Siria"}}, {"type": "Feature", "geometry": {"type": "Point", "coordinates": [-3.7104976, 40.4554973]}, "properties": {"ubicacion": "aparcamiento", "copa": 2.5, "species": "Hibiscus syriacus", "comun": "Rosa de Siria"}}, {"type": "Feature", "geometry": {"type": "Point", "coordinates": [-3.7104053, 40.4553894]}, "properties": {"ubicacion": "aparcamiento", "copa": 3.8, "species": "Ligustrum japonicum", "comun": "Aligustre del Japón"}}, {"type": "Feature", "geometry": {"type": "Point", "coordinates": [-3.7103145, 40.4552808]}, "properties": {"ubicacion": "aparcamiento", "copa": 4.1, "species": "Pyrus calleryana", "comun": "Peral de flor"}}, {"type": "Feature", "geometry": {"type": "Point", "coordinates": [-3.7102239, 40.4551718]}, "properties": {"ubicacion": "aparcamiento", "copa": 4.1, "species": "Ligustrum japonicum", "comun": "Aligustre del Japón"}}, {"type": "Feature", "geometry": {"type": "Point", "coordinates": [-3.7101358, 40.4550618]}, "properties": {"ubicacion": "aparcamiento", "copa": 2.6, "species": "Hibiscus syriacus", "comun": "Rosa de Siria"}}, {"type": "Feature", "geometry": {"type": "Point", "coordinates": [-3.7108746, 40.4556323]}, "properties": {"ubicacion": "aparcamiento", "copa": 4.3, "species": "Pyrus calleryana", "comun": "Peral de flor"}}, {"type": "Feature", "geometry": {"type": "Point", "coordinates": [-3.7108273, 40.4554719]}, "properties": {"ubicacion": "aparcamiento", "copa": 3.9, "species": "Ligustrum japonicum", "comun": "Aligustre del Japón"}}, {"type": "Feature", "geometry": {"type": "Point", "coordinates": [-3.7107979, 40.4553785]}, "properties": {"ubicacion": "aparcamiento", "copa": 4.0, "species": "Ligustrum japonicum", "comun": "Aligustre del Japón"}}, {"type": "Feature", "geometry": {"type": "Point", "coordinates": [-3.710757, 40.4552525]}, "properties": {"ubicacion": "aparcamiento", "copa": 4.9, "species": "Pyrus calleryana", "comun": "Peral de flor"}}, {"type": "Feature", "geometry": {"type": "Point", "coordinates": [-3.7107216, 40.4551256]}, "properties": {"ubicacion": "aparcamiento", "copa": 2.6, "species": "Hibiscus syriacus", "comun": "Rosa de Siria"}}, {"type": "Feature", "geometry": {"type": "Point", "coordinates": [-3.7106795, 40.4549999]}, "properties": {"ubicacion": "aparcamiento", "copa": 4.2, "species": "Ligustrum japonicum", "comun": "Aligustre del Japón"}}, {"type": "Feature", "geometry": {"type": "Point", "coordinates": [-3.7105093, 40.4544392]}, "properties": {"ubicacion": "aparcamiento", "copa": 3.7, "species": "Ligustrum japonicum", "comun": "Aligustre del Japón"}}, {"type": "Feature", "geometry": {"type": "Point", "coordinates": [-3.7104546, 40.4542642]}, "properties": {"ubicacion": "aparcamiento", "copa": 4.2, "species": "Ligustrum japonicum", "comun": "Aligustre del Japón"}}, {"type": "Feature", "geometry": {"type": "Point", "coordinates": [-3.7099787, 40.453483]}, "properties": {"ubicacion": "aparcamiento", "copa": 4.5, "species": "Pyrus calleryana", "comun": "Peral de flor"}}, {"type": "Feature", "geometry": {"type": "Point", "coordinates": [-3.7100504, 40.453587]}, "properties": {"ubicacion": "aparcamiento", "copa": 3.8, "species": "Ligustrum japonicum", "comun": "Aligustre del Japón"}}, {"type": "Feature", "geometry": {"type": "Point", "coordinates": [-3.7101179, 40.4536927]}, "properties": {"ubicacion": "aparcamiento", "copa": 2.4, "species": "Hibiscus syriacus", "comun": "Rosa de Siria"}}, {"type": "Feature", "geometry": {"type": "Point", "coordinates": [-3.7101805, 40.4538002]}, "properties": {"ubicacion": "aparcamiento", "copa": 3.8, "species": "Ligustrum japonicum", "comun": "Aligustre del Japón"}}, {"type": "Feature", "geometry": {"type": "Point", "coordinates": [-3.7102546, 40.45391]}, "properties": {"ubicacion": "aparcamiento", "copa": 4.3, "species": "Ligustrum japonicum", "comun": "Aligustre del Japón"}}, {"type": "Feature", "geometry": {"type": "Point", "coordinates": [-3.7114161, 40.4547812]}, "properties": {"ubicacion": "aparcamiento", "copa": 4.0, "species": "Ligustrum japonicum", "comun": "Aligustre del Japón"}}, {"type": "Feature", "geometry": {"type": "Point", "coordinates": [-3.7112286, 40.4546444]}, "properties": {"ubicacion": "aparcamiento", "copa": 2.5, "species": "Hibiscus syriacus", "comun": "Rosa de Siria"}}, {"type": "Feature", "geometry": {"type": "Point", "coordinates": [-3.7112976, 40.4526733]}, "properties": {"ubicacion": "aparcamiento", "copa": 4.4, "species": "Ligustrum japonicum", "comun": "Aligustre del Japón"}}, {"type": "Feature", "geometry": {"type": "Point", "coordinates": [-3.7111567, 40.4527258]}, "properties": {"ubicacion": "aparcamiento", "copa": 4.0, "species": "Ligustrum japonicum", "comun": "Aligustre del Japón"}}, {"type": "Feature", "geometry": {"type": "Point", "coordinates": [-3.7110159, 40.4527783]}, "properties": {"ubicacion": "aparcamiento", "copa": 3.6, "species": "Ligustrum japonicum", "comun": "Aligustre del Japón"}}, {"type": "Feature", "geometry": {"type": "Point", "coordinates": [-3.7099539, 40.4531721]}, "properties": {"ubicacion": "aparcamiento", "copa": 4.2, "species": "Pyrus calleryana", "comun": "Peral de flor"}}, {"type": "Feature", "geometry": {"type": "Point", "coordinates": [-3.7101227, 40.45311]}, "properties": {"ubicacion": "aparcamiento", "copa": 3.7, "species": "Ligustrum japonicum", "comun": "Aligustre del Japón"}}, {"type": "Feature", "geometry": {"type": "Point", "coordinates": [-3.7102924, 40.4530492]}, "properties": {"ubicacion": "aparcamiento", "copa": 4.3, "species": "Ligustrum japonicum", "comun": "Aligustre del Japón"}}, {"type": "Feature", "geometry": {"type": "Point", "coordinates": [-3.7087345, 40.4535533]}, "properties": {"ubicacion": "aparcamiento", "copa": 4.4, "species": "Ligustrum japonicum", "comun": "Aligustre del Japón"}}, {"type": "Feature", "geometry": {"type": "Point", "coordinates": [-3.70866, 40.4534809]}, "properties": {"ubicacion": "aparcamiento", "copa": 4.3, "species": "Ligustrum japonicum", "comun": "Aligustre del Japón"}}, {"type": "Feature", "geometry": {"type": "Point", "coordinates": [-3.7085882, 40.4534069]}, "properties": {"ubicacion": "aparcamiento", "copa": 2.3, "species": "Hibiscus syriacus", "comun": "Rosa de Siria"}}, {"type": "Feature", "geometry": {"type": "Point", "coordinates": [-3.7084367, 40.454264]}, "properties": {"ubicacion": "aparcamiento", "copa": 4.4, "species": "Ligustrum japonicum", "comun": "Aligustre del Japón"}}, {"type": "Feature", "geometry": {"type": "Point", "coordinates": [-3.7082588, 40.4541274]}, "properties": {"ubicacion": "aparcamiento", "copa": 4.2, "species": "Pyrus calleryana", "comun": "Peral de flor"}}, {"type": "Feature", "geometry": {"type": "Point", "coordinates": [-3.7044028, 40.4541615]}, "properties": {"ubicacion": "aparcamiento", "copa": 4.1, "species": "Ligustrum japonicum", "comun": "Aligustre del Japón"}}, {"type": "Feature", "geometry": {"type": "Point", "coordinates": [-3.7045629, 40.4541837]}, "properties": {"ubicacion": "aparcamiento", "copa": 3.7, "species": "Ligustrum japonicum", "comun": "Aligustre del Japón"}}, {"type": "Feature", "geometry": {"type": "Point", "coordinates": [-3.7047226, 40.454207]}, "properties": {"ubicacion": "aparcamiento", "copa": 4.1, "species": "Ligustrum japonicum", "comun": "Aligustre del Japón"}}, {"type": "Feature", "geometry": {"type": "Point", "coordinates": [-3.7052197, 40.4531224]}, "properties": {"ubicacion": "aparcamiento", "copa": 4.0, "species": "Ligustrum japonicum", "comun": "Aligustre del Japón"}}, {"type": "Feature", "geometry": {"type": "Point", "coordinates": [-3.7051966, 40.4532554]}, "properties": {"ubicacion": "aparcamiento", "copa": 4.4, "species": "Ligustrum japonicum", "comun": "Aligustre del Japón"}}, {"type": "Feature", "geometry": {"type": "Point", "coordinates": [-3.7051722, 40.4533882]}, "properties": {"ubicacion": "aparcamiento", "copa": 4.1, "species": "Pyrus calleryana", "comun": "Peral de flor"}}, {"type": "Feature", "geometry": {"type": "Point", "coordinates": [-3.7044381, 40.4529978]}, "properties": {"ubicacion": "aparcamiento", "copa": 2.3, "species": "Hibiscus syriacus", "comun": "Rosa de Siria"}}, {"type": "Feature", "geometry": {"type": "Point", "coordinates": [-3.7044208, 40.4531255]}, "properties": {"ubicacion": "aparcamiento", "copa": 4.8, "species": "Pyrus calleryana", "comun": "Peral de flor"}}, {"type": "Feature", "geometry": {"type": "Point", "coordinates": [-3.7043975, 40.4532526]}, "properties": {"ubicacion": "aparcamiento", "copa": 3.9, "species": "Ligustrum japonicum", "comun": "Aligustre del Japón"}}, {"type": "Feature", "geometry": {"type": "Point", "coordinates": [-3.7044547, 40.453283]}, "properties": {"ubicacion": "aparcamiento", "copa": 3.7, "species": "Ligustrum japonicum", "comun": "Aligustre del Japón"}}, {"type": "Feature", "geometry": {"type": "Point", "coordinates": [-3.7044769, 40.4531428]}, "properties": {"ubicacion": "aparcamiento", "copa": 4.2, "species": "Ligustrum japonicum", "comun": "Aligustre del Japón"}}, {"type": "Feature", "geometry": {"type": "Point", "coordinates": [-3.7045008, 40.4530029]}, "properties": {"ubicacion": "aparcamiento", "copa": 3.7, "species": "Ligustrum japonicum", "comun": "Aligustre del Japón"}}, {"type": "Feature", "geometry": {"type": "Point", "coordinates": [-3.7066428, 40.4531971]}, "properties": {"ubicacion": "aparcamiento", "copa": 2.7, "species": "Hibiscus syriacus", "comun": "Rosa de Siria"}}, {"type": "Feature", "geometry": {"type": "Point", "coordinates": [-3.7064397, 40.453174]}, "properties": {"ubicacion": "aparcamiento", "copa": 4.5, "species": "Pyrus calleryana", "comun": "Peral de flor"}}, {"type": "Feature", "geometry": {"type": "Point", "coordinates": [-3.7105412, 40.4521089]}, "properties": {"ubicacion": "aparcamiento", "copa": 4.1, "species": "Ligustrum japonicum", "comun": "Aligustre del Japón"}}, {"type": "Feature", "geometry": {"type": "Point", "coordinates": [-3.7104765, 40.4520091]}, "properties": {"ubicacion": "aparcamiento", "copa": 4.4, "species": "Ligustrum japonicum", "comun": "Aligustre del Japón"}}, {"type": "Feature", "geometry": {"type": "Point", "coordinates": [-3.710413, 40.4519088]}, "properties": {"ubicacion": "aparcamiento", "copa": 3.9, "species": "Ligustrum japonicum", "comun": "Aligustre del Japón"}}, {"type": "Feature", "geometry": {"type": "Point", "coordinates": [-3.7068177, 40.4527877]}, "properties": {"ubicacion": "aparcamiento", "copa": 4.0, "species": "Ligustrum japonicum", "comun": "Aligustre del Japón"}}, {"type": "Feature", "geometry": {"type": "Point", "coordinates": [-3.7067998, 40.4528884]}, "properties": {"ubicacion": "aparcamiento", "copa": 2.3, "species": "Hibiscus syriacus", "comun": "Rosa de Siria"}}, {"type": "Feature", "geometry": {"type": "Point", "coordinates": [-3.7067872, 40.4529896]}, "properties": {"ubicacion": "aparcamiento", "copa": 3.6, "species": "Ligustrum japonicum", "comun": "Aligustre del Japón"}}, {"type": "Feature", "geometry": {"type": "Point", "coordinates": [-3.7067736, 40.4527474]}, "properties": {"ubicacion": "aparcamiento", "copa": 3.8, "species": "Ligustrum japonicum", "comun": "Aligustre del Japón"}}, {"type": "Feature", "geometry": {"type": "Point", "coordinates": [-3.7066329, 40.4527378]}, "properties": {"ubicacion": "aparcamiento", "copa": 4.4, "species": "Ligustrum japonicum", "comun": "Aligustre del Japón"}}, {"type": "Feature", "geometry": {"type": "Point", "coordinates": [-3.706492, 40.4527298]}, "properties": {"ubicacion": "aparcamiento", "copa": 3.7, "species": "Ligustrum japonicum", "comun": "Aligustre del Japón"}}, {"type": "Feature", "geometry": {"type": "Point", "coordinates": [-3.7063512, 40.4527211]}, "properties": {"ubicacion": "aparcamiento", "copa": 3.6, "species": "Ligustrum japonicum", "comun": "Aligustre del Japón"}}, {"type": "Feature", "geometry": {"type": "Point", "coordinates": [-3.7061394, 40.452615]}, "properties": {"ubicacion": "aparcamiento", "copa": 2.7, "species": "Hibiscus syriacus", "comun": "Rosa de Siria"}}, {"type": "Feature", "geometry": {"type": "Point", "coordinates": [-3.7061676, 40.4524499]}, "properties": {"ubicacion": "aparcamiento", "copa": 4.3, "species": "Ligustrum japonicum", "comun": "Aligustre del Japón"}}, {"type": "Feature", "geometry": {"type": "Point", "coordinates": [-3.7047652, 40.4524388]}, "properties": {"ubicacion": "aparcamiento", "copa": 3.8, "species": "Ligustrum japonicum", "comun": "Aligustre del Japón"}}, {"type": "Feature", "geometry": {"type": "Point", "coordinates": [-3.7045761, 40.4524337]}, "properties": {"ubicacion": "aparcamiento", "copa": 3.8, "species": "Ligustrum japonicum", "comun": "Aligustre del Japón"}}, {"type": "Feature", "geometry": {"type": "Point", "coordinates": [-3.704387, 40.4524301]}, "properties": {"ubicacion": "aparcamiento", "copa": 2.7, "species": "Hibiscus syriacus", "comun": "Rosa de Siria"}}, {"type": "Feature", "geometry": {"type": "Point", "coordinates": [-3.7039766, 40.4524734]}, "properties": {"ubicacion": "aparcamiento", "copa": 3.6, "species": "Ligustrum japonicum", "comun": "Aligustre del Japón"}}, {"type": "Feature", "geometry": {"type": "Point", "coordinates": [-3.7039575, 40.4525765]}, "properties": {"ubicacion": "aparcamiento", "copa": 2.6, "species": "Hibiscus syriacus", "comun": "Rosa de Siria"}}, {"type": "Feature", "geometry": {"type": "Point", "coordinates": [-3.7039403, 40.4526799]}, "properties": {"ubicacion": "aparcamiento", "copa": 2.7, "species": "Hibiscus syriacus", "comun": "Rosa de Siria"}}, {"type": "Feature", "geometry": {"type": "Point", "coordinates": [-3.7080131, 40.4523817]}, "properties": {"ubicacion": "aparcamiento", "copa": 3.7, "species": "Ligustrum japonicum", "comun": "Aligustre del Japón"}}, {"type": "Feature", "geometry": {"type": "Point", "coordinates": [-3.7081769, 40.4523831]}, "properties": {"ubicacion": "aparcamiento", "copa": 4.2, "species": "Pyrus calleryana", "comun": "Peral de flor"}}, {"type": "Feature", "geometry": {"type": "Point", "coordinates": [-3.7083407, 40.4523839]}, "properties": {"ubicacion": "aparcamiento", "copa": 4.3, "species": "Ligustrum japonicum", "comun": "Aligustre del Japón"}}, {"type": "Feature", "geometry": {"type": "Point", "coordinates": [-3.707047, 40.4514445]}, "properties": {"ubicacion": "aparcamiento", "copa": 4.4, "species": "Ligustrum japonicum", "comun": "Aligustre del Japón"}}, {"type": "Feature", "geometry": {"type": "Point", "coordinates": [-3.7070839, 40.45129]}, "properties": {"ubicacion": "aparcamiento", "copa": 4.1, "species": "Ligustrum japonicum", "comun": "Aligustre del Japón"}}, {"type": "Feature", "geometry": {"type": "Point", "coordinates": [-3.7070974, 40.4512339]}, "properties": {"ubicacion": "aparcamiento", "copa": 4.0, "species": "Ligustrum japonicum", "comun": "Aligustre del Japón"}}, {"type": "Feature", "geometry": {"type": "Point", "coordinates": [-3.7071357, 40.4510771]}, "properties": {"ubicacion": "aparcamiento", "copa": 4.3, "species": "Ligustrum japonicum", "comun": "Aligustre del Japón"}}, {"type": "Feature", "geometry": {"type": "Point", "coordinates": [-3.7037504, 40.4499636]}, "properties": {"ubicacion": "aparcamiento", "copa": 13.1, "species": "Platanus x hispanica", "comun": "Plátano de sombra"}}, {"type": "Feature", "geometry": {"type": "Point", "coordinates": [-3.7039644, 40.4499822]}, "properties": {"ubicacion": "aparcamiento", "copa": 12.8, "species": "Platanus x hispanica", "comun": "Plátano de sombra"}}, {"type": "Feature", "geometry": {"type": "Point", "coordinates": [-3.7067177, 40.4485516]}, "properties": {"ubicacion": "aparcamiento", "copa": 2.4, "species": "Hibiscus syriacus", "comun": "Rosa de Siria"}}, {"type": "Feature", "geometry": {"type": "Point", "coordinates": [-3.7065659, 40.4485435]}, "properties": {"ubicacion": "aparcamiento", "copa": 2.3, "species": "Hibiscus syriacus", "comun": "Rosa de Siria"}}, {"type": "Feature", "geometry": {"type": "Point", "coordinates": [-3.7064139, 40.4485376]}, "properties": {"ubicacion": "aparcamiento", "copa": 3.8, "species": "Ligustrum japonicum", "comun": "Aligustre del Japón"}}, {"type": "Feature", "geometry": {"type": "Point", "coordinates": [-3.7062619, 40.4485312]}, "properties": {"ubicacion": "aparcamiento", "copa": 4.9, "species": "Pyrus calleryana", "comun": "Peral de flor"}}, {"type": "Feature", "geometry": {"type": "Point", "coordinates": [-3.7061102, 40.4485215]}, "properties": {"ubicacion": "aparcamiento", "copa": 3.6, "species": "Ligustrum japonicum", "comun": "Aligustre del Japón"}}, {"type": "Feature", "geometry": {"type": "Point", "coordinates": [-3.7072944, 40.4485813]}, "properties": {"ubicacion": "aparcamiento", "copa": 2.6, "species": "Hibiscus syriacus", "comun": "Rosa de Siria"}}, {"type": "Feature", "geometry": {"type": "Point", "coordinates": [-3.7071143, 40.4485743]}, "properties": {"ubicacion": "aparcamiento", "copa": 4.2, "species": "Pyrus calleryana", "comun": "Peral de flor"}}, {"type": "Feature", "geometry": {"type": "Point", "coordinates": [-3.7069344, 40.4485651]}, "properties": {"ubicacion": "aparcamiento", "copa": 4.2, "species": "Ligustrum japonicum", "comun": "Aligustre del Japón"}}, {"type": "Feature", "geometry": {"type": "Point", "coordinates": [-3.7072472, 40.4491857]}, "properties": {"ubicacion": "aparcamiento", "copa": 4.8, "species": "Pyrus calleryana", "comun": "Peral de flor"}}, {"type": "Feature", "geometry": {"type": "Point", "coordinates": [-3.7070711, 40.4491034]}, "properties": {"ubicacion": "aparcamiento", "copa": 2.6, "species": "Hibiscus syriacus", "comun": "Rosa de Siria"}}, {"type": "Feature", "geometry": {"type": "Point", "coordinates": [-3.70798, 40.4495192]}, "properties": {"ubicacion": "aparcamiento", "copa": 3.9, "species": "Ligustrum japonicum", "comun": "Aligustre del Japón"}}, {"type": "Feature", "geometry": {"type": "Point", "coordinates": [-3.7081191, 40.4495924]}, "properties": {"ubicacion": "aparcamiento", "copa": 11.8, "species": "Platanus x hispanica", "comun": "Plátano de sombra"}}, {"type": "Feature", "geometry": {"type": "Point", "coordinates": [-3.7082645, 40.4496588]}, "properties": {"ubicacion": "aparcamiento", "copa": 11.8, "species": "Ulmus pumila", "comun": "Olmo de Siberia"}}, {"type": "Feature", "geometry": {"type": "Point", "coordinates": [-3.708849, 40.450614]}, "properties": {"ubicacion": "aparcamiento", "copa": 3.8, "species": "Ligustrum japonicum", "comun": "Aligustre del Japón"}}, {"type": "Feature", "geometry": {"type": "Point", "coordinates": [-3.7087462, 40.450563]}, "properties": {"ubicacion": "aparcamiento", "copa": 3.7, "species": "Ligustrum japonicum", "comun": "Aligustre del Japón"}}, {"type": "Feature", "geometry": {"type": "Point", "coordinates": [-3.7086427, 40.4505128]}, "properties": {"ubicacion": "aparcamiento", "copa": 4.3, "species": "Ligustrum japonicum", "comun": "Aligustre del Japón"}}, {"type": "Feature", "geometry": {"type": "Point", "coordinates": [-3.7080087, 40.4505529]}, "properties": {"ubicacion": "aparcamiento", "copa": 2.4, "species": "Hibiscus syriacus", "comun": "Rosa de Siria"}}, {"type": "Feature", "geometry": {"type": "Point", "coordinates": [-3.7078732, 40.4505007]}, "properties": {"ubicacion": "aparcamiento", "copa": 2.4, "species": "Hibiscus syriacus", "comun": "Rosa de Siria"}}, {"type": "Feature", "geometry": {"type": "Point", "coordinates": [-3.7077361, 40.450451]}, "properties": {"ubicacion": "aparcamiento", "copa": 4.4, "species": "Ligustrum japonicum", "comun": "Aligustre del Japón"}}, {"type": "Feature", "geometry": {"type": "Point", "coordinates": [-3.7076008, 40.4503985]}, "properties": {"ubicacion": "aparcamiento", "copa": 4.1, "species": "Pyrus calleryana", "comun": "Peral de flor"}}, {"type": "Feature", "geometry": {"type": "Point", "coordinates": [-3.7092573, 40.4514255]}, "properties": {"ubicacion": "aparcamiento", "copa": 4.0, "species": "Ligustrum japonicum", "comun": "Aligustre del Japón"}}, {"type": "Feature", "geometry": {"type": "Point", "coordinates": [-3.7091276, 40.4513628]}, "properties": {"ubicacion": "aparcamiento", "copa": 2.4, "species": "Hibiscus syriacus", "comun": "Rosa de Siria"}}, {"type": "Feature", "geometry": {"type": "Point", "coordinates": [-3.7089948, 40.4513041]}, "properties": {"ubicacion": "aparcamiento", "copa": 4.2, "species": "Ligustrum japonicum", "comun": "Aligustre del Japón"}}, {"type": "Feature", "geometry": {"type": "Point", "coordinates": [-3.7088643, 40.4512426]}, "properties": {"ubicacion": "aparcamiento", "copa": 3.6, "species": "Ligustrum japonicum", "comun": "Aligustre del Japón"}}, {"type": "Feature", "geometry": {"type": "Point", "coordinates": [-3.7087343, 40.4511803]}, "properties": {"ubicacion": "aparcamiento", "copa": 2.3, "species": "Hibiscus syriacus", "comun": "Rosa de Siria"}}, {"type": "Feature", "geometry": {"type": "Point", "coordinates": [-3.7093426, 40.4497143]}, "properties": {"ubicacion": "aparcamiento", "copa": 12.1, "species": "Platanus x hispanica", "comun": "Plátano de sombra"}}, {"type": "Feature", "geometry": {"type": "Point", "coordinates": [-3.7093083, 40.4495521]}, "properties": {"ubicacion": "aparcamiento", "copa": 12.4, "species": "Platanus x hispanica", "comun": "Plátano de sombra"}}, {"type": "Feature", "geometry": {"type": "Point", "coordinates": [-3.7100281, 40.4503988]}, "properties": {"ubicacion": "aparcamiento", "copa": 4.3, "species": "Ligustrum japonicum", "comun": "Aligustre del Japón"}}, {"type": "Feature", "geometry": {"type": "Point", "coordinates": [-3.7098512, 40.450331]}, "properties": {"ubicacion": "aparcamiento", "copa": 2.7, "species": "Hibiscus syriacus", "comun": "Rosa de Siria"}}, {"type": "Feature", "geometry": {"type": "Point", "coordinates": [-3.7096828, 40.4502616]}, "properties": {"ubicacion": "aparcamiento", "copa": 4.4, "species": "Ligustrum japonicum", "comun": "Aligustre del Japón"}}, {"type": "Feature", "geometry": {"type": "Point", "coordinates": [-3.7098759, 40.4504007]}, "properties": {"ubicacion": "aparcamiento", "copa": 4.3, "species": "Pyrus calleryana", "comun": "Peral de flor"}}, {"type": "Feature", "geometry": {"type": "Point", "coordinates": [-3.7097799, 40.4503606]}, "properties": {"ubicacion": "aparcamiento", "copa": 4.3, "species": "Ligustrum japonicum", "comun": "Aligustre del Japón"}}, {"type": "Feature", "geometry": {"type": "Point", "coordinates": [-3.7095866, 40.4502826]}, "properties": {"ubicacion": "aparcamiento", "copa": 2.6, "species": "Hibiscus syriacus", "comun": "Rosa de Siria"}}, {"type": "Feature", "geometry": {"type": "Point", "coordinates": [-3.7100166, 40.4517413]}, "properties": {"ubicacion": "aparcamiento", "copa": 2.6, "species": "Hibiscus syriacus", "comun": "Rosa de Siria"}}, {"type": "Feature", "geometry": {"type": "Point", "coordinates": [-3.7100201, 40.4516116]}, "properties": {"ubicacion": "aparcamiento", "copa": 2.6, "species": "Hibiscus syriacus", "comun": "Rosa de Siria"}}, {"type": "Feature", "geometry": {"type": "Point", "coordinates": [-3.7100302, 40.451482]}, "properties": {"ubicacion": "aparcamiento", "copa": 3.7, "species": "Ligustrum japonicum", "comun": "Aligustre del Japón"}}, {"type": "Feature", "geometry": {"type": "Point", "coordinates": [-3.7100423, 40.4513524]}, "properties": {"ubicacion": "aparcamiento", "copa": 4.2, "species": "Pyrus calleryana", "comun": "Peral de flor"}}, {"type": "Feature", "geometry": {"type": "Point", "coordinates": [-3.7100527, 40.4510929]}, "properties": {"ubicacion": "aparcamiento", "copa": 4.3, "species": "Ligustrum japonicum", "comun": "Aligustre del Japón"}}, {"type": "Feature", "geometry": {"type": "Point", "coordinates": [-3.7100567, 40.4509631]}, "properties": {"ubicacion": "aparcamiento", "copa": 4.2, "species": "Ligustrum japonicum", "comun": "Aligustre del Japón"}}, {"type": "Feature", "geometry": {"type": "Point", "coordinates": [-3.7100601, 40.4508332]}, "properties": {"ubicacion": "aparcamiento", "copa": 4.4, "species": "Ligustrum japonicum", "comun": "Aligustre del Japón"}}, {"type": "Feature", "geometry": {"type": "Point", "coordinates": [-3.710071, 40.4505736]}, "properties": {"ubicacion": "aparcamiento", "copa": 2.4, "species": "Hibiscus syriacus", "comun": "Rosa de Siria"}}, {"type": "Feature", "geometry": {"type": "Point", "coordinates": [-3.7100754, 40.4504407]}, "properties": {"ubicacion": "aparcamiento", "copa": 2.5, "species": "Hibiscus syriacus", "comun": "Rosa de Siria"}}, {"type": "Feature", "geometry": {"type": "Point", "coordinates": [-3.7099788, 40.4512218]}, "properties": {"ubicacion": "aparcamiento", "copa": 2.5, "species": "Hibiscus syriacus", "comun": "Rosa de Siria"}}, {"type": "Feature", "geometry": {"type": "Point", "coordinates": [-3.7099848, 40.4510922]}, "properties": {"ubicacion": "aparcamiento", "copa": 3.7, "species": "Ligustrum japonicum", "comun": "Aligustre del Japón"}}, {"type": "Feature", "geometry": {"type": "Point", "coordinates": [-3.7099865, 40.4509626]}, "properties": {"ubicacion": "aparcamiento", "copa": 2.5, "species": "Hibiscus syriacus", "comun": "Rosa de Siria"}}, {"type": "Feature", "geometry": {"type": "Point", "coordinates": [-3.7099931, 40.4508331]}, "properties": {"ubicacion": "aparcamiento", "copa": 4.1, "species": "Pyrus calleryana", "comun": "Peral de flor"}}, {"type": "Feature", "geometry": {"type": "Point", "coordinates": [-3.7099966, 40.4507035]}, "properties": {"ubicacion": "aparcamiento", "copa": 3.9, "species": "Ligustrum japonicum", "comun": "Aligustre del Japón"}}, {"type": "Feature", "geometry": {"type": "Point", "coordinates": [-3.7100006, 40.4505739]}, "properties": {"ubicacion": "aparcamiento", "copa": 4.0, "species": "Ligustrum japonicum", "comun": "Aligustre del Japón"}}, {"type": "Feature", "geometry": {"type": "Point", "coordinates": [-3.7072869, 40.4498411]}, "properties": {"ubicacion": "aparcamiento", "copa": 2.6, "species": "Hibiscus syriacus", "comun": "Rosa de Siria"}}, {"type": "Feature", "geometry": {"type": "Point", "coordinates": [-3.7070678, 40.4498311]}, "properties": {"ubicacion": "aparcamiento", "copa": 4.3, "species": "Ligustrum japonicum", "comun": "Aligustre del Japón"}}, {"type": "Feature", "geometry": {"type": "Point", "coordinates": [-3.7101699, 40.4553415]}, "properties": {"ubicacion": "aparcamiento", "copa": 4.7, "species": "Pyrus calleryana", "comun": "Peral de flor"}}, {"type": "Feature", "geometry": {"type": "Point", "coordinates": [-3.709979, 40.4554342]}, "properties": {"ubicacion": "aparcamiento", "copa": 4.3, "species": "Pyrus calleryana", "comun": "Peral de flor"}}, {"type": "Feature", "geometry": {"type": "Point", "coordinates": [-3.7103818, 40.4541385]}, "properties": {"ubicacion": "aparcamiento", "copa": 4.4, "species": "Pyrus calleryana", "comun": "Peral de flor"}}, {"type": "Feature", "geometry": {"type": "Point", "coordinates": [-3.7103302, 40.4540484]}, "properties": {"ubicacion": "aparcamiento", "copa": 3.6, "species": "Ligustrum japonicum", "comun": "Aligustre del Japón"}}, {"type": "Feature", "geometry": {"type": "Point", "coordinates": [-3.7102757, 40.4539594]}, "properties": {"ubicacion": "aparcamiento", "copa": 4.6, "species": "Pyrus calleryana", "comun": "Peral de flor"}}, {"type": "Feature", "geometry": {"type": "Point", "coordinates": [-3.7080059, 40.4555874]}, "properties": {"ubicacion": "aparcamiento", "copa": 4.0, "species": "Ligustrum japonicum", "comun": "Aligustre del Japón"}}, {"type": "Feature", "geometry": {"type": "Point", "coordinates": [-3.707993, 40.4554289]}, "properties": {"ubicacion": "aparcamiento", "copa": 4.2, "species": "Ligustrum japonicum", "comun": "Aligustre del Japón"}}, {"type": "Feature", "geometry": {"type": "Point", "coordinates": [-3.7079799, 40.4552728]}, "properties": {"ubicacion": "aparcamiento", "copa": 4.4, "species": "Ligustrum japonicum", "comun": "Aligustre del Japón"}}, {"type": "Feature", "geometry": {"type": "Point", "coordinates": [-3.7064496, 40.4541817]}, "properties": {"ubicacion": "aparcamiento", "copa": 2.6, "species": "Hibiscus syriacus", "comun": "Rosa de Siria"}}, {"type": "Feature", "geometry": {"type": "Point", "coordinates": [-3.7063171, 40.4540993]}, "properties": {"ubicacion": "aparcamiento", "copa": 4.2, "species": "Ligustrum japonicum", "comun": "Aligustre del Japón"}}, {"type": "Feature", "geometry": {"type": "Point", "coordinates": [-3.7061868, 40.4540149]}, "properties": {"ubicacion": "aparcamiento", "copa": 3.9, "species": "Ligustrum japonicum", "comun": "Aligustre del Japón"}}, {"type": "Feature", "geometry": {"type": "Point", "coordinates": [-3.7060561, 40.4539307]}, "properties": {"ubicacion": "aparcamiento", "copa": 3.9, "species": "Ligustrum japonicum", "comun": "Aligustre del Japón"}}, {"type": "Feature", "geometry": {"type": "Point", "coordinates": [-3.7059246, 40.4538473]}, "properties": {"ubicacion": "aparcamiento", "copa": 4.6, "species": "Pyrus calleryana", "comun": "Peral de flor"}}, {"type": "Feature", "geometry": {"type": "Point", "coordinates": [-3.707365, 40.4541842]}, "properties": {"ubicacion": "aparcamiento", "copa": 4.3, "species": "Ligustrum japonicum", "comun": "Aligustre del Japón"}}, {"type": "Feature", "geometry": {"type": "Point", "coordinates": [-3.7072117, 40.454323]}, "properties": {"ubicacion": "aparcamiento", "copa": 4.3, "species": "Pyrus calleryana", "comun": "Peral de flor"}}, {"type": "Feature", "geometry": {"type": "Point", "coordinates": [-3.7044019, 40.4542094]}, "properties": {"ubicacion": "aparcamiento", "copa": 3.7, "species": "Ligustrum japonicum", "comun": "Aligustre del Japón"}}, {"type": "Feature", "geometry": {"type": "Point", "coordinates": [-3.7045588, 40.4542306]}, "properties": {"ubicacion": "aparcamiento", "copa": 4.3, "species": "Ligustrum japonicum", "comun": "Aligustre del Japón"}}, {"type": "Feature", "geometry": {"type": "Point", "coordinates": [-3.7047155, 40.4542524]}, "properties": {"ubicacion": "aparcamiento", "copa": 4.5, "species": "Pyrus calleryana", "comun": "Peral de flor"}}, {"type": "Feature", "geometry": {"type": "Point", "coordinates": [-3.7044159, 40.4535177]}, "properties": {"ubicacion": "aparcamiento", "copa": 4.2, "species": "Ligustrum japonicum", "comun": "Aligustre del Japón"}}, {"type": "Feature", "geometry": {"type": "Point", "coordinates": [-3.7044338, 40.453408]}, "properties": {"ubicacion": "aparcamiento", "copa": 4.1, "species": "Ligustrum japonicum", "comun": "Aligustre del Japón"}}, {"type": "Feature", "geometry": {"type": "Point", "coordinates": [-3.7038234, 40.4529248]}, "properties": {"ubicacion": "aparcamiento", "copa": 3.9, "species": "Ligustrum japonicum", "comun": "Aligustre del Japón"}}, {"type": "Feature", "geometry": {"type": "Point", "coordinates": [-3.7036997, 40.4529166]}, "properties": {"ubicacion": "aparcamiento", "copa": 4.8, "species": "Pyrus calleryana", "comun": "Peral de flor"}}, {"type": "Feature", "geometry": {"type": "Point", "coordinates": [-3.7035757, 40.4529106]}, "properties": {"ubicacion": "aparcamiento", "copa": 4.1, "species": "Ligustrum japonicum", "comun": "Aligustre del Japón"}}, {"type": "Feature", "geometry": {"type": "Point", "coordinates": [-3.7093926, 40.4528071]}, "properties": {"ubicacion": "aparcamiento", "copa": 3.6, "species": "Ligustrum japonicum", "comun": "Aligustre del Japón"}}, {"type": "Feature", "geometry": {"type": "Point", "coordinates": [-3.7092769, 40.4528596]}, "properties": {"ubicacion": "aparcamiento", "copa": 4.2, "species": "Ligustrum japonicum", "comun": "Aligustre del Japón"}}, {"type": "Feature", "geometry": {"type": "Point", "coordinates": [-3.7091632, 40.4529147]}, "properties": {"ubicacion": "aparcamiento", "copa": 2.5, "species": "Hibiscus syriacus", "comun": "Rosa de Siria"}}, {"type": "Feature", "geometry": {"type": "Point", "coordinates": [-3.7039542, 40.4523653]}, "properties": {"ubicacion": "aparcamiento", "copa": 2.6, "species": "Hibiscus syriacus", "comun": "Rosa de Siria"}}, {"type": "Feature", "geometry": {"type": "Point", "coordinates": [-3.7037651, 40.4523636]}, "properties": {"ubicacion": "aparcamiento", "copa": 4.5, "species": "Pyrus calleryana", "comun": "Peral de flor"}}, {"type": "Feature", "geometry": {"type": "Point", "coordinates": [-3.7035761, 40.4523584]}, "properties": {"ubicacion": "aparcamiento", "copa": 3.8, "species": "Ligustrum japonicum", "comun": "Aligustre del Japón"}}, {"type": "Feature", "geometry": {"type": "Point", "coordinates": [-3.7068472, 40.4523684]}, "properties": {"ubicacion": "aparcamiento", "copa": 3.7, "species": "Ligustrum japonicum", "comun": "Aligustre del Japón"}}, {"type": "Feature", "geometry": {"type": "Point", "coordinates": [-3.7066755, 40.4523683]}, "properties": {"ubicacion": "aparcamiento", "copa": 4.1, "species": "Ligustrum japonicum", "comun": "Aligustre del Japón"}}, {"type": "Feature", "geometry": {"type": "Point", "coordinates": [-3.7065039, 40.4523681]}, "properties": {"ubicacion": "aparcamiento", "copa": 4.4, "species": "Pyrus calleryana", "comun": "Peral de flor"}}, {"type": "Feature", "geometry": {"type": "Point", "coordinates": [-3.7086472, 40.4502112]}, "properties": {"ubicacion": "aparcamiento", "copa": 4.4, "species": "Ligustrum japonicum", "comun": "Aligustre del Japón"}}, {"type": "Feature", "geometry": {"type": "Point", "coordinates": [-3.7087027, 40.4500571]}, "properties": {"ubicacion": "aparcamiento", "copa": 2.7, "species": "Hibiscus syriacus", "comun": "Rosa de Siria"}}, {"type": "Feature", "geometry": {"type": "Point", "coordinates": [-3.7072186, 40.4507665]}, "properties": {"ubicacion": "aparcamiento", "copa": 2.5, "species": "Hibiscus syriacus", "comun": "Rosa de Siria"}}, {"type": "Feature", "geometry": {"type": "Point", "coordinates": [-3.7074364, 40.4495102]}, "properties": {"ubicacion": "aparcamiento", "copa": 4.3, "species": "Ligustrum japonicum", "comun": "Aligustre del Japón"}}, {"type": "Feature", "geometry": {"type": "Point", "coordinates": [-3.7074076, 40.4496733]}, "properties": {"ubicacion": "aparcamiento", "copa": 2.7, "species": "Hibiscus syriacus", "comun": "Rosa de Siria"}}, {"type": "Feature", "geometry": {"type": "Point", "coordinates": [-3.7073846, 40.449837]}, "properties": {"ubicacion": "aparcamiento", "copa": 4.4, "species": "Ligustrum japonicum", "comun": "Aligustre del Japón"}}, {"type": "Feature", "geometry": {"type": "Point", "coordinates": [-3.7063914, 40.4482227]}, "properties": {"ubicacion": "aparcamiento", "copa": 4.5, "species": "Pyrus calleryana", "comun": "Peral de flor"}}, {"type": "Feature", "geometry": {"type": "Point", "coordinates": [-3.7062475, 40.4482235]}, "properties": {"ubicacion": "aparcamiento", "copa": 4.1, "species": "Ligustrum japonicum", "comun": "Aligustre del Japón"}}, {"type": "Feature", "geometry": {"type": "Point", "coordinates": [-3.7061036, 40.4482229]}, "properties": {"ubicacion": "aparcamiento", "copa": 2.6, "species": "Hibiscus syriacus", "comun": "Rosa de Siria"}}, {"type": "Feature", "geometry": {"type": "Point", "coordinates": [-3.7074213, 40.4488138]}, "properties": {"ubicacion": "aparcamiento", "copa": 4.5, "species": "Pyrus calleryana", "comun": "Peral de flor"}}, {"type": "Feature", "geometry": {"type": "Point", "coordinates": [-3.7074411, 40.4486328]}, "properties": {"ubicacion": "aparcamiento", "copa": 3.8, "species": "Ligustrum japonicum", "comun": "Aligustre del Japón"}}, {"type": "Feature", "geometry": {"type": "Point", "coordinates": [-3.7074018, 40.4485046]}, "properties": {"ubicacion": "aparcamiento", "copa": 3.7, "species": "Ligustrum japonicum", "comun": "Aligustre del Japón"}}, {"type": "Feature", "geometry": {"type": "Point", "coordinates": [-3.7073591, 40.4484004]}, "properties": {"ubicacion": "aparcamiento", "copa": 4.1, "species": "Ligustrum japonicum", "comun": "Aligustre del Japón"}}, {"type": "Feature", "geometry": {"type": "Point", "coordinates": [-3.7077178, 40.4537666]}, "properties": {"ubicacion": "aparcamiento", "copa": 4.3, "species": "Ligustrum japonicum", "comun": "Aligustre del Japón"}}, {"type": "Feature", "geometry": {"type": "Point", "coordinates": [-3.7076105, 40.4536837]}, "properties": {"ubicacion": "aparcamiento", "copa": 4.4, "species": "Pyrus calleryana", "comun": "Peral de flor"}}, {"type": "Feature", "geometry": {"type": "Point", "coordinates": [-3.7075025, 40.4536013]}, "properties": {"ubicacion": "aparcamiento", "copa": 3.9, "species": "Ligustrum japonicum", "comun": "Aligustre del Japón"}}, {"type": "Feature", "geometry": {"type": "Point", "coordinates": [-3.7073951, 40.4535185]}, "properties": {"ubicacion": "aparcamiento", "copa": 3.9, "species": "Ligustrum japonicum", "comun": "Aligustre del Japón"}}, {"type": "Feature", "geometry": {"type": "Point", "coordinates": [-3.7072875, 40.4534357]}, "properties": {"ubicacion": "aparcamiento", "copa": 3.8, "species": "Ligustrum japonicum", "comun": "Aligustre del Japón"}}, {"type": "Feature", "geometry": {"type": "Point", "coordinates": [-3.7094476, 40.4513052]}, "properties": {"ubicacion": "aparcamiento", "copa": 12.5, "species": "Ulmus pumila", "comun": "Olmo de Siberia"}}, {"type": "Feature", "geometry": {"type": "Point", "coordinates": [-3.7094086, 40.4514812]}, "properties": {"ubicacion": "aparcamiento", "copa": 12.3, "species": "Ulmus pumila", "comun": "Olmo de Siberia"}}, {"type": "Feature", "geometry": {"type": "Point", "coordinates": [-3.7087378, 40.4517335]}, "properties": {"ubicacion": "aparcamiento", "copa": 4.0, "species": "Ligustrum japonicum", "comun": "Aligustre del Japón"}}, {"type": "Feature", "geometry": {"type": "Point", "coordinates": [-3.7085065, 40.4517301]}, "properties": {"ubicacion": "aparcamiento", "copa": 3.7, "species": "Ligustrum japonicum", "comun": "Aligustre del Japón"}}, {"type": "Feature", "geometry": {"type": "Point", "coordinates": [-3.7084174, 40.4525066]}, "properties": {"ubicacion": "aparcamiento", "copa": 2.3, "species": "Hibiscus syriacus", "comun": "Rosa de Siria"}}, {"type": "Feature", "geometry": {"type": "Point", "coordinates": [-3.7084277, 40.4526278]}, "properties": {"ubicacion": "aparcamiento", "copa": 3.9, "species": "Ligustrum japonicum", "comun": "Aligustre del Japón"}}, {"type": "Feature", "geometry": {"type": "Point", "coordinates": [-3.7084355, 40.4527491]}, "properties": {"ubicacion": "aparcamiento", "copa": 4.1, "species": "Ligustrum japonicum", "comun": "Aligustre del Japón"}}, {"type": "Feature", "geometry": {"type": "Point", "coordinates": [-3.7059895, 40.4477304]}, "properties": {"ubicacion": "aparcamiento", "copa": 4.1, "species": "Ligustrum japonicum", "comun": "Aligustre del Japón"}}, {"type": "Feature", "geometry": {"type": "Point", "coordinates": [-3.7059867, 40.4478543]}, "properties": {"ubicacion": "aparcamiento", "copa": 3.7, "species": "Ligustrum japonicum", "comun": "Aligustre del Japón"}}, {"type": "Feature", "geometry": {"type": "Point", "coordinates": [-3.7059849, 40.4479782]}, "properties": {"ubicacion": "aparcamiento", "copa": 3.9, "species": "Ligustrum japonicum", "comun": "Aligustre del Japón"}}, {"type": "Feature", "geometry": {"type": "Point", "coordinates": [-3.7059835, 40.4481021]}, "properties": {"ubicacion": "aparcamiento", "copa": 4.3, "species": "Ligustrum japonicum", "comun": "Aligustre del Japón"}}, {"type": "Feature", "geometry": {"type": "Point", "coordinates": [-3.7059811, 40.448226]}, "properties": {"ubicacion": "aparcamiento", "copa": 4.1, "species": "Ligustrum japonicum", "comun": "Aligustre del Japón"}}, {"type": "Feature", "geometry": {"type": "Point", "coordinates": [-3.7129562, 40.452936]}, "properties": {"ubicacion": "aparcamiento", "copa": 12.9, "species": "Platanus x hispanica", "comun": "Plátano de sombra"}}, {"type": "Feature", "geometry": {"type": "Point", "coordinates": [-3.7100473, 40.452715]}, "properties": {"ubicacion": "aparcamiento", "copa": 4.1, "species": "Ligustrum japonicum", "comun": "Aligustre del Japón"}}, {"type": "Feature", "geometry": {"type": "Point", "coordinates": [-3.7100031, 40.4528231]}, "properties": {"ubicacion": "aparcamiento", "copa": 3.8, "species": "Ligustrum japonicum", "comun": "Aligustre del Japón"}}, {"type": "Feature", "geometry": {"type": "Point", "coordinates": [-3.7099581, 40.4529309]}, "properties": {"ubicacion": "aparcamiento", "copa": 4.0, "species": "Ligustrum japonicum", "comun": "Aligustre del Japón"}}, {"type": "Feature", "geometry": {"type": "Point", "coordinates": [-3.7099136, 40.4530389]}, "properties": {"ubicacion": "aparcamiento", "copa": 3.9, "species": "Ligustrum japonicum", "comun": "Aligustre del Japón"}}, {"type": "Feature", "geometry": {"type": "Point", "coordinates": [-3.7098677, 40.4531465]}, "properties": {"ubicacion": "aparcamiento", "copa": 4.6, "species": "Pyrus calleryana", "comun": "Peral de flor"}}, {"type": "Feature", "geometry": {"type": "Point", "coordinates": [-3.7037827, 40.452866]}, "properties": {"ubicacion": "aparcamiento", "copa": 2.6, "species": "Hibiscus syriacus", "comun": "Rosa de Siria"}}, {"type": "Feature", "geometry": {"type": "Point", "coordinates": [-3.7036258, 40.4528608]}, "properties": {"ubicacion": "aparcamiento", "copa": 4.3, "species": "Ligustrum japonicum", "comun": "Aligustre del Japón"}}, {"type": "Feature", "geometry": {"type": "Point", "coordinates": [-3.7034692, 40.4528524]}, "properties": {"ubicacion": "aparcamiento", "copa": 3.7, "species": "Ligustrum japonicum", "comun": "Aligustre del Japón"}}, {"type": "Feature", "geometry": {"type": "Point", "coordinates": [-3.7033125, 40.4528454]}, "properties": {"ubicacion": "aparcamiento", "copa": 4.1, "species": "Ligustrum japonicum", "comun": "Aligustre del Japón"}}, {"type": "Feature", "geometry": {"type": "Point", "coordinates": [-3.7099772, 40.4527009]}, "properties": {"ubicacion": "aparcamiento", "copa": 2.3, "species": "Hibiscus syriacus", "comun": "Rosa de Siria"}}, {"type": "Feature", "geometry": {"type": "Point", "coordinates": [-3.709935, 40.4528138]}, "properties": {"ubicacion": "aparcamiento", "copa": 4.4, "species": "Pyrus calleryana", "comun": "Peral de flor"}}, {"type": "Feature", "geometry": {"type": "Point", "coordinates": [-3.7098891, 40.4529258]}, "properties": {"ubicacion": "aparcamiento", "copa": 4.3, "species": "Ligustrum japonicum", "comun": "Aligustre del Japón"}}, {"type": "Feature", "geometry": {"type": "Point", "coordinates": [-3.709853, 40.4530401]}, "properties": {"ubicacion": "aparcamiento", "copa": 11.9, "species": "Platanus x hispanica", "comun": "Plátano de sombra"}}, {"type": "Feature", "geometry": {"type": "Point", "coordinates": [-3.7079609, 40.4517253]}, "properties": {"ubicacion": "aparcamiento", "copa": 3.6, "species": "Ligustrum japonicum", "comun": "Aligustre del Japón"}}, {"type": "Feature", "geometry": {"type": "Point", "coordinates": [-3.7077774, 40.4517228]}, "properties": {"ubicacion": "aparcamiento", "copa": 4.1, "species": "Ligustrum japonicum", "comun": "Aligustre del Japón"}}, {"type": "Feature", "geometry": {"type": "Point", "coordinates": [-3.707383, 40.4540183]}, "properties": {"ubicacion": "aparcamiento", "copa": 2.6, "species": "Hibiscus syriacus", "comun": "Rosa de Siria"}}, {"type": "Feature", "geometry": {"type": "Point", "coordinates": [-3.7072248, 40.4539235]}, "properties": {"ubicacion": "aparcamiento", "copa": 4.3, "species": "Pyrus calleryana", "comun": "Peral de flor"}}, {"type": "Feature", "geometry": {"type": "Point", "coordinates": [-3.708615, 40.4527427]}, "properties": {"ubicacion": "aparcamiento", "copa": 11.5, "species": "Platanus x hispanica", "comun": "Plátano de sombra"}}, {"type": "Feature", "geometry": {"type": "Point", "coordinates": [-3.7087215, 40.4526214]}, "properties": {"ubicacion": "aparcamiento", "copa": 12.0, "species": "Platanus x hispanica", "comun": "Plátano de sombra"}}, {"type": "Feature", "geometry": {"type": "Point", "coordinates": [-3.704434, 40.4518911]}, "properties": {"ubicacion": "aparcamiento", "copa": 2.7, "species": "Hibiscus syriacus", "comun": "Rosa de Siria"}}, {"type": "Feature", "geometry": {"type": "Point", "coordinates": [-3.7045873, 40.4518812]}, "properties": {"ubicacion": "aparcamiento", "copa": 4.0, "species": "Ligustrum japonicum", "comun": "Aligustre del Japón"}}, {"type": "Feature", "geometry": {"type": "Point", "coordinates": [-3.7047407, 40.451873]}, "properties": {"ubicacion": "aparcamiento", "copa": 4.1, "species": "Pyrus calleryana", "comun": "Peral de flor"}}, {"type": "Feature", "geometry": {"type": "Point", "coordinates": [-3.7048941, 40.4518646]}, "properties": {"ubicacion": "aparcamiento", "copa": 4.3, "species": "Ligustrum japonicum", "comun": "Aligustre del Japón"}}, {"type": "Feature", "geometry": {"type": "Point", "coordinates": [-3.7070306, 40.4538031]}, "properties": {"ubicacion": "aparcamiento", "copa": 3.7, "species": "Ligustrum japonicum", "comun": "Aligustre del Japón"}}, {"type": "Feature", "geometry": {"type": "Point", "coordinates": [-3.706859, 40.4536984]}, "properties": {"ubicacion": "aparcamiento", "copa": 3.7, "species": "Ligustrum japonicum", "comun": "Aligustre del Japón"}}, {"type": "Feature", "geometry": {"type": "Point", "coordinates": [-3.7067952, 40.45366]}, "properties": {"ubicacion": "aparcamiento", "copa": 3.9, "species": "Ligustrum japonicum", "comun": "Aligustre del Japón"}}, {"type": "Feature", "geometry": {"type": "Point", "coordinates": [-3.7066821, 40.4535916]}, "properties": {"ubicacion": "aparcamiento", "copa": 4.0, "species": "Ligustrum japonicum", "comun": "Aligustre del Japón"}}, {"type": "Feature", "geometry": {"type": "Point", "coordinates": [-3.7065689, 40.4535233]}, "properties": {"ubicacion": "aparcamiento", "copa": 4.2, "species": "Ligustrum japonicum", "comun": "Aligustre del Japón"}}, {"type": "Feature", "geometry": {"type": "Point", "coordinates": [-3.7124757, 40.4543343]}, "properties": {"ubicacion": "aparcamiento", "copa": 11.3, "species": "Platanus x hispanica", "comun": "Plátano de sombra"}}, {"type": "Feature", "geometry": {"type": "Point", "coordinates": [-3.7068785, 40.4546244]}, "properties": {"ubicacion": "aparcamiento", "copa": 4.4, "species": "Ligustrum japonicum", "comun": "Aligustre del Japón"}}, {"type": "Feature", "geometry": {"type": "Point", "coordinates": [-3.7067657, 40.4547214]}, "properties": {"ubicacion": "aparcamiento", "copa": 2.3, "species": "Hibiscus syriacus", "comun": "Rosa de Siria"}}, {"type": "Feature", "geometry": {"type": "Point", "coordinates": [-3.7066557, 40.4548202]}, "properties": {"ubicacion": "aparcamiento", "copa": 2.3, "species": "Hibiscus syriacus", "comun": "Rosa de Siria"}}, {"type": "Feature", "geometry": {"type": "Point", "coordinates": [-3.7065561, 40.4549257]}, "properties": {"ubicacion": "aparcamiento", "copa": 11.5, "species": "Platanus x hispanica", "comun": "Plátano de sombra"}}, {"type": "Feature", "geometry": {"type": "Point", "coordinates": [-3.7064461, 40.4550245]}, "properties": {"ubicacion": "aparcamiento", "copa": 11.1, "species": "Platanus x hispanica", "comun": "Plátano de sombra"}}, {"type": "Feature", "geometry": {"type": "Point", "coordinates": [-3.7067007, 40.4531581]}, "properties": {"ubicacion": "aparcamiento", "copa": 4.1, "species": "Ligustrum japonicum", "comun": "Aligustre del Japón"}}, {"type": "Feature", "geometry": {"type": "Point", "coordinates": [-3.7065531, 40.4531416]}, "properties": {"ubicacion": "aparcamiento", "copa": 4.1, "species": "Ligustrum japonicum", "comun": "Aligustre del Japón"}}, {"type": "Feature", "geometry": {"type": "Point", "coordinates": [-3.7064054, 40.4531257]}, "properties": {"ubicacion": "aparcamiento", "copa": 4.6, "species": "Pyrus calleryana", "comun": "Peral de flor"}}, {"type": "Feature", "geometry": {"type": "Point", "coordinates": [-3.7037365, 40.4535267]}, "properties": {"ubicacion": "aparcamiento", "copa": 11.0, "species": "Platanus x hispanica", "comun": "Plátano de sombra"}}, {"type": "Feature", "geometry": {"type": "Point", "coordinates": [-3.703503, 40.4535055]}, "properties": {"ubicacion": "aparcamiento", "copa": 11.4, "species": "Platanus x hispanica", "comun": "Plátano de sombra"}}, {"type": "Feature", "geometry": {"type": "Point", "coordinates": [-3.705513, 40.4537125]}, "properties": {"ubicacion": "aparcamiento", "copa": 3.8, "species": "Ligustrum japonicum", "comun": "Aligustre del Japón"}}, {"type": "Feature", "geometry": {"type": "Point", "coordinates": [-3.7053691, 40.4536918]}, "properties": {"ubicacion": "aparcamiento", "copa": 4.1, "species": "Ligustrum japonicum", "comun": "Aligustre del Japón"}}, {"type": "Feature", "geometry": {"type": "Point", "coordinates": [-3.7052254, 40.45367]}, "properties": {"ubicacion": "aparcamiento", "copa": 3.6, "species": "Ligustrum japonicum", "comun": "Aligustre del Japón"}}, {"type": "Feature", "geometry": {"type": "Point", "coordinates": [-3.7088415, 40.4522768]}, "properties": {"ubicacion": "aparcamiento", "copa": 4.3, "species": "Pyrus calleryana", "comun": "Peral de flor"}}, {"type": "Feature", "geometry": {"type": "Point", "coordinates": [-3.7088386, 40.4521737]}, "properties": {"ubicacion": "aparcamiento", "copa": 4.4, "species": "Ligustrum japonicum", "comun": "Aligustre del Japón"}}, {"type": "Feature", "geometry": {"type": "Point", "coordinates": [-3.7088373, 40.4520706]}, "properties": {"ubicacion": "aparcamiento", "copa": 3.6, "species": "Ligustrum japonicum", "comun": "Aligustre del Japón"}}, {"type": "Feature", "geometry": {"type": "Point", "coordinates": [-3.7088345, 40.4519676]}, "properties": {"ubicacion": "aparcamiento", "copa": 3.6, "species": "Ligustrum japonicum", "comun": "Aligustre del Japón"}}, {"type": "Feature", "geometry": {"type": "Point", "coordinates": [-3.7067786, 40.4527061]}, "properties": {"ubicacion": "aparcamiento", "copa": 4.3, "species": "Ligustrum japonicum", "comun": "Aligustre del Japón"}}, {"type": "Feature", "geometry": {"type": "Point", "coordinates": [-3.7065887, 40.4526937]}, "properties": {"ubicacion": "aparcamiento", "copa": 4.1, "species": "Pyrus calleryana", "comun": "Peral de flor"}}, {"type": "Feature", "geometry": {"type": "Point", "coordinates": [-3.7063987, 40.4526825]}, "properties": {"ubicacion": "aparcamiento", "copa": 4.8, "species": "Pyrus calleryana", "comun": "Peral de flor"}}, {"type": "Feature", "geometry": {"type": "Point", "coordinates": [-3.7062088, 40.4526697]}, "properties": {"ubicacion": "aparcamiento", "copa": 4.3, "species": "Ligustrum japonicum", "comun": "Aligustre del Japón"}}, {"type": "Feature", "geometry": {"type": "Point", "coordinates": [-3.7061225, 40.4517986]}, "properties": {"ubicacion": "aparcamiento", "copa": 3.7, "species": "Ligustrum japonicum", "comun": "Aligustre del Japón"}}, {"type": "Feature", "geometry": {"type": "Point", "coordinates": [-3.7059515, 40.4518083]}, "properties": {"ubicacion": "aparcamiento", "copa": 3.6, "species": "Ligustrum japonicum", "comun": "Aligustre del Japón"}}, {"type": "Feature", "geometry": {"type": "Point", "coordinates": [-3.7057804, 40.4518176]}, "properties": {"ubicacion": "aparcamiento", "copa": 3.8, "species": "Ligustrum japonicum", "comun": "Aligustre del Japón"}}, {"type": "Feature", "geometry": {"type": "Point", "coordinates": [-3.7056093, 40.4518272]}, "properties": {"ubicacion": "aparcamiento", "copa": 3.8, "species": "Ligustrum japonicum", "comun": "Aligustre del Japón"}}, {"type": "Feature", "geometry": {"type": "Point", "coordinates": [-3.70613, 40.45325]}, "properties": {"ubicacion": "aparcamiento", "copa": 2.3, "species": "Hibiscus syriacus", "comun": "Rosa de Siria"}}, {"type": "Feature", "geometry": {"type": "Point", "coordinates": [-3.7062617, 40.4533334]}, "properties": {"ubicacion": "aparcamiento", "copa": 3.6, "species": "Ligustrum japonicum", "comun": "Aligustre del Japón"}}, {"type": "Feature", "geometry": {"type": "Point", "coordinates": [-3.7063942, 40.4534157]}, "properties": {"ubicacion": "aparcamiento", "copa": 4.0, "species": "Ligustrum japonicum", "comun": "Aligustre del Japón"}}, {"type": "Feature", "geometry": {"type": "Point", "coordinates": [-3.7043111, 40.4541954]}, "properties": {"ubicacion": "aparcamiento", "copa": 4.1, "species": "Ligustrum japonicum", "comun": "Aligustre del Japón"}}, {"type": "Feature", "geometry": {"type": "Point", "coordinates": [-3.7041389, 40.4541701]}, "properties": {"ubicacion": "aparcamiento", "copa": 4.9, "species": "Pyrus calleryana", "comun": "Peral de flor"}}, {"type": "Feature", "geometry": {"type": "Point", "coordinates": [-3.7039662, 40.4541467]}, "properties": {"ubicacion": "aparcamiento", "copa": 4.3, "species": "Ligustrum japonicum", "comun": "Aligustre del Japón"}}, {"type": "Feature", "geometry": {"type": "Point", "coordinates": [-3.7037932, 40.4541245]}, "properties": {"ubicacion": "aparcamiento", "copa": 2.7, "species": "Hibiscus syriacus", "comun": "Rosa de Siria"}}, {"type": "Feature", "geometry": {"type": "Point", "coordinates": [-3.7079532, 40.4509496]}, "properties": {"ubicacion": "aparcamiento", "copa": 3.8, "species": "Ligustrum japonicum", "comun": "Aligustre del Japón"}}, {"type": "Feature", "geometry": {"type": "Point", "coordinates": [-3.7079016, 40.451092]}, "properties": {"ubicacion": "aparcamiento", "copa": 2.4, "species": "Hibiscus syriacus", "comun": "Rosa de Siria"}}, {"type": "Feature", "geometry": {"type": "Point", "coordinates": [-3.707855, 40.4512353]}, "properties": {"ubicacion": "aparcamiento", "copa": 3.9, "species": "Ligustrum japonicum", "comun": "Aligustre del Japón"}}, {"type": "Feature", "geometry": {"type": "Point", "coordinates": [-3.7078058, 40.4513781]}, "properties": {"ubicacion": "aparcamiento", "copa": 3.9, "species": "Ligustrum japonicum", "comun": "Aligustre del Japón"}}, {"type": "Feature", "geometry": {"type": "Point", "coordinates": [-3.7080787, 40.4515953]}, "properties": {"ubicacion": "aparcamiento", "copa": 2.6, "species": "Hibiscus syriacus", "comun": "Rosa de Siria"}}, {"type": "Feature", "geometry": {"type": "Point", "coordinates": [-3.708132, 40.4514734]}, "properties": {"ubicacion": "aparcamiento", "copa": 4.3, "species": "Ligustrum japonicum", "comun": "Aligustre del Japón"}}, {"type": "Feature", "geometry": {"type": "Point", "coordinates": [-3.7081825, 40.4513507]}, "properties": {"ubicacion": "aparcamiento", "copa": 4.3, "species": "Ligustrum japonicum", "comun": "Aligustre del Japón"}}, {"type": "Feature", "geometry": {"type": "Point", "coordinates": [-3.7084882, 40.4505969]}, "properties": {"ubicacion": "aparcamiento", "copa": 4.7, "species": "Pyrus calleryana", "comun": "Peral de flor"}}, {"type": "Feature", "geometry": {"type": "Point", "coordinates": [-3.7084427, 40.450709]}, "properties": {"ubicacion": "aparcamiento", "copa": 4.1, "species": "Ligustrum japonicum", "comun": "Aligustre del Japón"}}, {"type": "Feature", "geometry": {"type": "Point", "coordinates": [-3.7083973, 40.4508211]}, "properties": {"ubicacion": "aparcamiento", "copa": 3.6, "species": "Ligustrum japonicum", "comun": "Aligustre del Japón"}}, {"type": "Feature", "geometry": {"type": "Point", "coordinates": [-3.7083543, 40.4509337]}, "properties": {"ubicacion": "aparcamiento", "copa": 4.5, "species": "Pyrus calleryana", "comun": "Peral de flor"}}, {"type": "Feature", "geometry": {"type": "Point", "coordinates": [-3.7057028, 40.4476339]}, "properties": {"ubicacion": "aparcamiento", "copa": 4.0, "species": "Ligustrum japonicum", "comun": "Aligustre del Japón"}}, {"type": "Feature", "geometry": {"type": "Point", "coordinates": [-3.7055295, 40.4476369]}, "properties": {"ubicacion": "aparcamiento", "copa": 4.4, "species": "Ligustrum japonicum", "comun": "Aligustre del Japón"}}, {"type": "Feature", "geometry": {"type": "Point", "coordinates": [-3.7053563, 40.4476389]}, "properties": {"ubicacion": "aparcamiento", "copa": 4.1, "species": "Pyrus calleryana", "comun": "Peral de flor"}}, {"type": "Feature", "geometry": {"type": "Point", "coordinates": [-3.705183, 40.4476389]}, "properties": {"ubicacion": "aparcamiento", "copa": 2.3, "species": "Hibiscus syriacus", "comun": "Rosa de Siria"}}, {"type": "Feature", "geometry": {"type": "Point", "coordinates": [-3.7050097, 40.4476416]}, "properties": {"ubicacion": "aparcamiento", "copa": 2.5, "species": "Hibiscus syriacus", "comun": "Rosa de Siria"}}, {"type": "Feature", "geometry": {"type": "Point", "coordinates": [-3.7089813, 40.4506775]}, "properties": {"ubicacion": "aparcamiento", "copa": 2.5, "species": "Hibiscus syriacus", "comun": "Rosa de Siria"}}, {"type": "Feature", "geometry": {"type": "Point", "coordinates": [-3.7091101, 40.4507398]}, "properties": {"ubicacion": "aparcamiento", "copa": 2.7, "species": "Hibiscus syriacus", "comun": "Rosa de Siria"}}, {"type": "Feature", "geometry": {"type": "Point", "coordinates": [-3.709238, 40.4508032]}, "properties": {"ubicacion": "aparcamiento", "copa": 3.9, "species": "Ligustrum japonicum", "comun": "Aligustre del Japón"}}, {"type": "Feature", "geometry": {"type": "Point", "coordinates": [-3.7093672, 40.4508651]}, "properties": {"ubicacion": "aparcamiento", "copa": 3.7, "species": "Ligustrum japonicum", "comun": "Aligustre del Japón"}}, {"type": "Feature", "geometry": {"type": "Point", "coordinates": [-3.7088907, 40.4505583]}, "properties": {"ubicacion": "aparcamiento", "copa": 2.7, "species": "Hibiscus syriacus", "comun": "Rosa de Siria"}}, {"type": "Feature", "geometry": {"type": "Point", "coordinates": [-3.7089252, 40.4503953]}, "properties": {"ubicacion": "aparcamiento", "copa": 4.2, "species": "Pyrus calleryana", "comun": "Peral de flor"}}, {"type": "Feature", "geometry": {"type": "Point", "coordinates": [-3.708276, 40.4503319]}, "properties": {"ubicacion": "aparcamiento", "copa": 4.1, "species": "Ligustrum japonicum", "comun": "Aligustre del Japón"}}, {"type": "Feature", "geometry": {"type": "Point", "coordinates": [-3.7082231, 40.450237]}, "properties": {"ubicacion": "aparcamiento", "copa": 4.2, "species": "Ligustrum japonicum", "comun": "Aligustre del Japón"}}, {"type": "Feature", "geometry": {"type": "Point", "coordinates": [-3.7082738, 40.4501032]}, "properties": {"ubicacion": "aparcamiento", "copa": 4.1, "species": "Ligustrum japonicum", "comun": "Aligustre del Japón"}}, {"type": "Feature", "geometry": {"type": "Point", "coordinates": [-3.7083242, 40.4499693]}, "properties": {"ubicacion": "aparcamiento", "copa": 3.8, "species": "Ligustrum japonicum", "comun": "Aligustre del Japón"}}, {"type": "Feature", "geometry": {"type": "Point", "coordinates": [-3.7083749, 40.4498355]}, "properties": {"ubicacion": "aparcamiento", "copa": 3.7, "species": "Ligustrum japonicum", "comun": "Aligustre del Japón"}}, {"type": "Feature", "geometry": {"type": "Point", "coordinates": [-3.7035724, 40.4524112]}, "properties": {"ubicacion": "aparcamiento", "copa": 4.3, "species": "Ligustrum japonicum", "comun": "Aligustre del Japón"}}, {"type": "Feature", "geometry": {"type": "Point", "coordinates": [-3.7037464, 40.4524147]}, "properties": {"ubicacion": "aparcamiento", "copa": 4.1, "species": "Ligustrum japonicum", "comun": "Aligustre del Japón"}}, {"type": "Feature", "geometry": {"type": "Point", "coordinates": [-3.7039204, 40.4524175]}, "properties": {"ubicacion": "aparcamiento", "copa": 4.4, "species": "Ligustrum japonicum", "comun": "Aligustre del Japón"}}, {"type": "Feature", "geometry": {"type": "Point", "coordinates": [-3.7071666, 40.4523738]}, "properties": {"ubicacion": "aparcamiento", "copa": 4.6, "species": "Pyrus calleryana", "comun": "Peral de flor"}}, {"type": "Feature", "geometry": {"type": "Point", "coordinates": [-3.7074092, 40.4523722]}, "properties": {"ubicacion": "aparcamiento", "copa": 2.5, "species": "Hibiscus syriacus", "comun": "Rosa de Siria"}}, {"type": "Feature", "geometry": {"type": "Point", "coordinates": [-3.7052821, 40.4527948]}, "properties": {"ubicacion": "aparcamiento", "copa": 2.3, "species": "Hibiscus syriacus", "comun": "Rosa de Siria"}}, {"type": "Feature", "geometry": {"type": "Point", "coordinates": [-3.7053099, 40.4526542]}, "properties": {"ubicacion": "aparcamiento", "copa": 2.4, "species": "Hibiscus syriacus", "comun": "Rosa de Siria"}}, {"type": "Feature", "geometry": {"type": "Point", "coordinates": [-3.7053379, 40.4525136]}, "properties": {"ubicacion": "aparcamiento", "copa": 2.6, "species": "Hibiscus syriacus", "comun": "Rosa de Siria"}}, {"type": "Feature", "geometry": {"type": "Point", "coordinates": [-3.7130561, 40.4532599]}, "properties": {"ubicacion": "aparcamiento", "copa": 11.4, "species": "Platanus x hispanica", "comun": "Plátano de sombra"}}, {"type": "Feature", "geometry": {"type": "Point", "coordinates": [-3.7062307, 40.4534334]}, "properties": {"ubicacion": "aparcamiento", "copa": 4.3, "species": "Ligustrum japonicum", "comun": "Aligustre del Japón"}}, {"type": "Feature", "geometry": {"type": "Point", "coordinates": [-3.7061291, 40.4535557]}, "properties": {"ubicacion": "aparcamiento", "copa": 2.5, "species": "Hibiscus syriacus", "comun": "Rosa de Siria"}}, {"type": "Feature", "geometry": {"type": "Point", "coordinates": [-3.7060224, 40.4536754]}, "properties": {"ubicacion": "aparcamiento", "copa": 4.1, "species": "Ligustrum japonicum", "comun": "Aligustre del Japón"}}, {"type": "Feature", "geometry": {"type": "Point", "coordinates": [-3.7059202, 40.4537974]}, "properties": {"ubicacion": "aparcamiento", "copa": 2.7, "species": "Hibiscus syriacus", "comun": "Rosa de Siria"}}, {"type": "Feature", "geometry": {"type": "Point", "coordinates": [-3.7078464, 40.4521506]}, "properties": {"ubicacion": "aparcamiento", "copa": 2.5, "species": "Hibiscus syriacus", "comun": "Rosa de Siria"}}, {"type": "Feature", "geometry": {"type": "Point", "coordinates": [-3.7078082, 40.4522451]}, "properties": {"ubicacion": "aparcamiento", "copa": 2.7, "species": "Hibiscus syriacus", "comun": "Rosa de Siria"}}, {"type": "Feature", "geometry": {"type": "Point", "coordinates": [-3.7077723, 40.4523401]}, "properties": {"ubicacion": "aparcamiento", "copa": 4.2, "species": "Ligustrum japonicum", "comun": "Aligustre del Japón"}}, {"type": "Feature", "geometry": {"type": "Point", "coordinates": [-3.7080017, 40.451789]}, "properties": {"ubicacion": "aparcamiento", "copa": 4.1, "species": "Ligustrum japonicum", "comun": "Aligustre del Japón"}}, {"type": "Feature", "geometry": {"type": "Point", "coordinates": [-3.7079445, 40.4519211]}, "properties": {"ubicacion": "aparcamiento", "copa": 2.6, "species": "Hibiscus syriacus", "comun": "Rosa de Siria"}}, {"type": "Feature", "geometry": {"type": "Point", "coordinates": [-3.7078929, 40.4520545]}, "properties": {"ubicacion": "aparcamiento", "copa": 4.4, "species": "Ligustrum japonicum", "comun": "Aligustre del Japón"}}, {"type": "Feature", "geometry": {"type": "Point", "coordinates": [-3.7078672, 40.4501304]}, "properties": {"ubicacion": "aparcamiento", "copa": 4.3, "species": "Ligustrum japonicum", "comun": "Aligustre del Japón"}}, {"type": "Feature", "geometry": {"type": "Point", "coordinates": [-3.7077257, 40.4500595]}, "properties": {"ubicacion": "aparcamiento", "copa": 3.7, "species": "Ligustrum japonicum", "comun": "Aligustre del Japón"}}, {"type": "Feature", "geometry": {"type": "Point", "coordinates": [-3.7075834, 40.4499895]}, "properties": {"ubicacion": "aparcamiento", "copa": 3.9, "species": "Ligustrum japonicum", "comun": "Aligustre del Japón"}}, {"type": "Feature", "geometry": {"type": "Point", "coordinates": [-3.7054565, 40.4519209]}, "properties": {"ubicacion": "aparcamiento", "copa": 4.3, "species": "Ligustrum japonicum", "comun": "Aligustre del Japón"}}, {"type": "Feature", "geometry": {"type": "Point", "coordinates": [-3.7054276, 40.45207]}, "properties": {"ubicacion": "aparcamiento", "copa": 4.4, "species": "Pyrus calleryana", "comun": "Peral de flor"}}, {"type": "Feature", "geometry": {"type": "Point", "coordinates": [-3.7095696, 40.450704]}, "properties": {"ubicacion": "aparcamiento", "copa": 12.4, "species": "Platanus x hispanica", "comun": "Plátano de sombra"}}, {"type": "Feature", "geometry": {"type": "Point", "coordinates": [-3.709545, 40.4505897]}, "properties": {"ubicacion": "aparcamiento", "copa": 12.0, "species": "Platanus x hispanica", "comun": "Plátano de sombra"}}, {"type": "Feature", "geometry": {"type": "Point", "coordinates": [-3.7095199, 40.4504748]}, "properties": {"ubicacion": "aparcamiento", "copa": 11.5, "species": "Platanus x hispanica", "comun": "Plátano de sombra"}}, {"type": "Feature", "geometry": {"type": "Point", "coordinates": [-3.7094947, 40.4503596]}, "properties": {"ubicacion": "aparcamiento", "copa": 12.3, "species": "Platanus x hispanica", "comun": "Plátano de sombra"}}, {"type": "Feature", "geometry": {"type": "Point", "coordinates": [-3.7105963, 40.4523097]}, "properties": {"ubicacion": "aparcamiento", "copa": 4.3, "species": "Ligustrum japonicum", "comun": "Aligustre del Japón"}}, {"type": "Feature", "geometry": {"type": "Point", "coordinates": [-3.7105289, 40.4522027]}, "properties": {"ubicacion": "aparcamiento", "copa": 4.9, "species": "Pyrus calleryana", "comun": "Peral de flor"}}, {"type": "Feature", "geometry": {"type": "Point", "coordinates": [-3.7104596, 40.4520965]}, "properties": {"ubicacion": "aparcamiento", "copa": 4.3, "species": "Ligustrum japonicum", "comun": "Aligustre del Japón"}}, {"type": "Feature", "geometry": {"type": "Point", "coordinates": [-3.7103902, 40.4519902]}, "properties": {"ubicacion": "aparcamiento", "copa": 3.7, "species": "Ligustrum japonicum", "comun": "Aligustre del Japón"}}, {"type": "Feature", "geometry": {"type": "Point", "coordinates": [-3.7103227, 40.4518834]}, "properties": {"ubicacion": "aparcamiento", "copa": 4.2, "species": "Pyrus calleryana", "comun": "Peral de flor"}}, {"type": "Feature", "geometry": {"type": "Point", "coordinates": [-3.7113351, 40.4538121]}, "properties": {"ubicacion": "aparcamiento", "copa": 3.8, "species": "Ligustrum japonicum", "comun": "Aligustre del Japón"}}, {"type": "Feature", "geometry": {"type": "Point", "coordinates": [-3.7111882, 40.4538801]}, "properties": {"ubicacion": "aparcamiento", "copa": 3.9, "species": "Ligustrum japonicum", "comun": "Aligustre del Japón"}}, {"type": "Feature", "geometry": {"type": "Point", "coordinates": [-3.7110414, 40.4539483]}, "properties": {"ubicacion": "aparcamiento", "copa": 3.8, "species": "Ligustrum japonicum", "comun": "Aligustre del Japón"}}, {"type": "Feature", "geometry": {"type": "Point", "coordinates": [-3.710896, 40.4540181]}, "properties": {"ubicacion": "aparcamiento", "copa": 2.3, "species": "Hibiscus syriacus", "comun": "Rosa de Siria"}}, {"type": "Feature", "geometry": {"type": "Point", "coordinates": [-3.7107471, 40.4540835]}, "properties": {"ubicacion": "aparcamiento", "copa": 4.6, "species": "Pyrus calleryana", "comun": "Peral de flor"}}, {"type": "Feature", "geometry": {"type": "Point", "coordinates": [-3.7114606, 40.4554411]}, "properties": {"ubicacion": "aparcamiento", "copa": 11.1, "species": "Platanus x hispanica", "comun": "Plátano de sombra"}}, {"type": "Feature", "geometry": {"type": "Point", "coordinates": [-3.7098367, 40.4562748]}, "properties": {"ubicacion": "aparcamiento", "copa": 4.1, "species": "Pyrus calleryana", "comun": "Peral de flor"}}, {"type": "Feature", "geometry": {"type": "Point", "coordinates": [-3.7097179, 40.4562443]}, "properties": {"ubicacion": "aparcamiento", "copa": 4.7, "species": "Pyrus calleryana", "comun": "Peral de flor"}}, {"type": "Feature", "geometry": {"type": "Point", "coordinates": [-3.7095997, 40.4562124]}, "properties": {"ubicacion": "aparcamiento", "copa": 4.3, "species": "Ligustrum japonicum", "comun": "Aligustre del Japón"}}, {"type": "Feature", "geometry": {"type": "Point", "coordinates": [-3.7077402, 40.4565086]}, "properties": {"ubicacion": "aparcamiento", "copa": 4.5, "species": "Pyrus calleryana", "comun": "Peral de flor"}}, {"type": "Feature", "geometry": {"type": "Point", "coordinates": [-3.7065534, 40.4560577]}, "properties": {"ubicacion": "aparcamiento", "copa": 4.3, "species": "Pyrus calleryana", "comun": "Peral de flor"}}, {"type": "Feature", "geometry": {"type": "Point", "coordinates": [-3.7067101, 40.4560653]}, "properties": {"ubicacion": "aparcamiento", "copa": 3.9, "species": "Ligustrum japonicum", "comun": "Aligustre del Japón"}}, {"type": "Feature", "geometry": {"type": "Point", "coordinates": [-3.7068668, 40.4560735]}, "properties": {"ubicacion": "aparcamiento", "copa": 4.0, "species": "Ligustrum japonicum", "comun": "Aligustre del Japón"}}, {"type": "Feature", "geometry": {"type": "Point", "coordinates": [-3.7070234, 40.4560817]}, "properties": {"ubicacion": "aparcamiento", "copa": 4.1, "species": "Ligustrum japonicum", "comun": "Aligustre del Japón"}}, {"type": "Feature", "geometry": {"type": "Point", "coordinates": [-3.7078382, 40.4559094]}, "properties": {"ubicacion": "aparcamiento", "copa": 3.8, "species": "Ligustrum japonicum", "comun": "Aligustre del Japón"}}, {"type": "Feature", "geometry": {"type": "Point", "coordinates": [-3.7079399, 40.4558622]}, "properties": {"ubicacion": "aparcamiento", "copa": 3.6, "species": "Ligustrum japonicum", "comun": "Aligustre del Japón"}}, {"type": "Feature", "geometry": {"type": "Point", "coordinates": [-3.7079242, 40.4557711]}, "properties": {"ubicacion": "aparcamiento", "copa": 3.9, "species": "Ligustrum japonicum", "comun": "Aligustre del Japón"}}, {"type": "Feature", "geometry": {"type": "Point", "coordinates": [-3.7053072, 40.4561361]}, "properties": {"ubicacion": "aparcamiento", "copa": 12.1, "species": "Ulmus pumila", "comun": "Olmo de Siberia"}}, {"type": "Feature", "geometry": {"type": "Point", "coordinates": [-3.7051807, 40.4562499]}, "properties": {"ubicacion": "aparcamiento", "copa": 10.8, "species": "Platanus x hispanica", "comun": "Plátano de sombra"}}, {"type": "Feature", "geometry": {"type": "Point", "coordinates": [-3.7050541, 40.4563636]}, "properties": {"ubicacion": "aparcamiento", "copa": 10.8, "species": "Ulmus pumila", "comun": "Olmo de Siberia"}}, {"type": "Feature", "geometry": {"type": "Point", "coordinates": [-3.7125895, 40.4548985]}, "properties": {"ubicacion": "aparcamiento", "copa": 11.4, "species": "Platanus x hispanica", "comun": "Plátano de sombra"}}, {"type": "Feature", "geometry": {"type": "Point", "coordinates": [-3.7124699, 40.4548082]}, "properties": {"ubicacion": "aparcamiento", "copa": 11.4, "species": "Platanus x hispanica", "comun": "Plátano de sombra"}}, {"type": "Feature", "geometry": {"type": "Point", "coordinates": [-3.7123503, 40.454718]}, "properties": {"ubicacion": "aparcamiento", "copa": 13.1, "species": "Platanus x hispanica", "comun": "Plátano de sombra"}}, {"type": "Feature", "geometry": {"type": "Point", "coordinates": [-3.7122943, 40.4543993]}, "properties": {"ubicacion": "aparcamiento", "copa": 2.3, "species": "Hibiscus syriacus", "comun": "Rosa de Siria"}}, {"type": "Feature", "geometry": {"type": "Point", "coordinates": [-3.7106573, 40.4549165]}, "properties": {"ubicacion": "aparcamiento", "copa": 2.6, "species": "Hibiscus syriacus", "comun": "Rosa de Siria"}}, {"type": "Feature", "geometry": {"type": "Point", "coordinates": [-3.710615, 40.4547872]}, "properties": {"ubicacion": "aparcamiento", "copa": 4.1, "species": "Ligustrum japonicum", "comun": "Aligustre del Japón"}}, {"type": "Feature", "geometry": {"type": "Point", "coordinates": [-3.7105781, 40.4546568]}, "properties": {"ubicacion": "aparcamiento", "copa": 2.5, "species": "Hibiscus syriacus", "comun": "Rosa de Siria"}}, {"type": "Feature", "geometry": {"type": "Point", "coordinates": [-3.7105355, 40.4545275]}, "properties": {"ubicacion": "aparcamiento", "copa": 4.2, "species": "Ligustrum japonicum", "comun": "Aligustre del Japón"}}, {"type": "Feature", "geometry": {"type": "Point", "coordinates": [-3.7108868, 40.4528274]}, "properties": {"ubicacion": "aparcamiento", "copa": 4.4, "species": "Ligustrum japonicum", "comun": "Aligustre del Japón"}}, {"type": "Feature", "geometry": {"type": "Point", "coordinates": [-3.7107691, 40.4528702]}, "properties": {"ubicacion": "aparcamiento", "copa": 3.7, "species": "Ligustrum japonicum", "comun": "Aligustre del Japón"}}, {"type": "Feature", "geometry": {"type": "Point", "coordinates": [-3.7106524, 40.4529146]}, "properties": {"ubicacion": "aparcamiento", "copa": 4.3, "species": "Ligustrum japonicum", "comun": "Aligustre del Japón"}}, {"type": "Feature", "geometry": {"type": "Point", "coordinates": [-3.7105351, 40.4529579]}, "properties": {"ubicacion": "aparcamiento", "copa": 4.1, "species": "Pyrus calleryana", "comun": "Peral de flor"}}, {"type": "Feature", "geometry": {"type": "Point", "coordinates": [-3.7096999, 40.4532679]}, "properties": {"ubicacion": "aparcamiento", "copa": 3.8, "species": "Ligustrum japonicum", "comun": "Aligustre del Japón"}}, {"type": "Feature", "geometry": {"type": "Point", "coordinates": [-3.7095607, 40.4533203]}, "properties": {"ubicacion": "aparcamiento", "copa": 3.9, "species": "Ligustrum japonicum", "comun": "Aligustre del Japón"}}, {"type": "Feature", "geometry": {"type": "Point", "coordinates": [-3.7094216, 40.4533729]}, "properties": {"ubicacion": "aparcamiento", "copa": 4.2, "species": "Ligustrum japonicum", "comun": "Aligustre del Japón"}}, {"type": "Feature", "geometry": {"type": "Point", "coordinates": [-3.7092821, 40.4534248]}, "properties": {"ubicacion": "aparcamiento", "copa": 3.9, "species": "Ligustrum japonicum", "comun": "Aligustre del Japón"}}, {"type": "Feature", "geometry": {"type": "Point", "coordinates": [-3.7062043, 40.452216]}, "properties": {"ubicacion": "aparcamiento", "copa": 4.7, "species": "Pyrus calleryana", "comun": "Peral de flor"}}, {"type": "Feature", "geometry": {"type": "Point", "coordinates": [-3.7062232, 40.452109]}, "properties": {"ubicacion": "aparcamiento", "copa": 4.0, "species": "Ligustrum japonicum", "comun": "Aligustre del Japón"}}, {"type": "Feature", "geometry": {"type": "Point", "coordinates": [-3.7062411, 40.4520019]}, "properties": {"ubicacion": "aparcamiento", "copa": 3.9, "species": "Ligustrum japonicum", "comun": "Aligustre del Japón"}}, {"type": "Feature", "geometry": {"type": "Point", "coordinates": [-3.7062581, 40.4518948]}, "properties": {"ubicacion": "aparcamiento", "copa": 4.3, "species": "Ligustrum japonicum", "comun": "Aligustre del Japón"}}, {"type": "Feature", "geometry": {"type": "Point", "coordinates": [-3.7045153, 40.4529292]}, "properties": {"ubicacion": "aparcamiento", "copa": 3.8, "species": "Ligustrum japonicum", "comun": "Aligustre del Japón"}}, {"type": "Feature", "geometry": {"type": "Point", "coordinates": [-3.7043898, 40.4529171]}, "properties": {"ubicacion": "aparcamiento", "copa": 3.9, "species": "Ligustrum japonicum", "comun": "Aligustre del Japón"}}, {"type": "Feature", "geometry": {"type": "Point", "coordinates": [-3.7042641, 40.4529051]}, "properties": {"ubicacion": "aparcamiento", "copa": 4.1, "species": "Pyrus calleryana", "comun": "Peral de flor"}}, {"type": "Feature", "geometry": {"type": "Point", "coordinates": [-3.7072095, 40.4492433]}, "properties": {"ubicacion": "aparcamiento", "copa": 4.5, "species": "Pyrus calleryana", "comun": "Peral de flor"}}, {"type": "Feature", "geometry": {"type": "Point", "coordinates": [-3.7073208, 40.4492939]}, "properties": {"ubicacion": "aparcamiento", "copa": 4.1, "species": "Ligustrum japonicum", "comun": "Aligustre del Japón"}}, {"type": "Feature", "geometry": {"type": "Point", "coordinates": [-3.7074308, 40.4493455]}, "properties": {"ubicacion": "aparcamiento", "copa": 4.3, "species": "Ligustrum japonicum", "comun": "Aligustre del Japón"}}, {"type": "Feature", "geometry": {"type": "Point", "coordinates": [-3.7060495, 40.4554662]}, "properties": {"ubicacion": "aparcamiento", "copa": 13.1, "species": "Platanus x hispanica", "comun": "Plátano de sombra"}}, {"type": "Feature", "geometry": {"type": "Point", "coordinates": [-3.7059538, 40.4555519]}, "properties": {"ubicacion": "aparcamiento", "copa": 12.7, "species": "Platanus x hispanica", "comun": "Plátano de sombra"}}, {"type": "Feature", "geometry": {"type": "Point", "coordinates": [-3.705858, 40.4556376]}, "properties": {"ubicacion": "aparcamiento", "copa": 11.0, "species": "Platanus x hispanica", "comun": "Plátano de sombra"}}, {"type": "Feature", "geometry": {"type": "Point", "coordinates": [-3.7057622, 40.4557233]}, "properties": {"ubicacion": "aparcamiento", "copa": 11.4, "species": "Platanus x hispanica", "comun": "Plátano de sombra"}}, {"type": "Feature", "geometry": {"type": "Point", "coordinates": [-3.7056665, 40.455809]}, "properties": {"ubicacion": "aparcamiento", "copa": 10.9, "species": "Ulmus pumila", "comun": "Olmo de Siberia"}}, {"type": "Feature", "geometry": {"type": "Point", "coordinates": [-3.7055708, 40.4558947]}, "properties": {"ubicacion": "aparcamiento", "copa": 11.4, "species": "Platanus x hispanica", "comun": "Plátano de sombra"}}, {"type": "Feature", "geometry": {"type": "Point", "coordinates": [-3.7078234, 40.4550289]}, "properties": {"ubicacion": "aparcamiento", "copa": 4.3, "species": "Pyrus calleryana", "comun": "Peral de flor"}}, {"type": "Feature", "geometry": {"type": "Point", "coordinates": [-3.7077055, 40.4549581]}, "properties": {"ubicacion": "aparcamiento", "copa": 4.1, "species": "Ligustrum japonicum", "comun": "Aligustre del Japón"}}, {"type": "Feature", "geometry": {"type": "Point", "coordinates": [-3.7075887, 40.4548861]}, "properties": {"ubicacion": "aparcamiento", "copa": 2.5, "species": "Hibiscus syriacus", "comun": "Rosa de Siria"}}, {"type": "Feature", "geometry": {"type": "Point", "coordinates": [-3.7074689, 40.4548172]}, "properties": {"ubicacion": "aparcamiento", "copa": 3.7, "species": "Ligustrum japonicum", "comun": "Aligustre del Japón"}}, {"type": "Feature", "geometry": {"type": "Point", "coordinates": [-3.7073499, 40.4547474]}, "properties": {"ubicacion": "aparcamiento", "copa": 4.1, "species": "Pyrus calleryana", "comun": "Peral de flor"}}, {"type": "Feature", "geometry": {"type": "Point", "coordinates": [-3.7097326, 40.4533173]}, "properties": {"ubicacion": "aparcamiento", "copa": 2.4, "species": "Hibiscus syriacus", "comun": "Rosa de Siria"}}, {"type": "Feature", "geometry": {"type": "Point", "coordinates": [-3.7095146, 40.4533968]}, "properties": {"ubicacion": "aparcamiento", "copa": 3.7, "species": "Ligustrum japonicum", "comun": "Aligustre del Japón"}}, {"type": "Feature", "geometry": {"type": "Point", "coordinates": [-3.709434, 40.4534292]}, "properties": {"ubicacion": "aparcamiento", "copa": 2.3, "species": "Hibiscus syriacus", "comun": "Rosa de Siria"}}, {"type": "Feature", "geometry": {"type": "Point", "coordinates": [-3.7093067, 40.4534748]}, "properties": {"ubicacion": "aparcamiento", "copa": 3.6, "species": "Ligustrum japonicum", "comun": "Aligustre del Japón"}}, {"type": "Feature", "geometry": {"type": "Point", "coordinates": [-3.7091803, 40.4535219]}, "properties": {"ubicacion": "aparcamiento", "copa": 3.7, "species": "Ligustrum japonicum", "comun": "Aligustre del Japón"}}, {"type": "Feature", "geometry": {"type": "Point", "coordinates": [-3.7050537, 40.4562653]}, "properties": {"ubicacion": "aparcamiento", "copa": 4.1, "species": "Ligustrum japonicum", "comun": "Aligustre del Japón"}}, {"type": "Feature", "geometry": {"type": "Point", "coordinates": [-3.7051614, 40.4561696]}, "properties": {"ubicacion": "aparcamiento", "copa": 4.4, "species": "Pyrus calleryana", "comun": "Peral de flor"}}, {"type": "Feature", "geometry": {"type": "Point", "coordinates": [-3.7052685, 40.4560734]}, "properties": {"ubicacion": "aparcamiento", "copa": 4.2, "species": "Pyrus calleryana", "comun": "Peral de flor"}}, {"type": "Feature", "geometry": {"type": "Point", "coordinates": [-3.7068479, 40.4517595]}, "properties": {"ubicacion": "aparcamiento", "copa": 3.8, "species": "Ligustrum japonicum", "comun": "Aligustre del Japón"}}, {"type": "Feature", "geometry": {"type": "Point", "coordinates": [-3.7066895, 40.4517683]}, "properties": {"ubicacion": "aparcamiento", "copa": 3.9, "species": "Ligustrum japonicum", "comun": "Aligustre del Japón"}}, {"type": "Feature", "geometry": {"type": "Point", "coordinates": [-3.7065311, 40.4517776]}, "properties": {"ubicacion": "aparcamiento", "copa": 3.7, "species": "Ligustrum japonicum", "comun": "Aligustre del Japón"}}, {"type": "Feature", "geometry": {"type": "Point", "coordinates": [-3.7063728, 40.4517881]}, "properties": {"ubicacion": "aparcamiento", "copa": 2.6, "species": "Hibiscus syriacus", "comun": "Rosa de Siria"}}, {"type": "Feature", "geometry": {"type": "Point", "coordinates": [-3.7071333, 40.4481606]}, "properties": {"ubicacion": "aparcamiento", "copa": 3.8, "species": "Ligustrum japonicum", "comun": "Aligustre del Japón"}}, {"type": "Feature", "geometry": {"type": "Point", "coordinates": [-3.7070894, 40.4480244]}, "properties": {"ubicacion": "aparcamiento", "copa": 4.2, "species": "Pyrus calleryana", "comun": "Peral de flor"}}, {"type": "Feature", "geometry": {"type": "Point", "coordinates": [-3.7070449, 40.4478883]}, "properties": {"ubicacion": "aparcamiento", "copa": 4.3, "species": "Ligustrum japonicum", "comun": "Aligustre del Japón"}}, {"type": "Feature", "geometry": {"type": "Point", "coordinates": [-3.7073047, 40.4504007]}, "properties": {"ubicacion": "aparcamiento", "copa": 3.7, "species": "Ligustrum japonicum", "comun": "Aligustre del Japón"}}, {"type": "Feature", "geometry": {"type": "Point", "coordinates": [-3.7073287, 40.4502481]}, "properties": {"ubicacion": "aparcamiento", "copa": 4.1, "species": "Ligustrum japonicum", "comun": "Aligustre del Japón"}}, {"type": "Feature", "geometry": {"type": "Point", "coordinates": [-3.7084114, 40.4520443]}, "properties": {"ubicacion": "aparcamiento", "copa": 4.9, "species": "Pyrus calleryana", "comun": "Peral de flor"}}, {"type": "Feature", "geometry": {"type": "Point", "coordinates": [-3.7084109, 40.4521582]}, "properties": {"ubicacion": "aparcamiento", "copa": 2.4, "species": "Hibiscus syriacus", "comun": "Rosa de Siria"}}, {"type": "Feature", "geometry": {"type": "Point", "coordinates": [-3.7084154, 40.4522719]}, "properties": {"ubicacion": "aparcamiento", "copa": 2.7, "species": "Hibiscus syriacus", "comun": "Rosa de Siria"}}, {"type": "Feature", "geometry": {"type": "Point", "coordinates": [-3.7116932, 40.4548882]}, "properties": {"ubicacion": "aparcamiento", "copa": 4.4, "species": "Ligustrum japonicum", "comun": "Aligustre del Japón"}}, {"type": "Feature", "geometry": {"type": "Point", "coordinates": [-3.7114925, 40.4548195]}, "properties": {"ubicacion": "aparcamiento", "copa": 2.6, "species": "Hibiscus syriacus", "comun": "Rosa de Siria"}}, {"type": "Feature", "geometry": {"type": "Point", "coordinates": [-3.7111982, 40.4546052]}, "properties": {"ubicacion": "aparcamiento", "copa": 2.4, "species": "Hibiscus syriacus", "comun": "Rosa de Siria"}}, {"type": "Feature", "geometry": {"type": "Point", "coordinates": [-3.7111396, 40.4544418]}, "properties": {"ubicacion": "aparcamiento", "copa": 3.7, "species": "Ligustrum japonicum", "comun": "Aligustre del Japón"}}, {"type": "Feature", "geometry": {"type": "Point", "coordinates": [-3.7113549, 40.4537453]}, "properties": {"ubicacion": "aparcamiento", "copa": 4.1, "species": "Pyrus calleryana", "comun": "Peral de flor"}}, {"type": "Feature", "geometry": {"type": "Point", "coordinates": [-3.7112355, 40.4537996]}, "properties": {"ubicacion": "aparcamiento", "copa": 3.8, "species": "Ligustrum japonicum", "comun": "Aligustre del Japón"}}, {"type": "Feature", "geometry": {"type": "Point", "coordinates": [-3.7110513, 40.4538849]}, "properties": {"ubicacion": "aparcamiento", "copa": 3.6, "species": "Ligustrum japonicum", "comun": "Aligustre del Japón"}}, {"type": "Feature", "geometry": {"type": "Point", "coordinates": [-3.710924, 40.4539419]}, "properties": {"ubicacion": "aparcamiento", "copa": 2.6, "species": "Hibiscus syriacus", "comun": "Rosa de Siria"}}, {"type": "Feature", "geometry": {"type": "Point", "coordinates": [-3.7107986, 40.4540013]}, "properties": {"ubicacion": "aparcamiento", "copa": 3.7, "species": "Ligustrum japonicum", "comun": "Aligustre del Japón"}}, {"type": "Feature", "geometry": {"type": "Point", "coordinates": [-3.7106735, 40.4552073]}, "properties": {"ubicacion": "aparcamiento", "copa": 4.2, "species": "Pyrus calleryana", "comun": "Peral de flor"}}, {"type": "Feature", "geometry": {"type": "Point", "coordinates": [-3.710785, 40.4555707]}, "properties": {"ubicacion": "aparcamiento", "copa": 4.5, "species": "Pyrus calleryana", "comun": "Peral de flor"}}, {"type": "Feature", "geometry": {"type": "Point", "coordinates": [-3.7107506, 40.4554605]}, "properties": {"ubicacion": "aparcamiento", "copa": 4.0, "species": "Ligustrum japonicum", "comun": "Aligustre del Japón"}}, {"type": "Feature", "geometry": {"type": "Point", "coordinates": [-3.7107163, 40.4553502]}, "properties": {"ubicacion": "aparcamiento", "copa": 3.6, "species": "Ligustrum japonicum", "comun": "Aligustre del Japón"}}, {"type": "Feature", "geometry": {"type": "Point", "coordinates": [-3.7104198, 40.4543876]}, "properties": {"ubicacion": "aparcamiento", "copa": 3.6, "species": "Ligustrum japonicum", "comun": "Aligustre del Japón"}}, {"type": "Feature", "geometry": {"type": "Point", "coordinates": [-3.7103844, 40.4542857]}, "properties": {"ubicacion": "aparcamiento", "copa": 2.5, "species": "Hibiscus syriacus", "comun": "Rosa de Siria"}}, {"type": "Feature", "geometry": {"type": "Point", "coordinates": [-3.7103312, 40.4541882]}, "properties": {"ubicacion": "aparcamiento", "copa": 2.6, "species": "Hibiscus syriacus", "comun": "Rosa de Siria"}}, {"type": "Feature", "geometry": {"type": "Point", "coordinates": [-3.7110964, 40.4531238]}, "properties": {"ubicacion": "aparcamiento", "copa": 4.2, "species": "Ligustrum japonicum", "comun": "Aligustre del Japón"}}, {"type": "Feature", "geometry": {"type": "Point", "coordinates": [-3.7109768, 40.4529432]}, "properties": {"ubicacion": "aparcamiento", "copa": 4.6, "species": "Pyrus calleryana", "comun": "Peral de flor"}}, {"type": "Feature", "geometry": {"type": "Point", "coordinates": [-3.7081595, 40.4540553]}, "properties": {"ubicacion": "aparcamiento", "copa": 4.4, "species": "Ligustrum japonicum", "comun": "Aligustre del Japón"}}, {"type": "Feature", "geometry": {"type": "Point", "coordinates": [-3.708059, 40.4539762]}, "properties": {"ubicacion": "aparcamiento", "copa": 2.5, "species": "Hibiscus syriacus", "comun": "Rosa de Siria"}}, {"type": "Feature", "geometry": {"type": "Point", "coordinates": [-3.7079544, 40.4539001]}, "properties": {"ubicacion": "aparcamiento", "copa": 3.8, "species": "Ligustrum japonicum", "comun": "Aligustre del Japón"}}, {"type": "Feature", "geometry": {"type": "Point", "coordinates": [-3.7075904, 40.4540763]}, "properties": {"ubicacion": "aparcamiento", "copa": 12.4, "species": "Ulmus pumila", "comun": "Olmo de Siberia"}}, {"type": "Feature", "geometry": {"type": "Point", "coordinates": [-3.7077398, 40.4539457]}, "properties": {"ubicacion": "aparcamiento", "copa": 11.0, "species": "Platanus x hispanica", "comun": "Plátano de sombra"}}, {"type": "Feature", "geometry": {"type": "Point", "coordinates": [-3.7043744, 40.4533905]}, "properties": {"ubicacion": "aparcamiento", "copa": 4.7, "species": "Pyrus calleryana", "comun": "Peral de flor"}}, {"type": "Feature", "geometry": {"type": "Point", "coordinates": [-3.7043518, 40.453512]}, "properties": {"ubicacion": "aparcamiento", "copa": 4.2, "species": "Pyrus calleryana", "comun": "Peral de flor"}}, {"type": "Feature", "geometry": {"type": "Point", "coordinates": [-3.7109135, 40.4525115]}, "properties": {"ubicacion": "aparcamiento", "copa": 12.7, "species": "Platanus x hispanica", "comun": "Plátano de sombra"}}, {"type": "Feature", "geometry": {"type": "Point", "coordinates": [-3.711082, 40.4525252]}, "properties": {"ubicacion": "aparcamiento", "copa": 13.0, "species": "Platanus x hispanica", "comun": "Plátano de sombra"}}, {"type": "Feature", "geometry": {"type": "Point", "coordinates": [-3.7076645, 40.4517915]}, "properties": {"ubicacion": "aparcamiento", "copa": 3.9, "species": "Ligustrum japonicum", "comun": "Aligustre del Japón"}}, {"type": "Feature", "geometry": {"type": "Point", "coordinates": [-3.707621, 40.451912]}, "properties": {"ubicacion": "aparcamiento", "copa": 3.9, "species": "Ligustrum japonicum", "comun": "Aligustre del Japón"}}, {"type": "Feature", "geometry": {"type": "Point", "coordinates": [-3.7075773, 40.4520324]}, "properties": {"ubicacion": "aparcamiento", "copa": 3.8, "species": "Ligustrum japonicum", "comun": "Aligustre del Japón"}}, {"type": "Feature", "geometry": {"type": "Point", "coordinates": [-3.7075339, 40.4521529]}, "properties": {"ubicacion": "aparcamiento", "copa": 3.9, "species": "Ligustrum japonicum", "comun": "Aligustre del Japón"}}, {"type": "Feature", "geometry": {"type": "Point", "coordinates": [-3.7074901, 40.4522733]}, "properties": {"ubicacion": "aparcamiento", "copa": 3.7, "species": "Ligustrum japonicum", "comun": "Aligustre del Japón"}}, {"type": "Feature", "geometry": {"type": "Point", "coordinates": [-3.7068333, 40.45268]}, "properties": {"ubicacion": "aparcamiento", "copa": 4.0, "species": "Ligustrum japonicum", "comun": "Aligustre del Japón"}}, {"type": "Feature", "geometry": {"type": "Point", "coordinates": [-3.7068502, 40.4525619]}, "properties": {"ubicacion": "aparcamiento", "copa": 4.0, "species": "Ligustrum japonicum", "comun": "Aligustre del Japón"}}, {"type": "Feature", "geometry": {"type": "Point", "coordinates": [-3.7068666, 40.4524436]}, "properties": {"ubicacion": "aparcamiento", "copa": 3.7, "species": "Ligustrum japonicum", "comun": "Aligustre del Japón"}}, {"type": "Feature", "geometry": {"type": "Point", "coordinates": [-3.7050424, 40.4529792]}, "properties": {"ubicacion": "aparcamiento", "copa": 2.6, "species": "Hibiscus syriacus", "comun": "Rosa de Siria"}}, {"type": "Feature", "geometry": {"type": "Point", "coordinates": [-3.7048674, 40.4529643]}, "properties": {"ubicacion": "aparcamiento", "copa": 4.2, "species": "Ligustrum japonicum", "comun": "Aligustre del Japón"}}, {"type": "Feature", "geometry": {"type": "Point", "coordinates": [-3.7046928, 40.4529473]}, "properties": {"ubicacion": "aparcamiento", "copa": 4.2, "species": "Ligustrum japonicum", "comun": "Aligustre del Japón"}}, {"type": "Feature", "geometry": {"type": "Point", "coordinates": [-3.704031, 40.4521614]}, "properties": {"ubicacion": "aparcamiento", "copa": 2.4, "species": "Hibiscus syriacus", "comun": "Rosa de Siria"}}, {"type": "Feature", "geometry": {"type": "Point", "coordinates": [-3.7040487, 40.4520671]}, "properties": {"ubicacion": "aparcamiento", "copa": 2.7, "species": "Hibiscus syriacus", "comun": "Rosa de Siria"}}, {"type": "Feature", "geometry": {"type": "Point", "coordinates": [-3.7040689, 40.4519731]}, "properties": {"ubicacion": "aparcamiento", "copa": 4.4, "species": "Ligustrum japonicum", "comun": "Aligustre del Japón"}}, {"type": "Feature", "geometry": {"type": "Point", "coordinates": [-3.7036875, 40.4519405]}, "properties": {"ubicacion": "aparcamiento", "copa": 12.2, "species": "Ulmus pumila", "comun": "Olmo de Siberia"}}, {"type": "Feature", "geometry": {"type": "Point", "coordinates": [-3.7034756, 40.4519523]}, "properties": {"ubicacion": "aparcamiento", "copa": 12.0, "species": "Platanus x hispanica", "comun": "Plátano de sombra"}}, {"type": "Feature", "geometry": {"type": "Point", "coordinates": [-3.7100524, 40.4550663]}, "properties": {"ubicacion": "aparcamiento", "copa": 4.0, "species": "Ligustrum japonicum", "comun": "Aligustre del Japón"}}, {"type": "Feature", "geometry": {"type": "Point", "coordinates": [-3.7099419, 40.4549348]}, "properties": {"ubicacion": "aparcamiento", "copa": 3.7, "species": "Ligustrum japonicum", "comun": "Aligustre del Japón"}}, {"type": "Feature", "geometry": {"type": "Point", "coordinates": [-3.7095428, 40.4544526]}, "properties": {"ubicacion": "aparcamiento", "copa": 4.1, "species": "Ligustrum japonicum", "comun": "Aligustre del Japón"}}, {"type": "Feature", "geometry": {"type": "Point", "coordinates": [-3.7094202, 40.4542907]}, "properties": {"ubicacion": "aparcamiento", "copa": 12.1, "species": "Platanus x hispanica", "comun": "Plátano de sombra"}}, {"type": "Feature", "geometry": {"type": "Point", "coordinates": [-3.7078921, 40.4536924]}, "properties": {"ubicacion": "aparcamiento", "copa": 12.5, "species": "Ulmus pumila", "comun": "Olmo de Siberia"}}, {"type": "Feature", "geometry": {"type": "Point", "coordinates": [-3.7080072, 40.4535597]}, "properties": {"ubicacion": "aparcamiento", "copa": 11.6, "species": "Platanus x hispanica", "comun": "Plátano de sombra"}}, {"type": "Feature", "geometry": {"type": "Point", "coordinates": [-3.7081224, 40.453427]}, "properties": {"ubicacion": "aparcamiento", "copa": 10.9, "species": "Platanus x hispanica", "comun": "Plátano de sombra"}}, {"type": "Feature", "geometry": {"type": "Point", "coordinates": [-3.70687, 40.4510739]}, "properties": {"ubicacion": "aparcamiento", "copa": 4.3, "species": "Ligustrum japonicum", "comun": "Aligustre del Japón"}}, {"type": "Feature", "geometry": {"type": "Point", "coordinates": [-3.7066821, 40.4511099]}, "properties": {"ubicacion": "aparcamiento", "copa": 3.8, "species": "Ligustrum japonicum", "comun": "Aligustre del Japón"}}, {"type": "Feature", "geometry": {"type": "Point", "coordinates": [-3.7091426, 40.4500224]}, "properties": {"ubicacion": "aparcamiento", "copa": 2.7, "species": "Hibiscus syriacus", "comun": "Rosa de Siria"}}, {"type": "Feature", "geometry": {"type": "Point", "coordinates": [-3.7090131, 40.4499676]}, "properties": {"ubicacion": "aparcamiento", "copa": 2.3, "species": "Hibiscus syriacus", "comun": "Rosa de Siria"}}, {"type": "Feature", "geometry": {"type": "Point", "coordinates": [-3.7088817, 40.4499156]}, "properties": {"ubicacion": "aparcamiento", "copa": 4.3, "species": "Ligustrum japonicum", "comun": "Aligustre del Japón"}}, {"type": "Feature", "geometry": {"type": "Point", "coordinates": [-3.7087466, 40.4498678]}, "properties": {"ubicacion": "aparcamiento", "copa": 12.0, "species": "Ulmus pumila", "comun": "Olmo de Siberia"}}, {"type": "Feature", "geometry": {"type": "Point", "coordinates": [-3.7086168, 40.4498134]}, "properties": {"ubicacion": "aparcamiento", "copa": 11.3, "species": "Platanus x hispanica", "comun": "Plátano de sombra"}}, {"type": "Feature", "geometry": {"type": "Point", "coordinates": [-3.7084937, 40.44975]}, "properties": {"ubicacion": "aparcamiento", "copa": 2.3, "species": "Hibiscus syriacus", "comun": "Rosa de Siria"}}, {"type": "Feature", "geometry": {"type": "Point", "coordinates": [-3.7084521, 40.4485693]}, "properties": {"ubicacion": "aparcamiento", "copa": 12.4, "species": "Platanus x hispanica", "comun": "Plátano de sombra"}}, {"type": "Feature", "geometry": {"type": "Point", "coordinates": [-3.7085546, 40.4486714]}, "properties": {"ubicacion": "aparcamiento", "copa": 11.9, "species": "Platanus x hispanica", "comun": "Plátano de sombra"}}, {"type": "Feature", "geometry": {"type": "Point", "coordinates": [-3.7086556, 40.4487743]}, "properties": {"ubicacion": "aparcamiento", "copa": 13.0, "species": "Platanus x hispanica", "comun": "Plátano de sombra"}}, {"type": "Feature", "geometry": {"type": "Point", "coordinates": [-3.7087566, 40.4488772]}, "properties": {"ubicacion": "aparcamiento", "copa": 11.1, "species": "Platanus x hispanica", "comun": "Plátano de sombra"}}, {"type": "Feature", "geometry": {"type": "Point", "coordinates": [-3.7088576, 40.4489802]}, "properties": {"ubicacion": "aparcamiento", "copa": 11.2, "species": "Ulmus pumila", "comun": "Olmo de Siberia"}}, {"type": "Feature", "geometry": {"type": "Point", "coordinates": [-3.7068715, 40.4473608]}, "properties": {"ubicacion": "aparcamiento", "copa": 3.6, "species": "Ligustrum japonicum", "comun": "Aligustre del Japón"}}, {"type": "Feature", "geometry": {"type": "Point", "coordinates": [-3.7069076, 40.4474638]}, "properties": {"ubicacion": "aparcamiento", "copa": 4.9, "species": "Pyrus calleryana", "comun": "Peral de flor"}}, {"type": "Feature", "geometry": {"type": "Point", "coordinates": [-3.7069402, 40.4475676]}, "properties": {"ubicacion": "aparcamiento", "copa": 4.1, "species": "Ligustrum japonicum", "comun": "Aligustre del Japón"}}, {"type": "Feature", "geometry": {"type": "Point", "coordinates": [-3.704801, 40.4476375]}, "properties": {"ubicacion": "aparcamiento", "copa": 11.1, "species": "Platanus x hispanica", "comun": "Plátano de sombra"}}, {"type": "Feature", "geometry": {"type": "Point", "coordinates": [-3.7046146, 40.4476402]}, "properties": {"ubicacion": "aparcamiento", "copa": 11.8, "species": "Platanus x hispanica", "comun": "Plátano de sombra"}}, {"type": "Feature", "geometry": {"type": "Point", "coordinates": [-3.7044283, 40.4476432]}, "properties": {"ubicacion": "aparcamiento", "copa": 12.6, "species": "Platanus x hispanica", "comun": "Plátano de sombra"}}, {"type": "Feature", "geometry": {"type": "Point", "coordinates": [-3.7064356, 40.4564028]}, "properties": {"ubicacion": "aparcamiento", "copa": 4.0, "species": "Ligustrum japonicum", "comun": "Aligustre del Japón"}}, {"type": "Feature", "geometry": {"type": "Point", "coordinates": [-3.7064413, 40.4563219]}, "properties": {"ubicacion": "aparcamiento", "copa": 4.2, "species": "Pyrus calleryana", "comun": "Peral de flor"}}, {"type": "Feature", "geometry": {"type": "Point", "coordinates": [-3.7064485, 40.4562411]}, "properties": {"ubicacion": "aparcamiento", "copa": 3.6, "species": "Ligustrum japonicum", "comun": "Aligustre del Japón"}}, {"type": "Feature", "geometry": {"type": "Point", "coordinates": [-3.706454, 40.4561603]}, "properties": {"ubicacion": "aparcamiento", "copa": 3.9, "species": "Ligustrum japonicum", "comun": "Aligustre del Japón"}}, {"type": "Feature", "geometry": {"type": "Point", "coordinates": [-3.706723, 40.4476196]}, "properties": {"ubicacion": "aparcamiento", "copa": 3.9, "species": "Ligustrum japonicum", "comun": "Aligustre del Japón"}}, {"type": "Feature", "geometry": {"type": "Point", "coordinates": [-3.7065627, 40.4476219]}, "properties": {"ubicacion": "aparcamiento", "copa": 4.0, "species": "Ligustrum japonicum", "comun": "Aligustre del Japón"}}, {"type": "Feature", "geometry": {"type": "Point", "coordinates": [-3.7064023, 40.4476222]}, "properties": {"ubicacion": "aparcamiento", "copa": 2.6, "species": "Hibiscus syriacus", "comun": "Rosa de Siria"}}, {"type": "Feature", "geometry": {"type": "Point", "coordinates": [-3.706242, 40.4476261]}, "properties": {"ubicacion": "aparcamiento", "copa": 3.9, "species": "Ligustrum japonicum", "comun": "Aligustre del Japón"}}, {"type": "Feature", "geometry": {"type": "Point", "coordinates": [-3.7061178, 40.4476281]}, "properties": {"ubicacion": "aparcamiento", "copa": 4.0, "species": "Ligustrum japonicum", "comun": "Aligustre del Japón"}}, {"type": "Feature", "geometry": {"type": "Point", "coordinates": [-3.7058768, 40.4476292]}, "properties": {"ubicacion": "aparcamiento", "copa": 2.4, "species": "Hibiscus syriacus", "comun": "Rosa de Siria"}}, {"type": "Feature", "geometry": {"type": "Point", "coordinates": [-3.7099337, 40.4523045]}, "properties": {"ubicacion": "aparcamiento", "copa": 11.1, "species": "Ulmus pumila", "comun": "Olmo de Siberia"}}, {"type": "Feature", "geometry": {"type": "Point", "coordinates": [-3.7101425, 40.4523644]}, "properties": {"ubicacion": "aparcamiento", "copa": 13.1, "species": "Ulmus pumila", "comun": "Olmo de Siberia"}}, {"type": "Feature", "geometry": {"type": "Point", "coordinates": [-3.7073296, 40.45064]}, "properties": {"ubicacion": "aparcamiento", "copa": 11.3, "species": "Platanus x hispanica", "comun": "Plátano de sombra"}}, {"type": "Feature", "geometry": {"type": "Point", "coordinates": [-3.7072058, 40.4511381]}, "properties": {"ubicacion": "aparcamiento", "copa": 12.1, "species": "Platanus x hispanica", "comun": "Plátano de sombra"}}, {"type": "Feature", "geometry": {"type": "Point", "coordinates": [-3.7097274, 40.4545088]}, "properties": {"ubicacion": "aparcamiento", "copa": 13.1, "species": "Platanus x hispanica", "comun": "Plátano de sombra"}}, {"type": "Feature", "geometry": {"type": "Point", "coordinates": [-3.7074213, 40.4532137]}, "properties": {"ubicacion": "aparcamiento", "copa": 11.1, "species": "Platanus x hispanica", "comun": "Plátano de sombra"}}, {"type": "Feature", "geometry": {"type": "Point", "coordinates": [-3.7068919, 40.4531866]}, "properties": {"ubicacion": "aparcamiento", "copa": 13.0, "species": "Ulmus pumila", "comun": "Olmo de Siberia"}}, {"type": "Feature", "geometry": {"type": "Point", "coordinates": [-3.7075253, 40.4494297]}, "properties": {"ubicacion": "aparcamiento", "copa": 11.5, "species": "Platanus x hispanica", "comun": "Plátano de sombra"}}, {"type": "Feature", "geometry": {"type": "Point", "coordinates": [-3.7074656, 40.4498451]}, "properties": {"ubicacion": "aparcamiento", "copa": 13.1, "species": "Platanus x hispanica", "comun": "Plátano de sombra"}}, {"type": "Feature", "geometry": {"type": "Point", "coordinates": [-3.7117243, 40.4533505]}, "properties": {"ubicacion": "aparcamiento", "copa": 13.2, "species": "Platanus x hispanica", "comun": "Plátano de sombra"}}, {"type": "Feature", "geometry": {"type": "Point", "coordinates": [-3.7116255, 40.4532682]}, "properties": {"ubicacion": "aparcamiento", "copa": 13.0, "species": "Ulmus pumila", "comun": "Olmo de Siberia"}}, {"type": "Feature", "geometry": {"type": "Point", "coordinates": [-3.7068932, 40.4528323]}, "properties": {"ubicacion": "aparcamiento", "copa": 12.4, "species": "Platanus x hispanica", "comun": "Plátano de sombra"}}, {"type": "Feature", "geometry": {"type": "Point", "coordinates": [-3.7069658, 40.4524345]}, "properties": {"ubicacion": "aparcamiento", "copa": 11.6, "species": "Platanus x hispanica", "comun": "Plátano de sombra"}}, {"type": "Feature", "geometry": {"type": "Point", "coordinates": [-3.7124094, 40.454661]}, "properties": {"ubicacion": "aparcamiento", "copa": 12.9, "species": "Ulmus pumila", "comun": "Olmo de Siberia"}}, {"type": "Feature", "geometry": {"type": "Point", "coordinates": [-3.7127437, 40.4549109]}, "properties": {"ubicacion": "aparcamiento", "copa": 11.6, "species": "Platanus x hispanica", "comun": "Plátano de sombra"}}, {"type": "Feature", "geometry": {"type": "Point", "coordinates": [-3.7101308, 40.4549942]}, "properties": {"ubicacion": "aparcamiento", "copa": 11.4, "species": "Platanus x hispanica", "comun": "Plátano de sombra"}}, {"type": "Feature", "geometry": {"type": "Point", "coordinates": [-3.7098696, 40.4546782]}, "properties": {"ubicacion": "aparcamiento", "copa": 12.4, "species": "Platanus x hispanica", "comun": "Plátano de sombra"}}, {"type": "Feature", "geometry": {"type": "Point", "coordinates": [-3.707868, 40.4531457]}, "properties": {"ubicacion": "aparcamiento", "copa": 11.2, "species": "Platanus x hispanica", "comun": "Plátano de sombra"}}, {"type": "Feature", "geometry": {"type": "Point", "coordinates": [-3.7074305, 40.4532924]}, "properties": {"ubicacion": "aparcamiento", "copa": 12.2, "species": "Platanus x hispanica", "comun": "Plátano de sombra"}}, {"type": "Feature", "geometry": {"type": "Point", "coordinates": [-3.7097702, 40.4556226]}, "properties": {"ubicacion": "aparcamiento", "copa": 12.2, "species": "Ulmus pumila", "comun": "Olmo de Siberia"}}, {"type": "Feature", "geometry": {"type": "Point", "coordinates": [-3.7071268, 40.4514563]}, "properties": {"ubicacion": "aparcamiento", "copa": 12.2, "species": "Platanus x hispanica", "comun": "Plátano de sombra"}}, {"type": "Feature", "geometry": {"type": "Point", "coordinates": [-3.7074214, 40.4501851]}, "properties": {"ubicacion": "aparcamiento", "copa": 12.8, "species": "Ulmus pumila", "comun": "Olmo de Siberia"}}, {"type": "Feature", "geometry": {"type": "Point", "coordinates": [-3.7115334, 40.453782]}, "properties": {"ubicacion": "aparcamiento", "copa": 3.8, "species": "Ligustrum japonicum", "comun": "Aligustre del Japón"}}, {"type": "Feature", "geometry": {"type": "Point", "coordinates": [-3.7096638, 40.4553317]}, "properties": {"ubicacion": "aparcamiento", "copa": 11.6, "species": "Platanus x hispanica", "comun": "Plátano de sombra"}}, {"type": "Feature", "geometry": {"type": "Point", "coordinates": [-3.7068648, 40.4530271]}, "properties": {"ubicacion": "aparcamiento", "copa": 13.1, "species": "Platanus x hispanica", "comun": "Plátano de sombra"}}, {"type": "Feature", "geometry": {"type": "Point", "coordinates": [-3.7077171, 40.4531152]}, "properties": {"ubicacion": "aparcamiento", "copa": 12.7, "species": "Platanus x hispanica", "comun": "Plátano de sombra"}}, {"type": "Feature", "geometry": {"type": "Point", "coordinates": [-3.7097005, 40.4555144]}, "properties": {"ubicacion": "aparcamiento", "copa": 11.8, "species": "Platanus x hispanica", "comun": "Plátano de sombra"}}, {"type": "Feature", "geometry": {"type": "Point", "coordinates": [-3.7069786, 40.452239]}, "properties": {"ubicacion": "aparcamiento", "copa": 12.8, "species": "Platanus x hispanica", "comun": "Plátano de sombra"}}, {"type": "Feature", "geometry": {"type": "Point", "coordinates": [-3.7097123, 40.451927]}, "properties": {"ubicacion": "aparcamiento", "copa": 12.8, "species": "Platanus x hispanica", "comun": "Plátano de sombra"}}]}