{"type": "FeatureCollection", "features": [{"type": "Feature", "geometry": {"type": "LineString", "coordinates": [[-3.7092934, 40.4485925], [-3.7089746, 40.4480945]]}, "properties": {"plazas": 13, "tipo": "Línea", "color": "verde", "longitud_m": 61.5, "calle": "Avenida de Pablo Iglesias", "fill": "#27AE60"}}, {"type": "Feature", "geometry": {"type": "LineString", "coordinates": [[-3.7054647, 40.4558875], [-3.7053537, 40.4559883]]}, "properties": {"plazas": 3, "tipo": "Línea", "color": "azul", "longitud_m": 14.6, "calle": "Calle de Jerónima Llorente", "fill": "#2980B9"}}, {"type": "Feature", "geometry": {"type": "LineString", "coordinates": [[-3.705822, 40.4555639], [-3.7060423, 40.4553667]]}, "properties": {"plazas": 6, "tipo": "Línea", "color": "azul", "longitud_m": 28.8, "calle": "Calle de Jerónima Llorente", "fill": "#2980B9"}}, {"type": "Feature", "geometry": {"type": "LineString", "coordinates": [[-3.7057695, 40.4560129], [-3.70556, 40.4560024]]}, "properties": {"plazas": 4, "tipo": "Línea", "color": "verde", "longitud_m": 17.8, "calle": "Calle de Jerónima Llorente", "fill": "#27AE60"}}, {"type": "Feature", "geometry": {"type": "LineString", "coordinates": [[-3.7061954, 40.4560343], [-3.7058312, 40.456016]]}, "properties": {"plazas": 7, "tipo": "Línea", "color": "verde", "longitud_m": 30.9, "calle": "Calle de Juan del Enzina", "fill": "#27AE60"}}, {"type": "Feature", "geometry": {"type": "LineString", "coordinates": [[-3.7064565, 40.4560278], [-3.7064, 40.4558249]]}, "properties": {"plazas": 4, "tipo": "Línea", "color": "verde", "longitud_m": 23.0, "calle": "Calle de Juan del Enzina", "fill": "#27AE60"}}, {"type": "Feature", "geometry": {"type": "LineString", "coordinates": [[-3.7067622, 40.4558038], [-3.7066243, 40.4556835]]}, "properties": {"plazas": 3, "tipo": "Línea", "color": "verde", "longitud_m": 17.8, "calle": "Calle de Pamplona", "fill": "#27AE60"}}, {"type": "Feature", "geometry": {"type": "LineString", "coordinates": [[-3.7063256, 40.4554195], [-3.706448, 40.4555279]]}, "properties": {"plazas": 3, "tipo": "Línea", "color": "verde", "longitud_m": 15.9, "calle": "Calle de Pamplona", "fill": "#27AE60"}}, {"type": "Feature", "geometry": {"type": "LineString", "coordinates": [[-3.7095402, 40.4569502], [-3.7092301, 40.4568633]]}, "properties": {"plazas": 12, "tipo": "Batería", "color": "verde", "longitud_m": 28.0, "calle": "Calle de Numancia", "fill": "#27AE60"}}, {"type": "Feature", "geometry": {"type": "LineString", "coordinates": [[-3.7070917, 40.4558055], [-3.7070721, 40.4557882]]}, "properties": {"plazas": 1, "tipo": "Batería", "color": "verde", "longitud_m": 2.5, "calle": "Calle de Pamplona", "fill": "#27AE60"}}, {"type": "Feature", "geometry": {"type": "LineString", "coordinates": [[-3.706973, 40.4557011], [-3.7070326, 40.4557538]]}, "properties": {"plazas": 3, "tipo": "Batería", "color": "verde", "longitud_m": 7.7, "calle": "Calle de Pamplona", "fill": "#27AE60"}}, {"type": "Feature", "geometry": {"type": "LineString", "coordinates": [[-3.7068094, 40.455492], [-3.7067351, 40.4554282]]}, "properties": {"plazas": 4, "tipo": "Batería", "color": "verde", "longitud_m": 9.5, "calle": "Calle de Pamplona", "fill": "#27AE60"}}, {"type": "Feature", "geometry": {"type": "LineString", "coordinates": [[-3.7066453, 40.4554128], [-3.7066069, 40.4553791]]}, "properties": {"plazas": 2, "tipo": "Batería", "color": "verde", "longitud_m": 5.0, "calle": "Calle de Pamplona", "fill": "#27AE60"}}, {"type": "Feature", "geometry": {"type": "LineString", "coordinates": [[-3.7060469, 40.4551743], [-3.7057995, 40.4549579]]}, "properties": {"plazas": 6, "tipo": "Línea", "color": "verde", "longitud_m": 31.9, "calle": "Calle de Pamplona", "fill": "#27AE60"}}, {"type": "Feature", "geometry": {"type": "LineString", "coordinates": [[-3.7055961, 40.4546686], [-3.7053857, 40.4544868], [-3.7049099, 40.4540715]]}, "properties": {"plazas": 17, "tipo": "Línea", "color": "verde", "longitud_m": 88.2, "calle": "Calle de Fernando Ossorio", "fill": "#27AE60"}}, {"type": "Feature", "geometry": {"type": "LineString", "coordinates": [[-3.7056165, 40.4546642], [-3.7055113, 40.4545741], [-3.7055063, 40.454569], [-3.7054049, 40.4544816], [-3.7049247, 40.4540612]]}, "properties": {"plazas": 17, "tipo": "Línea", "color": "verde", "longitud_m": 89.0, "calle": "Calle de Pamplona", "fill": "#27AE60"}}, {"type": "Feature", "geometry": {"type": "LineString", "coordinates": [[-3.7059663, 40.4548189], [-3.7059284, 40.4547865]]}, "properties": {"plazas": 2, "tipo": "Batería", "color": "verde", "longitud_m": 4.8, "calle": "Calle de Pamplona", "fill": "#27AE60"}}, {"type": "Feature", "geometry": {"type": "LineString", "coordinates": [[-3.7058482, 40.4547178], [-3.7058949, 40.4547577]]}, "properties": {"plazas": 2, "tipo": "Batería", "color": "verde", "longitud_m": 5.9, "calle": "Calle de Pamplona", "fill": "#27AE60"}}, {"type": "Feature", "geometry": {"type": "LineString", "coordinates": [[-3.7077192, 40.4559431], [-3.7074557, 40.4560306]]}, "properties": {"plazas": 5, "tipo": "Línea", "color": "verde", "longitud_m": 24.4, "calle": "Calle de Castillejos", "fill": "#27AE60"}}, {"type": "Feature", "geometry": {"type": "LineString", "coordinates": [[-3.7078827, 40.4556687], [-3.7076112, 40.4554498]]}, "properties": {"plazas": 7, "tipo": "Línea", "color": "verde", "longitud_m": 33.5, "calle": "Calle de Wad-Ras", "fill": "#27AE60"}}, {"type": "Feature", "geometry": {"type": "LineString", "coordinates": [[-3.7075635, 40.4554116], [-3.707479, 40.4553445]]}, "properties": {"plazas": 2, "tipo": "Línea", "color": "verde", "longitud_m": 10.3, "calle": "Calle de Wad-Ras", "fill": "#27AE60"}}, {"type": "Feature", "geometry": {"type": "LineString", "coordinates": [[-3.7074422, 40.4553154], [-3.7068988, 40.4548823]]}, "properties": {"plazas": 14, "tipo": "Línea", "color": "verde", "longitud_m": 66.6, "calle": "Calle de Wad-Ras", "fill": "#27AE60"}}, {"type": "Feature", "geometry": {"type": "LineString", "coordinates": [[-3.7067458, 40.4548584], [-3.706516, 40.4550654]]}, "properties": {"plazas": 6, "tipo": "Línea", "color": "verde", "longitud_m": 30.1, "calle": "Calle de Wad-Ras", "fill": "#27AE60"}}, {"type": "Feature", "geometry": {"type": "LineString", "coordinates": [[-3.7080855, 40.4555376], [-3.7080395, 40.4551858], [-3.7080215, 40.4551529], [-3.7079986, 40.4551275], [-3.7079769, 40.4551134]]}, "properties": {"plazas": 10, "tipo": "Línea", "color": "verde", "longitud_m": 49.1, "calle": "Calle de Sahagún", "fill": "#27AE60"}}, {"type": "Feature", "geometry": {"type": "LineString", "coordinates": [[-3.7074452, 40.454228], [-3.7072899, 40.454368]]}, "properties": {"plazas": 4, "tipo": "Línea", "color": "verde", "longitud_m": 20.4, "calle": "Calle de Jerónima Llorente", "fill": "#27AE60"}}, {"type": "Feature", "geometry": {"type": "LineString", "coordinates": [[-3.7070967, 40.4545423], [-3.7072434, 40.4544103]]}, "properties": {"plazas": 4, "tipo": "Línea", "color": "verde", "longitud_m": 19.2, "calle": "Calle de Jerónima Llorente", "fill": "#27AE60"}}, {"type": "Feature", "geometry": {"type": "LineString", "coordinates": [[-3.7090319, 40.4567791], [-3.7091902, 40.4568216]]}, "properties": {"plazas": 5, "tipo": "Batería", "color": "verde", "longitud_m": 14.2, "calle": "Calle SER", "fill": "#27AE60"}}, {"type": "Feature", "geometry": {"type": "LineString", "coordinates": [[-3.7083434, 40.4545911], [-3.7077883, 40.4542554]]}, "properties": {"plazas": 12, "tipo": "Línea", "color": "verde", "longitud_m": 60.0, "calle": "Calle Paravicino", "fill": "#27AE60"}}, {"type": "Feature", "geometry": {"type": "LineString", "coordinates": [[-3.7097996, 40.4569495], [-3.7099008, 40.4567237]]}, "properties": {"plazas": 5, "tipo": "Línea", "color": "verde", "longitud_m": 26.5, "calle": "Calle de Numancia", "fill": "#27AE60"}}, {"type": "Feature", "geometry": {"type": "LineString", "coordinates": [[-3.7101608, 40.456232], [-3.7101461, 40.4562451], [-3.7101288, 40.4562642], [-3.7100987, 40.4563041]]}, "properties": {"plazas": 2, "tipo": "Línea", "color": "verde", "longitud_m": 9.6, "calle": "Calle de Numancia", "fill": "#27AE60"}}, {"type": "Feature", "geometry": {"type": "LineString", "coordinates": [[-3.7052904, 40.4542662], [-3.7051114, 40.4541104]]}, "properties": {"plazas": 4, "tipo": "Línea", "color": "verde", "longitud_m": 23.0, "calle": "Calle de Pamplona", "fill": "#27AE60"}}, {"type": "Feature", "geometry": {"type": "LineString", "coordinates": [[-3.7049391, 40.4539282], [-3.7047758, 40.4537876]]}, "properties": {"plazas": 8, "tipo": "Batería", "color": "verde", "longitud_m": 20.9, "calle": "Calle de Pamplona", "fill": "#27AE60"}}, {"type": "Feature", "geometry": {"type": "LineString", "coordinates": [[-3.7103465, 40.4562429], [-3.7103153, 40.4562652], [-3.7102945, 40.4562813], [-3.7102707, 40.4563031], [-3.7102472, 40.4563261], [-3.7102344, 40.4563411], [-3.7102143, 40.4563678], [-3.7102009, 40.4563894], [-3.7101802, 40.4564294], [-3.7101144, 40.4565812]]}, "properties": {"plazas": 9, "tipo": "Línea", "color": "verde", "longitud_m": 43.1, "calle": "Calle de Numancia", "fill": "#27AE60"}}, {"type": "Feature", "geometry": {"type": "LineString", "coordinates": [[-3.7105579, 40.4559471], [-3.7102269, 40.4561819]]}, "properties": {"plazas": 8, "tipo": "Línea", "color": "verde", "longitud_m": 38.3, "calle": "Calle de Numancia", "fill": "#27AE60"}}, {"type": "Feature", "geometry": {"type": "LineString", "coordinates": [[-3.7109361, 40.455974], [-3.7110095, 40.4560192], [-3.7110231, 40.4560265], [-3.711149, 40.4560784]]}, "properties": {"plazas": 4, "tipo": "Línea", "color": "verde", "longitud_m": 21.5, "calle": "Calle Alejandro Rodríguez", "fill": "#27AE60"}}, {"type": "Feature", "geometry": {"type": "LineString", "coordinates": [[-3.7109781, 40.4556512], [-3.7113657, 40.4553766]]}, "properties": {"plazas": 9, "tipo": "Línea", "color": "verde", "longitud_m": 44.8, "calle": "Calle de Numancia", "fill": "#27AE60"}}, {"type": "Feature", "geometry": {"type": "LineString", "coordinates": [[-3.7118499, 40.4550227], [-3.7114836, 40.4552929]]}, "properties": {"plazas": 9, "tipo": "Línea", "color": "verde", "longitud_m": 43.2, "calle": "Calle de Numancia", "fill": "#27AE60"}}, {"type": "Feature", "geometry": {"type": "LineString", "coordinates": [[-3.7127326, 40.4550255], [-3.7126935, 40.4549959]]}, "properties": {"plazas": 1, "tipo": "Línea", "color": "verde", "longitud_m": 4.7, "calle": "Calle de Numancia", "fill": "#27AE60"}}, {"type": "Feature", "geometry": {"type": "LineString", "coordinates": [[-3.7099879, 40.4554789], [-3.7099515, 40.4555057]]}, "properties": {"plazas": 2, "tipo": "Batería", "color": "verde", "longitud_m": 4.3, "calle": "Calle Leñeros", "fill": "#27AE60"}}, {"type": "Feature", "geometry": {"type": "LineString", "coordinates": [[-3.7096541, 40.4557274], [-3.7099109, 40.4555372]]}, "properties": {"plazas": 13, "tipo": "Batería", "color": "verde", "longitud_m": 30.3, "calle": "Calle Leñeros", "fill": "#27AE60"}}, {"type": "Feature", "geometry": {"type": "LineString", "coordinates": [[-3.7093633, 40.4555751], [-3.7093938, 40.455599]]}, "properties": {"plazas": 2, "tipo": "Batería", "color": "verde", "longitud_m": 3.7, "calle": "Calle Leñeros", "fill": "#27AE60"}}, {"type": "Feature", "geometry": {"type": "LineString", "coordinates": [[-3.7093618, 40.4555058], [-3.7094886, 40.4554104]]}, "properties": {"plazas": 6, "tipo": "Batería", "color": "verde", "longitud_m": 15.1, "calle": "Calle Leñeros", "fill": "#27AE60"}}, {"type": "Feature", "geometry": {"type": "LineString", "coordinates": [[-3.7097767, 40.45526], [-3.7095386, 40.4553781]]}, "properties": {"plazas": 10, "tipo": "Batería", "color": "verde", "longitud_m": 24.1, "calle": "Calle Leñeros", "fill": "#27AE60"}}, {"type": "Feature", "geometry": {"type": "LineString", "coordinates": [[-3.7095681, 40.4555526], [-3.7096805, 40.4554688]]}, "properties": {"plazas": 5, "tipo": "Batería", "color": "verde", "longitud_m": 13.3, "calle": "Calle Leñeros", "fill": "#27AE60"}}, {"type": "Feature", "geometry": {"type": "LineString", "coordinates": [[-3.7095932, 40.4555729], [-3.7097831, 40.4554366]]}, "properties": {"plazas": 9, "tipo": "Batería", "color": "verde", "longitud_m": 22.1, "calle": "Calle Leñeros", "fill": "#27AE60"}}, {"type": "Feature", "geometry": {"type": "LineString", "coordinates": [[-3.7106869, 40.4557189], [-3.710135, 40.4550543]]}, "properties": {"plazas": 18, "tipo": "Línea", "color": "verde", "longitud_m": 87.4, "calle": "Calle Leñeros", "fill": "#27AE60"}}, {"type": "Feature", "geometry": {"type": "LineString", "coordinates": [[-3.7094691, 40.4541663], [-3.7096205, 40.4543555], [-3.7097471, 40.4545073]]}, "properties": {"plazas": 19, "tipo": "Batería", "color": "verde", "longitud_m": 44.6, "calle": "Calle Leñeros", "fill": "#27AE60"}}, {"type": "Feature", "geometry": {"type": "LineString", "coordinates": [[-3.710884, 40.4556376], [-3.710832, 40.4554641]]}, "properties": {"plazas": 4, "tipo": "Línea", "color": "verde", "longitud_m": 19.8, "calle": "Calle de Alejandro Rodríguez", "fill": "#27AE60"}}, {"type": "Feature", "geometry": {"type": "LineString", "coordinates": [[-3.7108068, 40.4553838], [-3.7106847, 40.454992]]}, "properties": {"plazas": 9, "tipo": "Línea", "color": "verde", "longitud_m": 44.7, "calle": "Calle de Alejandro Rodríguez", "fill": "#27AE60"}}, {"type": "Feature", "geometry": {"type": "LineString", "coordinates": [[-3.7105177, 40.4544447], [-3.7104598, 40.4542562]]}, "properties": {"plazas": 4, "tipo": "Línea", "color": "verde", "longitud_m": 21.5, "calle": "Calle de Alejandro Rodríguez", "fill": "#27AE60"}}, {"type": "Feature", "geometry": {"type": "LineString", "coordinates": [[-3.709982, 40.4534743], [-3.7100299, 40.4535488], [-3.7100592, 40.4535886], [-3.7102552, 40.4539108]]}, "properties": {"plazas": 11, "tipo": "Línea", "color": "verde", "longitud_m": 53.7, "calle": "Calle de Alejandro Rodríguez", "fill": "#27AE60"}}, {"type": "Feature", "geometry": {"type": "LineString", "coordinates": [[-3.7098833, 40.4533125], [-3.7099549, 40.4534315]]}, "properties": {"plazas": 3, "tipo": "Línea", "color": "verde", "longitud_m": 14.5, "calle": "Calle de Alejandro Rodríguez", "fill": "#27AE60"}}, {"type": "Feature", "geometry": {"type": "LineString", "coordinates": [[-3.7114194, 40.4547892], [-3.7113806, 40.4547702], [-3.711356, 40.4547565], [-3.7113317, 40.4547408], [-3.7113037, 40.454721], [-3.7112777, 40.4547007], [-3.7112585, 40.4546834], [-3.71122, 40.4546408]]}, "properties": {"plazas": 4, "tipo": "Línea", "color": "verde", "longitud_m": 23.8, "calle": "Calle de la Rábida", "fill": "#27AE60"}}, {"type": "Feature", "geometry": {"type": "LineString", "coordinates": [[-3.7114618, 40.4534858], [-3.7114711, 40.4534951], [-3.7114835, 40.4535167], [-3.7114965, 40.4535447], [-3.7115073, 40.4535767]]}, "properties": {"plazas": 4, "tipo": "Batería", "color": "verde", "longitud_m": 10.9, "calle": "Calle de la Rábida", "fill": "#27AE60"}}, {"type": "Feature", "geometry": {"type": "LineString", "coordinates": [[-3.7115823, 40.4532711], [-3.7115326, 40.4532903]]}, "properties": {"plazas": 1, "tipo": "Línea", "color": "verde", "longitud_m": 4.7, "calle": "Calle de la Rábida", "fill": "#27AE60"}}, {"type": "Feature", "geometry": {"type": "LineString", "coordinates": [[-3.7125189, 40.4534536], [-3.7125649, 40.4535299]]}, "properties": {"plazas": 2, "tipo": "Línea", "color": "verde", "longitud_m": 9.3, "calle": "Avenida de Pablo Iglesias", "fill": "#27AE60"}}, {"type": "Feature", "geometry": {"type": "LineString", "coordinates": [[-3.7124228, 40.4532741], [-3.7123035, 40.4530593]]}, "properties": {"plazas": 5, "tipo": "Línea", "color": "verde", "longitud_m": 25.9, "calle": "Avenida de Pablo Iglesias", "fill": "#27AE60"}}, {"type": "Feature", "geometry": {"type": "LineString", "coordinates": [[-3.7107843, 40.4529284], [-3.7106363, 40.4529844]]}, "properties": {"plazas": 3, "tipo": "Línea", "color": "verde", "longitud_m": 14.0, "calle": "Calle de María Pedraza", "fill": "#27AE60"}}, {"type": "Feature", "geometry": {"type": "LineString", "coordinates": [[-3.7105559, 40.4530146], [-3.7104571, 40.4530512]]}, "properties": {"plazas": 2, "tipo": "Línea", "color": "verde", "longitud_m": 9.3, "calle": "Calle de María Pedraza", "fill": "#27AE60"}}, {"type": "Feature", "geometry": {"type": "LineString", "coordinates": [[-3.7101288, 40.4531737], [-3.7101777, 40.4531559]]}, "properties": {"plazas": 1, "tipo": "Línea", "color": "verde", "longitud_m": 4.6, "calle": "Calle de María Pedraza", "fill": "#27AE60"}}, {"type": "Feature", "geometry": {"type": "LineString", "coordinates": [[-3.7099656, 40.453236], [-3.7100692, 40.4531964]]}, "properties": {"plazas": 2, "tipo": "Línea", "color": "verde", "longitud_m": 9.8, "calle": "Calle de María Pedraza", "fill": "#27AE60"}}, {"type": "Feature", "geometry": {"type": "LineString", "coordinates": [[-3.7113021, 40.452665], [-3.7110052, 40.4527769]]}, "properties": {"plazas": 6, "tipo": "Línea", "color": "verde", "longitud_m": 28.1, "calle": "Calle de María Pedraza", "fill": "#27AE60"}}, {"type": "Feature", "geometry": {"type": "LineString", "coordinates": [[-3.7107581, 40.4525778], [-3.7108321, 40.4527054]]}, "properties": {"plazas": 3, "tipo": "Línea", "color": "verde", "longitud_m": 15.5, "calle": "Calle de la Rábida", "fill": "#27AE60"}}, {"type": "Feature", "geometry": {"type": "LineString", "coordinates": [[-3.7104628, 40.4529802], [-3.7103502, 40.4530215]]}, "properties": {"plazas": 2, "tipo": "Línea", "color": "verde", "longitud_m": 10.6, "calle": "Calle de María Pedraza", "fill": "#27AE60"}}, {"type": "Feature", "geometry": {"type": "LineString", "coordinates": [[-3.7099427, 40.4531699], [-3.7102971, 40.4530411]]}, "properties": {"plazas": 7, "tipo": "Línea", "color": "verde", "longitud_m": 33.3, "calle": "Calle de María Pedraza", "fill": "#27AE60"}}, {"type": "Feature", "geometry": {"type": "LineString", "coordinates": [[-3.7088779, 40.45357], [-3.7089784, 40.4535324]]}, "properties": {"plazas": 2, "tipo": "Línea", "color": "verde", "longitud_m": 9.5, "calle": "Calle de María Pedraza", "fill": "#27AE60"}}, {"type": "Feature", "geometry": {"type": "LineString", "coordinates": [[-3.7097721, 40.4531896], [-3.7098053, 40.4531113]]}, "properties": {"plazas": 2, "tipo": "Línea", "color": "verde", "longitud_m": 9.1, "calle": "Calle de Alejandro Rodríguez", "fill": "#27AE60"}}, {"type": "Feature", "geometry": {"type": "LineString", "coordinates": [[-3.7100096, 40.4525896], [-3.7099956, 40.4525709], [-3.7099818, 40.4525643], [-3.7099729, 40.4525621]]}, "properties": {"plazas": 2, "tipo": "Batería", "color": "verde", "longitud_m": 4.6, "calle": "Calle de Alejandro Rodríguez", "fill": "#27AE60"}}, {"type": "Feature", "geometry": {"type": "LineString", "coordinates": [[-3.7095787, 40.4527271], [-3.7095338, 40.4527476]]}, "properties": {"plazas": 1, "tipo": "Línea", "color": "verde", "longitud_m": 4.4, "calle": "Calle de Juan Pradillo", "fill": "#27AE60"}}, {"type": "Feature", "geometry": {"type": "LineString", "coordinates": [[-3.7087461, 40.4535549], [-3.7085859, 40.4533997]]}, "properties": {"plazas": 5, "tipo": "Línea", "color": "verde", "longitud_m": 21.9, "calle": "Calle Leñeros", "fill": "#27AE60"}}, {"type": "Feature", "geometry": {"type": "LineString", "coordinates": [[-3.7084483, 40.4542645], [-3.7082577, 40.4541185]]}, "properties": {"plazas": 4, "tipo": "Línea", "color": "verde", "longitud_m": 22.9, "calle": "Calle Joaquín Arjona", "fill": "#27AE60"}}, {"type": "Feature", "geometry": {"type": "LineString", "coordinates": [[-3.7043955, 40.4541548], [-3.7047327, 40.4542028]]}, "properties": {"plazas": 6, "tipo": "Línea", "color": "verde", "longitud_m": 29.1, "calle": "Calle de Fernando Ossorio", "fill": "#27AE60"}}, {"type": "Feature", "geometry": {"type": "LineString", "coordinates": [[-3.7037815, 40.4540653], [-3.7039009, 40.4540832]]}, "properties": {"plazas": 2, "tipo": "Línea", "color": "verde", "longitud_m": 10.3, "calle": "Calle de Fernando Ossorio", "fill": "#27AE60"}}, {"type": "Feature", "geometry": {"type": "LineString", "coordinates": [[-3.7038465, 40.4536128], [-3.7038216, 40.4537384]]}, "properties": {"plazas": 3, "tipo": "Línea", "color": "verde", "longitud_m": 14.1, "calle": "Calle de Goiri", "fill": "#27AE60"}}, {"type": "Feature", "geometry": {"type": "LineString", "coordinates": [[-3.7069212, 40.4544758], [-3.7068671, 40.4544412]]}, "properties": {"plazas": 1, "tipo": "Línea", "color": "verde", "longitud_m": 6.0, "calle": "Calle de Oudrid", "fill": "#27AE60"}}, {"type": "Feature", "geometry": {"type": "LineString", "coordinates": [[-3.7066795, 40.4543234], [-3.7067758, 40.4543842]]}, "properties": {"plazas": 2, "tipo": "Línea", "color": "verde", "longitud_m": 10.6, "calle": "Calle de Oudrid", "fill": "#27AE60"}}, {"type": "Feature", "geometry": {"type": "LineString", "coordinates": [[-3.7050931, 40.4536405], [-3.7049284, 40.4536279]]}, "properties": {"plazas": 3, "tipo": "Línea", "color": "azul", "longitud_m": 14.0, "calle": "Calle Navarra", "fill": "#2980B9"}}, {"type": "Feature", "geometry": {"type": "LineString", "coordinates": [[-3.7051289, 40.4535846], [-3.7051518, 40.4534607]]}, "properties": {"plazas": 3, "tipo": "Línea", "color": "verde", "longitud_m": 13.9, "calle": "Calle de Francisco Salas", "fill": "#27AE60"}}, {"type": "Feature", "geometry": {"type": "LineString", "coordinates": [[-3.7052139, 40.453115], [-3.7051638, 40.4533941]]}, "properties": {"plazas": 7, "tipo": "Línea", "color": "verde", "longitud_m": 31.3, "calle": "Calle de Francisco Salas", "fill": "#27AE60"}}, {"type": "Feature", "geometry": {"type": "LineString", "coordinates": [[-3.7041875, 40.4528922], [-3.7040271, 40.4528768]]}, "properties": {"plazas": 3, "tipo": "Línea", "color": "verde", "longitud_m": 13.7, "calle": "Calle de Castilla", "fill": "#27AE60"}}, {"type": "Feature", "geometry": {"type": "LineString", "coordinates": [[-3.70521, 40.4529921], [-3.7051334, 40.4529848]]}, "properties": {"plazas": 1, "tipo": "Línea", "color": "verde", "longitud_m": 6.5, "calle": "Calle de Castilla", "fill": "#27AE60"}}, {"type": "Feature", "geometry": {"type": "LineString", "coordinates": [[-3.7044352, 40.4529907], [-3.7043895, 40.4532586]]}, "properties": {"plazas": 6, "tipo": "Línea", "color": "azul", "longitud_m": 30.0, "calle": "Calle de Castilla", "fill": "#2980B9"}}, {"type": "Feature", "geometry": {"type": "LineString", "coordinates": [[-3.7044601, 40.4532903], [-3.7045084, 40.4529968]]}, "properties": {"plazas": 6, "tipo": "Línea", "color": "azul", "longitud_m": 32.8, "calle": "Calle de Castilla", "fill": "#2980B9"}}, {"type": "Feature", "geometry": {"type": "LineString", "coordinates": [[-3.7051973, 40.4530543], [-3.7050484, 40.4530361]]}, "properties": {"plazas": 2, "tipo": "Línea", "color": "azul", "longitud_m": 12.8, "calle": "Calle de Castilla", "fill": "#2980B9"}}, {"type": "Feature", "geometry": {"type": "LineString", "coordinates": [[-3.7053157, 40.4531445], [-3.7054855, 40.4531611]]}, "properties": {"plazas": 6, "tipo": "Batería", "color": "azul", "longitud_m": 14.5, "calle": "Calle de Francisco Salas", "fill": "#2980B9"}}, {"type": "Feature", "geometry": {"type": "LineString", "coordinates": [[-3.7055929, 40.4531722], [-3.7055418, 40.4531673]]}, "properties": {"plazas": 2, "tipo": "Batería", "color": "azul", "longitud_m": 4.4, "calle": "Calle de Castilla", "fill": "#2980B9"}}, {"type": "Feature", "geometry": {"type": "LineString", "coordinates": [[-3.7071791, 40.4538882], [-3.7070933, 40.4538354]]}, "properties": {"plazas": 2, "tipo": "Línea", "color": "verde", "longitud_m": 9.3, "calle": "Calle Lorenza Correa", "fill": "#27AE60"}}, {"type": "Feature", "geometry": {"type": "LineString", "coordinates": [[-3.7066509, 40.4532016], [-3.7064299, 40.4531791]]}, "properties": {"plazas": 4, "tipo": "Línea", "color": "verde", "longitud_m": 18.9, "calle": "Calle de Castilla", "fill": "#27AE60"}}, {"type": "Feature", "geometry": {"type": "LineString", "coordinates": [[-3.7073443, 40.4533233], [-3.7073256, 40.4533278], [-3.7073117, 40.4533366]]}, "properties": {"plazas": 1, "tipo": "Batería", "color": "verde", "longitud_m": 3.2, "calle": "Calle de Castilla", "fill": "#27AE60"}}, {"type": "Feature", "geometry": {"type": "LineString", "coordinates": [[-3.707224, 40.4533953], [-3.7071692, 40.4533515]]}, "properties": {"plazas": 1, "tipo": "Línea", "color": "verde", "longitud_m": 6.7, "calle": "Calle Joaquín Arjona", "fill": "#27AE60"}}, {"type": "Feature", "geometry": {"type": "LineString", "coordinates": [[-3.7093911, 40.4522418], [-3.7092615, 40.4523234]]}, "properties": {"plazas": 7, "tipo": "Batería", "color": "azul", "longitud_m": 14.2, "calle": "Calle de Jerónima Llorente", "fill": "#2980B9"}}, {"type": "Feature", "geometry": {"type": "LineString", "coordinates": [[-3.7105516, 40.4521125], [-3.7104153, 40.4519004]]}, "properties": {"plazas": 5, "tipo": "Línea", "color": "verde", "longitud_m": 26.2, "calle": "Calle Antonio Gómez Galiana", "fill": "#27AE60"}}, {"type": "Feature", "geometry": {"type": "LineString", "coordinates": [[-3.7099046, 40.4517241], [-3.709742, 40.4517171]]}, "properties": {"plazas": 3, "tipo": "Línea", "color": "verde", "longitud_m": 13.8, "calle": "Calle de San Raimundo", "fill": "#27AE60"}}, {"type": "Feature", "geometry": {"type": "LineString", "coordinates": [[-3.708901, 40.4517423], [-3.708846, 40.4517422]]}, "properties": {"plazas": 1, "tipo": "Línea", "color": "verde", "longitud_m": 4.7, "calle": "Calle de San Raimundo", "fill": "#27AE60"}}, {"type": "Feature", "geometry": {"type": "LineString", "coordinates": [[-3.707707, 40.4527101], [-3.7077863, 40.4527732]]}, "properties": {"plazas": 2, "tipo": "Línea", "color": "verde", "longitud_m": 9.7, "calle": "Calle Leñeros", "fill": "#27AE60"}}, {"type": "Feature", "geometry": {"type": "LineString", "coordinates": [[-3.7074712, 40.452522], [-3.7073514, 40.452427]]}, "properties": {"plazas": 3, "tipo": "Línea", "color": "verde", "longitud_m": 14.6, "calle": "Calle de Santa Juliana", "fill": "#27AE60"}}, {"type": "Feature", "geometry": {"type": "LineString", "coordinates": [[-3.7078606, 40.4527448], [-3.7078599, 40.4527431], [-3.7078523, 40.4527369], [-3.7077384, 40.4526264]]}, "properties": {"plazas": 3, "tipo": "Línea", "color": "verde", "longitud_m": 16.8, "calle": "Calle Leñeros", "fill": "#27AE60"}}, {"type": "Feature", "geometry": {"type": "LineString", "coordinates": [[-3.7067609, 40.4531255], [-3.706773, 40.453041]]}, "properties": {"plazas": 2, "tipo": "Línea", "color": "verde", "longitud_m": 9.4, "calle": "Calle de Olite", "fill": "#27AE60"}}, {"type": "Feature", "geometry": {"type": "LineString", "coordinates": [[-3.7068117, 40.4527804], [-3.7067799, 40.4529958]]}, "properties": {"plazas": 5, "tipo": "Línea", "color": "verde", "longitud_m": 24.1, "calle": "Calle de Olite", "fill": "#27AE60"}}, {"type": "Feature", "geometry": {"type": "LineString", "coordinates": [[-3.7067818, 40.4527531], [-3.7063418, 40.4527254]]}, "properties": {"plazas": 8, "tipo": "Línea", "color": "verde", "longitud_m": 37.4, "calle": "Calle Molar", "fill": "#27AE60"}}, {"type": "Feature", "geometry": {"type": "LineString", "coordinates": [[-3.7062857, 40.4527221], [-3.7061829, 40.4527157]]}, "properties": {"plazas": 2, "tipo": "Línea", "color": "verde", "longitud_m": 8.7, "calle": "Calle Molar", "fill": "#27AE60"}}, {"type": "Feature", "geometry": {"type": "LineString", "coordinates": [[-3.7069098, 40.4528405], [-3.7069665, 40.4524413]]}, "properties": {"plazas": 16, "tipo": "Batería", "color": "verde", "longitud_m": 44.6, "calle": "Calle de Santa Juliana", "fill": "#27AE60"}}, {"type": "Feature", "geometry": {"type": "LineString", "coordinates": [[-3.7061271, 40.4527449], [-3.7061061, 40.4528648]]}, "properties": {"plazas": 3, "tipo": "Línea", "color": "verde", "longitud_m": 13.4, "calle": "Calle de Tenerife", "fill": "#27AE60"}}, {"type": "Feature", "geometry": {"type": "LineString", "coordinates": [[-3.7061436, 40.4526222], [-3.7061436, 40.4526185], [-3.7061764, 40.4524439]]}, "properties": {"plazas": 4, "tipo": "Línea", "color": "verde", "longitud_m": 20.0, "calle": "Calle de Tenerife", "fill": "#27AE60"}}, {"type": "Feature", "geometry": {"type": "LineString", "coordinates": [[-3.7053038, 40.452459], [-3.7051878, 40.4524557]]}, "properties": {"plazas": 2, "tipo": "Línea", "color": "verde", "longitud_m": 9.8, "calle": "Calle de Santa Juliana", "fill": "#27AE60"}}, {"type": "Feature", "geometry": {"type": "LineString", "coordinates": [[-3.7050358, 40.4524513], [-3.7049809, 40.4524498]]}, "properties": {"plazas": 1, "tipo": "Línea", "color": "verde", "longitud_m": 4.7, "calle": "Calle de Santa Juliana", "fill": "#27AE60"}}, {"type": "Feature", "geometry": {"type": "LineString", "coordinates": [[-3.7047739, 40.4524442], [-3.704378, 40.4524335]]}, "properties": {"plazas": 7, "tipo": "Línea", "color": "verde", "longitud_m": 33.6, "calle": "Calle de Santa Juliana", "fill": "#27AE60"}}, {"type": "Feature", "geometry": {"type": "LineString", "coordinates": [[-3.7042342, 40.4524297], [-3.7040959, 40.4524261]]}, "properties": {"plazas": 2, "tipo": "Línea", "color": "verde", "longitud_m": 11.7, "calle": "Calle de Santa Juliana", "fill": "#27AE60"}}, {"type": "Feature", "geometry": {"type": "LineString", "coordinates": [[-3.7039714, 40.452466], [-3.7039344, 40.4526861]]}, "properties": {"plazas": 5, "tipo": "Línea", "color": "verde", "longitud_m": 24.6, "calle": "Calle de Goiri", "fill": "#27AE60"}}, {"type": "Feature", "geometry": {"type": "LineString", "coordinates": [[-3.7040017, 40.4523001], [-3.704017, 40.4522159]]}, "properties": {"plazas": 2, "tipo": "Línea", "color": "verde", "longitud_m": 9.4, "calle": "Calle de Goiri", "fill": "#27AE60"}}, {"type": "Feature", "geometry": {"type": "LineString", "coordinates": [[-3.7042674, 40.4523692], [-3.7041144, 40.4523661]]}, "properties": {"plazas": 3, "tipo": "Línea", "color": "verde", "longitud_m": 13.0, "calle": "Calle de Santa Juliana", "fill": "#27AE60"}}, {"type": "Feature", "geometry": {"type": "LineString", "coordinates": [[-3.7069811, 40.4523437], [-3.7070111, 40.4521383], [-3.7070111, 40.4521373]]}, "properties": {"plazas": 8, "tipo": "Batería", "color": "verde", "longitud_m": 23.1, "calle": "Calle de Olite", "fill": "#27AE60"}}, {"type": "Feature", "geometry": {"type": "LineString", "coordinates": [[-3.7069177, 40.4520638], [-3.7068977, 40.4521973]]}, "properties": {"plazas": 3, "tipo": "Línea", "color": "verde", "longitud_m": 14.9, "calle": "Calle de Julián Zugazagoitia", "fill": "#27AE60"}}, {"type": "Feature", "geometry": {"type": "LineString", "coordinates": [[-3.7070411, 40.4519338], [-3.7070309, 40.4520036], [-3.7070284, 40.4520206]]}, "properties": {"plazas": 4, "tipo": "Batería", "color": "verde", "longitud_m": 9.7, "calle": "Calle de Olite", "fill": "#27AE60"}}, {"type": "Feature", "geometry": {"type": "LineString", "coordinates": [[-3.7074349, 40.4517538], [-3.7076248, 40.4517461]]}, "properties": {"plazas": 3, "tipo": "Línea", "color": "verde", "longitud_m": 16.1, "calle": "Calle de San Raimundo", "fill": "#27AE60"}}, {"type": "Feature", "geometry": {"type": "LineString", "coordinates": [[-3.7043466, 40.4515304], [-3.7043634, 40.4514425]]}, "properties": {"plazas": 2, "tipo": "Línea", "color": "verde", "longitud_m": 9.9, "calle": "Calle de Topete", "fill": "#27AE60"}}, {"type": "Feature", "geometry": {"type": "LineString", "coordinates": [[-3.7045566, 40.4511903], [-3.7046104, 40.4511952]]}, "properties": {"plazas": 1, "tipo": "Línea", "color": "azul", "longitud_m": 4.6, "calle": "Calle de Las Carolinas", "fill": "#2980B9"}}, {"type": "Feature", "geometry": {"type": "LineString", "coordinates": [[-3.7062092, 40.4523611], [-3.7063252, 40.4523615]]}, "properties": {"plazas": 2, "tipo": "Línea", "color": "verde", "longitud_m": 9.8, "calle": "Calle de Santa Juliana", "fill": "#27AE60"}}, {"type": "Feature", "geometry": {"type": "LineString", "coordinates": [[-3.7080044, 40.4523767], [-3.7083497, 40.4523781]]}, "properties": {"plazas": 6, "tipo": "Línea", "color": "verde", "longitud_m": 29.3, "calle": "Calle de Santa Juliana", "fill": "#27AE60"}}, {"type": "Feature", "geometry": {"type": "LineString", "coordinates": [[-3.7047717, 40.4523798], [-3.704708, 40.4523785]]}, "properties": {"plazas": 1, "tipo": "Línea", "color": "verde", "longitud_m": 5.4, "calle": "Calle de Santa Juliana", "fill": "#27AE60"}}, {"type": "Feature", "geometry": {"type": "LineString", "coordinates": [[-3.7070377, 40.45145], [-3.7070784, 40.4512823]]}, "properties": {"plazas": 4, "tipo": "Línea", "color": "verde", "longitud_m": 18.9, "calle": "Calle de Olite", "fill": "#27AE60"}}, {"type": "Feature", "geometry": {"type": "LineString", "coordinates": [[-3.7070888, 40.4512395], [-3.7071298, 40.4510694]]}, "properties": {"plazas": 4, "tipo": "Línea", "color": "verde", "longitud_m": 19.2, "calle": "Calle de Olite", "fill": "#27AE60"}}, {"type": "Feature", "geometry": {"type": "LineString", "coordinates": [[-3.7071926, 40.4512623], [-3.7072064, 40.4512047]]}, "properties": {"plazas": 2, "tipo": "Batería", "color": "verde", "longitud_m": 6.5, "calle": "Calle de Olite", "fill": "#27AE60"}}, {"type": "Feature", "geometry": {"type": "LineString", "coordinates": [[-3.707266, 40.4505629], [-3.7072368, 40.4506742]]}, "properties": {"plazas": 2, "tipo": "Línea", "color": "verde", "longitud_m": 12.6, "calle": "Calle de Olite", "fill": "#27AE60"}}, {"type": "Feature", "geometry": {"type": "LineString", "coordinates": [[-3.7063458, 40.4506138], [-3.7065557, 40.4505725]]}, "properties": {"plazas": 4, "tipo": "Línea", "color": "verde", "longitud_m": 18.4, "calle": "Calle de Avelino Montero Ríos", "fill": "#27AE60"}}, {"type": "Feature", "geometry": {"type": "LineString", "coordinates": [[-3.7065891, 40.4505648], [-3.7067303, 40.4505354]]}, "properties": {"plazas": 2, "tipo": "Línea", "color": "verde", "longitud_m": 12.4, "calle": "Calle de Avelino Montero Ríos", "fill": "#27AE60"}}, {"type": "Feature", "geometry": {"type": "LineString", "coordinates": [[-3.7068257, 40.4505173], [-3.706895, 40.4505009]]}, "properties": {"plazas": 1, "tipo": "Línea", "color": "verde", "longitud_m": 6.2, "calle": "Calle de Avelino Montero Ríos", "fill": "#27AE60"}}, {"type": "Feature", "geometry": {"type": "LineString", "coordinates": [[-3.7044635, 40.4507294], [-3.704445, 40.4508441]]}, "properties": {"plazas": 2, "tipo": "Línea", "color": "verde", "longitud_m": 12.8, "calle": "Calle de Topete", "fill": "#27AE60"}}, {"type": "Feature", "geometry": {"type": "LineString", "coordinates": [[-3.7037437, 40.4499494], [-3.7039753, 40.4499695]]}, "properties": {"plazas": 4, "tipo": "Línea", "color": "azul", "longitud_m": 19.8, "calle": "Calle de Juan Pantoja", "fill": "#2980B9"}}, {"type": "Feature", "geometry": {"type": "LineString", "coordinates": [[-3.7050153, 40.4501423], [-3.7049554, 40.4501377]]}, "properties": {"plazas": 1, "tipo": "Línea", "color": "azul", "longitud_m": 5.1, "calle": "Calle de Juan Pantoja", "fill": "#2980B9"}}, {"type": "Feature", "geometry": {"type": "LineString", "coordinates": [[-3.7059872, 40.4489839], [-3.7059843, 40.4490204]]}, "properties": {"plazas": 1, "tipo": "Línea", "color": "verde", "longitud_m": 4.1, "calle": "Calle de Garellano", "fill": "#27AE60"}}, {"type": "Feature", "geometry": {"type": "LineString", "coordinates": [[-3.7060146, 40.4487199], [-3.7060252, 40.448607]]}, "properties": {"plazas": 3, "tipo": "Línea", "color": "verde", "longitud_m": 12.6, "calle": "Calle de Garellano", "fill": "#27AE60"}}, {"type": "Feature", "geometry": {"type": "LineString", "coordinates": [[-3.7067268, 40.4485488], [-3.7061018, 40.4485162]]}, "properties": {"plazas": 11, "tipo": "Línea", "color": "azul", "longitud_m": 53.1, "calle": "Calle de Carlos Latorre", "fill": "#2980B9"}}, {"type": "Feature", "geometry": {"type": "LineString", "coordinates": [[-3.7073035, 40.4485782], [-3.706926, 40.448559]]}, "properties": {"plazas": 6, "tipo": "Línea", "color": "azul", "longitud_m": 32.1, "calle": "Calle de Carlos Latorre", "fill": "#2980B9"}}, {"type": "Feature", "geometry": {"type": "LineString", "coordinates": [[-3.7038091, 40.4494847], [-3.7039774, 40.4494994]]}, "properties": {"plazas": 3, "tipo": "Línea", "color": "verde", "longitud_m": 14.4, "calle": "Calle de Carnicer", "fill": "#27AE60"}}, {"type": "Feature", "geometry": {"type": "LineString", "coordinates": [[-3.7055701, 40.4496124], [-3.7055077, 40.4496088]]}, "properties": {"plazas": 1, "tipo": "Línea", "color": "verde", "longitud_m": 5.3, "calle": "Calle de Carnicer", "fill": "#27AE60"}}, {"type": "Feature", "geometry": {"type": "LineString", "coordinates": [[-3.7068851, 40.4475951], [-3.7067362, 40.4475977]]}, "properties": {"plazas": 3, "tipo": "Línea", "color": "verde", "longitud_m": 12.6, "calle": "Calle del Doctor Santero", "fill": "#27AE60"}}, {"type": "Feature", "geometry": {"type": "LineString", "coordinates": [[-3.7069789, 40.4477103], [-3.7070198, 40.4478357]]}, "properties": {"plazas": 3, "tipo": "Línea", "color": "verde", "longitud_m": 14.3, "calle": "Calle de Castillo Piñeiro", "fill": "#27AE60"}}, {"type": "Feature", "geometry": {"type": "LineString", "coordinates": [[-3.7072594, 40.4491836], [-3.7070659, 40.449097]]}, "properties": {"plazas": 4, "tipo": "Línea", "color": "verde", "longitud_m": 19.0, "calle": "Calle de Aranjuez", "fill": "#27AE60"}}, {"type": "Feature", "geometry": {"type": "LineString", "coordinates": [[-3.7066625, 40.4499257], [-3.7066092, 40.449936]]}, "properties": {"plazas": 2, "tipo": "Batería", "color": "verde", "longitud_m": 4.7, "calle": "Calle de Carlos Rubio", "fill": "#27AE60"}}, {"type": "Feature", "geometry": {"type": "LineString", "coordinates": [[-3.707322, 40.4502385], [-3.7073373, 40.4501328]]}, "properties": {"plazas": 2, "tipo": "Línea", "color": "verde", "longitud_m": 11.8, "calle": "Calle de Olite", "fill": "#27AE60"}}, {"type": "Feature", "geometry": {"type": "LineString", "coordinates": [[-3.7079761, 40.4495113], [-3.7082809, 40.4496505]]}, "properties": {"plazas": 6, "tipo": "Línea", "color": "verde", "longitud_m": 30.1, "calle": "Calle de Aranjuez", "fill": "#27AE60"}}, {"type": "Feature", "geometry": {"type": "LineString", "coordinates": [[-3.7077131, 40.4493911], [-3.707604, 40.449341]]}, "properties": {"plazas": 2, "tipo": "Línea", "color": "verde", "longitud_m": 10.8, "calle": "Calle de Aranjuez", "fill": "#27AE60"}}, {"type": "Feature", "geometry": {"type": "LineString", "coordinates": [[-3.7075557, 40.4493191], [-3.7074085, 40.4492517]]}, "properties": {"plazas": 3, "tipo": "Línea", "color": "verde", "longitud_m": 14.6, "calle": "Calle de Aranjuez", "fill": "#27AE60"}}, {"type": "Feature", "geometry": {"type": "LineString", "coordinates": [[-3.7087399, 40.4499463], [-3.7087273, 40.4499794]]}, "properties": {"plazas": 1, "tipo": "Línea", "color": "verde", "longitud_m": 3.8, "calle": "Calle de Zamora", "fill": "#27AE60"}}, {"type": "Feature", "geometry": {"type": "LineString", "coordinates": [[-3.7088601, 40.4506134], [-3.7088459, 40.4506064], [-3.7086395, 40.4505043]]}, "properties": {"plazas": 5, "tipo": "Línea", "color": "verde", "longitud_m": 22.3, "calle": "Calle de Abel", "fill": "#27AE60"}}, {"type": "Feature", "geometry": {"type": "LineString", "coordinates": [[-3.7080185, 40.450553], [-3.7075962, 40.4503905]]}, "properties": {"plazas": 8, "tipo": "Línea", "color": "verde", "longitud_m": 40.1, "calle": "Calle Rafael Herrero", "fill": "#27AE60"}}, {"type": "Feature", "geometry": {"type": "LineString", "coordinates": [[-3.7092685, 40.4514244], [-3.7087289, 40.4511741]]}, "properties": {"plazas": 11, "tipo": "Línea", "color": "verde", "longitud_m": 53.5, "calle": "Calle de San Valeriano", "fill": "#27AE60"}}, {"type": "Feature", "geometry": {"type": "LineString", "coordinates": [[-3.7093614, 40.4497186], [-3.7093243, 40.4495431]]}, "properties": {"plazas": 4, "tipo": "Línea", "color": "verde", "longitud_m": 19.7, "calle": "Avenida del Doctor Federico Rubio y Galí", "fill": "#27AE60"}}, {"type": "Feature", "geometry": {"type": "LineString", "coordinates": [[-3.7100282, 40.4504024], [-3.7096788, 40.4502531]]}, "properties": {"plazas": 7, "tipo": "Línea", "color": "verde", "longitud_m": 33.9, "calle": "Calle de Aranjuez", "fill": "#27AE60"}}, {"type": "Feature", "geometry": {"type": "LineString", "coordinates": [[-3.709937, 40.4505477], [-3.7099415, 40.4504485]]}, "properties": {"plazas": 5, "tipo": "Batería", "color": "verde", "longitud_m": 11.0, "calle": "Calle de Aranjuez", "fill": "#27AE60"}}, {"type": "Feature", "geometry": {"type": "LineString", "coordinates": [[-3.70988, 40.450409], [-3.7095767, 40.4502825]]}, "properties": {"plazas": 8, "tipo": "Línea", "color": "verde", "longitud_m": 29.3, "calle": "Calle de Aranjuez", "fill": "#27AE60"}}, {"type": "Feature", "geometry": {"type": "LineString", "coordinates": [[-3.7100241, 40.4517474], [-3.7100187, 40.4517354], [-3.7100154, 40.4517167], [-3.7100318, 40.4515318], [-3.7100508, 40.4513415], [-3.7100544, 40.4512647], [-3.7100601, 40.4511015], [-3.7100748, 40.4505956], [-3.7100778, 40.4504607], [-3.7100767, 40.4504371]]}, "properties": {"plazas": 30, "tipo": "Línea", "color": "verde", "longitud_m": 145.7, "calle": "Calle de Aranjuez", "fill": "#27AE60"}}, {"type": "Feature", "geometry": {"type": "LineString", "coordinates": [[-3.7099697, 40.4513329], [-3.7099543, 40.4514798]]}, "properties": {"plazas": 3, "tipo": "Línea", "color": "verde", "longitud_m": 16.4, "calle": "Calle San Rogelio", "fill": "#27AE60"}}, {"type": "Feature", "geometry": {"type": "LineString", "coordinates": [[-3.7099742, 40.4512284], [-3.7099937, 40.4505669]]}, "properties": {"plazas": 15, "tipo": "Línea", "color": "verde", "longitud_m": 73.4, "calle": "Calle San Rogelio", "fill": "#27AE60"}}, {"type": "Feature", "geometry": {"type": "LineString", "coordinates": [[-3.7095335, 40.4494989], [-3.7096418, 40.4495274]]}, "properties": {"plazas": 2, "tipo": "Línea", "color": "verde", "longitud_m": 9.7, "calle": "Calle de Almansa", "fill": "#27AE60"}}, {"type": "Feature", "geometry": {"type": "LineString", "coordinates": [[-3.7093682, 40.4490628], [-3.7094501, 40.4491949]]}, "properties": {"plazas": 6, "tipo": "Batería", "color": "verde", "longitud_m": 16.2, "calle": "Avenida de Pablo Iglesias", "fill": "#27AE60"}}, {"type": "Feature", "geometry": {"type": "LineString", "coordinates": [[-3.7086667, 40.4478894], [-3.7085634, 40.4477259]]}, "properties": {"plazas": 4, "tipo": "Línea", "color": "verde", "longitud_m": 20.2, "calle": "Avenida de Pablo Iglesias", "fill": "#27AE60"}}, {"type": "Feature", "geometry": {"type": "LineString", "coordinates": [[-3.7072965, 40.449842], [-3.7072662, 40.4498257], [-3.7072458, 40.4498233], [-3.7070592, 40.4498254]]}, "properties": {"plazas": 4, "tipo": "Línea", "color": "verde", "longitud_m": 20.7, "calle": "Calle de Abel", "fill": "#27AE60"}}, {"type": "Feature", "geometry": {"type": "LineString", "coordinates": [[-3.7046256, 40.4511966], [-3.7046794, 40.4512015]]}, "properties": {"plazas": 1, "tipo": "Línea", "color": "azul", "longitud_m": 4.6, "calle": "Calle de Las Carolinas", "fill": "#2980B9"}}, {"type": "Feature", "geometry": {"type": "LineString", "coordinates": [[-3.7074045, 40.4503964], [-3.7073799, 40.450512]]}, "properties": {"plazas": 5, "tipo": "Batería", "color": "verde", "longitud_m": 13.0, "calle": "Calle Rafael Herrero", "fill": "#27AE60"}}, {"type": "Feature", "geometry": {"type": "LineString", "coordinates": [[-3.7050818, 40.4518842], [-3.704998, 40.4518881]]}, "properties": {"plazas": 1, "tipo": "Línea", "color": "verde", "longitud_m": 7.1, "calle": "Calle de San Raimundo", "fill": "#27AE60"}}, {"type": "Feature", "geometry": {"type": "LineString", "coordinates": [[-3.7057043, 40.4548739], [-3.7057426, 40.454908]]}, "properties": {"plazas": 1, "tipo": "Línea", "color": "verde", "longitud_m": 5.0, "calle": "Calle de Pamplona", "fill": "#27AE60"}}, {"type": "Feature", "geometry": {"type": "LineString", "coordinates": [[-3.7117341, 40.4526871], [-3.7117871, 40.4527679]]}, "properties": {"plazas": 2, "tipo": "Línea", "color": "verde", "longitud_m": 10.0, "calle": "Avenida de Pablo Iglesias", "fill": "#27AE60"}}, {"type": "Feature", "geometry": {"type": "LineString", "coordinates": [[-3.7121321, 40.4527532], [-3.7121882, 40.452855]]}, "properties": {"plazas": 2, "tipo": "Línea", "color": "verde", "longitud_m": 12.3, "calle": "Avenida de Pablo Iglesias", "fill": "#27AE60"}}, {"type": "Feature", "geometry": {"type": "LineString", "coordinates": [[-3.712221, 40.4529149], [-3.7122658, 40.4529938]]}, "properties": {"plazas": 2, "tipo": "Línea", "color": "verde", "longitud_m": 9.5, "calle": "Avenida de Pablo Iglesias", "fill": "#27AE60"}}, {"type": "Feature", "geometry": {"type": "LineString", "coordinates": [[-3.7088184, 40.4530777], [-3.7086302, 40.4531649]]}, "properties": {"plazas": 3, "tipo": "Línea", "color": "verde", "longitud_m": 18.7, "calle": "Calle de Juan Pradillo", "fill": "#27AE60"}}, {"type": "Feature", "geometry": {"type": "LineString", "coordinates": [[-3.7082572, 40.4483263], [-3.7082233, 40.44828]]}, "properties": {"plazas": 1, "tipo": "Línea", "color": "verde", "longitud_m": 5.9, "calle": "Avenida del Doctor Federico Rubio y Galí", "fill": "#27AE60"}}, {"type": "Feature", "geometry": {"type": "LineString", "coordinates": [[-3.7060141, 40.4548614], [-3.7060525, 40.4548949]]}, "properties": {"plazas": 2, "tipo": "Batería", "color": "verde", "longitud_m": 4.9, "calle": "Calle de Pamplona", "fill": "#27AE60"}}, {"type": "Feature", "geometry": {"type": "LineString", "coordinates": [[-3.7105978, 40.4559192], [-3.7105588, 40.4559468]]}, "properties": {"plazas": 1, "tipo": "Línea", "color": "verde", "longitud_m": 4.5, "calle": "Calle de Numancia", "fill": "#27AE60"}}, {"type": "Feature", "geometry": {"type": "LineString", "coordinates": [[-3.710182, 40.4553418], [-3.710035, 40.4554418], [-3.7099701, 40.4554397]]}, "properties": {"plazas": 4, "tipo": "Línea", "color": "verde", "longitud_m": 22.2, "calle": "Calle Leñeros", "fill": "#27AE60"}}, {"type": "Feature", "geometry": {"type": "LineString", "coordinates": [[-3.7104817, 40.4546123], [-3.7105188, 40.4547335]]}, "properties": {"plazas": 3, "tipo": "Línea", "color": "verde", "longitud_m": 13.8, "calle": "Calle de Alejandro Rodríguez", "fill": "#27AE60"}}, {"type": "Feature", "geometry": {"type": "LineString", "coordinates": [[-3.7103925, 40.4541421], [-3.7102794, 40.4539506]]}, "properties": {"plazas": 5, "tipo": "Línea", "color": "verde", "longitud_m": 23.3, "calle": "Calle de Alejandro Rodríguez", "fill": "#27AE60"}}, {"type": "Feature", "geometry": {"type": "LineString", "coordinates": [[-3.7114832, 40.4552932], [-3.7114471, 40.455319]]}, "properties": {"plazas": 1, "tipo": "Línea", "color": "verde", "longitud_m": 4.2, "calle": "Calle de Numancia", "fill": "#27AE60"}}, {"type": "Feature", "geometry": {"type": "LineString", "coordinates": [[-3.7111552, 40.4542644], [-3.7111666, 40.4542376], [-3.7111892, 40.4541965]]}, "properties": {"plazas": 1, "tipo": "Línea", "color": "verde", "longitud_m": 8.1, "calle": "Calle de la Rábida", "fill": "#27AE60"}}, {"type": "Feature", "geometry": {"type": "LineString", "coordinates": [[-3.7072376, 40.4560998], [-3.7073474, 40.4561972]]}, "properties": {"plazas": 3, "tipo": "Línea", "color": "verde", "longitud_m": 14.3, "calle": "Calle de Pamplona", "fill": "#27AE60"}}, {"type": "Feature", "geometry": {"type": "LineString", "coordinates": [[-3.707354, 40.4562028], [-3.7073902, 40.456235]]}, "properties": {"plazas": 1, "tipo": "Línea", "color": "verde", "longitud_m": 4.7, "calle": "Calle de Pamplona", "fill": "#27AE60"}}, {"type": "Feature", "geometry": {"type": "LineString", "coordinates": [[-3.7062522, 40.4560372], [-3.7061968, 40.4560344]]}, "properties": {"plazas": 1, "tipo": "Línea", "color": "verde", "longitud_m": 4.7, "calle": "Calle de Juan del Enzina", "fill": "#27AE60"}}, {"type": "Feature", "geometry": {"type": "LineString", "coordinates": [[-3.7061421, 40.4554042], [-3.7060709, 40.455468]]}, "properties": {"plazas": 2, "tipo": "Línea", "color": "verde", "longitud_m": 9.3, "calle": "Calle de Jerónima Llorente", "fill": "#27AE60"}}, {"type": "Feature", "geometry": {"type": "LineString", "coordinates": [[-3.7069811, 40.4546766], [-3.7068479, 40.4547965]]}, "properties": {"plazas": 3, "tipo": "Línea", "color": "verde", "longitud_m": 17.5, "calle": "Calle de Jerónima Llorente", "fill": "#27AE60"}}, {"type": "Feature", "geometry": {"type": "LineString", "coordinates": [[-3.7079999, 40.4555922], [-3.7079768, 40.4553296], [-3.7079716, 40.4552665]]}, "properties": {"plazas": 7, "tipo": "Línea", "color": "verde", "longitud_m": 36.2, "calle": "Calle de Sahagún", "fill": "#27AE60"}}, {"type": "Feature", "geometry": {"type": "LineString", "coordinates": [[-3.7064593, 40.4541834], [-3.705923, 40.4538382]]}, "properties": {"plazas": 12, "tipo": "Línea", "color": "verde", "longitud_m": 59.5, "calle": "Calle de Oudrid", "fill": "#27AE60"}}, {"type": "Feature", "geometry": {"type": "LineString", "coordinates": [[-3.7065214, 40.4534873], [-3.7064535, 40.4534456]]}, "properties": {"plazas": 1, "tipo": "Línea", "color": "verde", "longitud_m": 7.4, "calle": "Calle Lorenza Correa", "fill": "#27AE60"}}, {"type": "Feature", "geometry": {"type": "LineString", "coordinates": [[-3.7073649, 40.4541753], [-3.7072002, 40.4543244]]}, "properties": {"plazas": 4, "tipo": "Línea", "color": "verde", "longitud_m": 21.7, "calle": "Calle de Jerónima Llorente", "fill": "#27AE60"}}, {"type": "Feature", "geometry": {"type": "LineString", "coordinates": [[-3.7061916, 40.4531546], [-3.706363, 40.4531722]]}, "properties": {"plazas": 3, "tipo": "Línea", "color": "verde", "longitud_m": 14.7, "calle": "Calle de Castilla", "fill": "#27AE60"}}, {"type": "Feature", "geometry": {"type": "LineString", "coordinates": [[-3.704392, 40.4542131], [-3.7047227, 40.4542596]]}, "properties": {"plazas": 6, "tipo": "Línea", "color": "verde", "longitud_m": 28.5, "calle": "Calle de Fernando Ossorio", "fill": "#27AE60"}}, {"type": "Feature", "geometry": {"type": "LineString", "coordinates": [[-3.703972, 40.4540933], [-3.704178, 40.4541234]]}, "properties": {"plazas": 3, "tipo": "Línea", "color": "verde", "longitud_m": 17.8, "calle": "Calle de Fernando Ossorio", "fill": "#27AE60"}}, {"type": "Feature", "geometry": {"type": "LineString", "coordinates": [[-3.7044222, 40.4535251], [-3.7044598, 40.4532924]]}, "properties": {"plazas": 5, "tipo": "Línea", "color": "azul", "longitud_m": 26.0, "calle": "Calle Navarra", "fill": "#2980B9"}}, {"type": "Feature", "geometry": {"type": "LineString", "coordinates": [[-3.7051518, 40.453461], [-3.7051579, 40.4534276]]}, "properties": {"plazas": 1, "tipo": "Línea", "color": "verde", "longitud_m": 3.7, "calle": "Calle de Francisco Salas", "fill": "#27AE60"}}, {"type": "Feature", "geometry": {"type": "LineString", "coordinates": [[-3.7038317, 40.4529305], [-3.7035663, 40.4529156]]}, "properties": {"plazas": 5, "tipo": "Línea", "color": "azul", "longitud_m": 22.6, "calle": "Calle de Castilla", "fill": "#2980B9"}}, {"type": "Feature", "geometry": {"type": "LineString", "coordinates": [[-3.7034309, 40.452926], [-3.7032938, 40.4529182]]}, "properties": {"plazas": 2, "tipo": "Línea", "color": "azul", "longitud_m": 11.7, "calle": "Calle de Castilla", "fill": "#2980B9"}}, {"type": "Feature", "geometry": {"type": "LineString", "coordinates": [[-3.7094035, 40.4528078], [-3.7091579, 40.4529211]]}, "properties": {"plazas": 5, "tipo": "Línea", "color": "verde", "longitud_m": 24.3, "calle": "Calle de Juan Pradillo", "fill": "#27AE60"}}, {"type": "Feature", "geometry": {"type": "LineString", "coordinates": [[-3.7092154, 40.4534439], [-3.7090497, 40.4535067]]}, "properties": {"plazas": 3, "tipo": "Línea", "color": "verde", "longitud_m": 15.7, "calle": "Calle de María Pedraza", "fill": "#27AE60"}}, {"type": "Feature", "geometry": {"type": "LineString", "coordinates": [[-3.7108355, 40.4527109], [-3.7108595, 40.4527543]]}, "properties": {"plazas": 1, "tipo": "Línea", "color": "verde", "longitud_m": 5.2, "calle": "Calle de la Rábida", "fill": "#27AE60"}}, {"type": "Feature", "geometry": {"type": "LineString", "coordinates": [[-3.710241, 40.4531315], [-3.7103612, 40.4530872]]}, "properties": {"plazas": 2, "tipo": "Línea", "color": "verde", "longitud_m": 11.3, "calle": "Calle de María Pedraza", "fill": "#27AE60"}}, {"type": "Feature", "geometry": {"type": "LineString", "coordinates": [[-3.711033, 40.452902], [-3.7111146, 40.4530236]]}, "properties": {"plazas": 3, "tipo": "Línea", "color": "verde", "longitud_m": 15.2, "calle": "Calle de la Rábida", "fill": "#27AE60"}}, {"type": "Feature", "geometry": {"type": "LineString", "coordinates": [[-3.7112599, 40.4532386], [-3.7113305, 40.4533468]]}, "properties": {"plazas": 2, "tipo": "Línea", "color": "verde", "longitud_m": 13.4, "calle": "Calle de la Rábida", "fill": "#27AE60"}}, {"type": "Feature", "geometry": {"type": "LineString", "coordinates": [[-3.7123275, 40.4535269], [-3.7122219, 40.4533717]]}, "properties": {"plazas": 4, "tipo": "Línea", "color": "verde", "longitud_m": 19.4, "calle": "Avenida de Pablo Iglesias", "fill": "#27AE60"}}, {"type": "Feature", "geometry": {"type": "LineString", "coordinates": [[-3.7123026, 40.4530582], [-3.7122783, 40.4530155]]}, "properties": {"plazas": 1, "tipo": "Línea", "color": "verde", "longitud_m": 5.2, "calle": "Avenida de Pablo Iglesias", "fill": "#27AE60"}}, {"type": "Feature", "geometry": {"type": "LineString", "coordinates": [[-3.7035608, 40.45234], [-3.7033913, 40.4523363]]}, "properties": {"plazas": 2, "tipo": "Línea", "color": "verde", "longitud_m": 14.4, "calle": "Calle de Santa Juliana", "fill": "#27AE60"}}, {"type": "Feature", "geometry": {"type": "LineString", "coordinates": [[-3.7039632, 40.452362], [-3.7035674, 40.4523531]]}, "properties": {"plazas": 7, "tipo": "Línea", "color": "verde", "longitud_m": 33.6, "calle": "Calle de Santa Juliana", "fill": "#27AE60"}}, {"type": "Feature", "geometry": {"type": "LineString", "coordinates": [[-3.7051748, 40.4523896], [-3.705087, 40.4523875]]}, "properties": {"plazas": 1, "tipo": "Línea", "color": "verde", "longitud_m": 7.4, "calle": "Calle de Santa Juliana", "fill": "#27AE60"}}, {"type": "Feature", "geometry": {"type": "LineString", "coordinates": [[-3.7049593, 40.4523843], [-3.7048954, 40.4523827]]}, "properties": {"plazas": 1, "tipo": "Línea", "color": "verde", "longitud_m": 5.4, "calle": "Calle de Santa Juliana", "fill": "#27AE60"}}, {"type": "Feature", "geometry": {"type": "LineString", "coordinates": [[-3.7068561, 40.4523634], [-3.7064952, 40.4523621]]}, "properties": {"plazas": 6, "tipo": "Línea", "color": "verde", "longitud_m": 30.6, "calle": "Calle de Santa Juliana", "fill": "#27AE60"}}, {"type": "Feature", "geometry": {"type": "LineString", "coordinates": [[-3.7083605, 40.4517343], [-3.708175, 40.4517321]]}, "properties": {"plazas": 3, "tipo": "Línea", "color": "verde", "longitud_m": 15.7, "calle": "Calle de San Raimundo", "fill": "#27AE60"}}, {"type": "Feature", "geometry": {"type": "LineString", "coordinates": [[-3.7079206, 40.4523757], [-3.7078492, 40.4523761]]}, "properties": {"plazas": 1, "tipo": "Línea", "color": "verde", "longitud_m": 6.1, "calle": "Calle de Santa Juliana", "fill": "#27AE60"}}, {"type": "Feature", "geometry": {"type": "LineString", "coordinates": [[-3.7077236, 40.4526124], [-3.7075767, 40.4524697], [-3.7075739, 40.4524512], [-3.7075758, 40.4524431]]}, "properties": {"plazas": 10, "tipo": "Batería", "color": "verde", "longitud_m": 23.1, "calle": "Calle de Santa Juliana", "fill": "#27AE60"}}, {"type": "Feature", "geometry": {"type": "LineString", "coordinates": [[-3.7075583, 40.4525919], [-3.7076581, 40.4526714]]}, "properties": {"plazas": 2, "tipo": "Línea", "color": "verde", "longitud_m": 12.2, "calle": "Calle Leñeros", "fill": "#27AE60"}}, {"type": "Feature", "geometry": {"type": "LineString", "coordinates": [[-3.7079577, 40.4529393], [-3.7078592, 40.4528598]]}, "properties": {"plazas": 2, "tipo": "Línea", "color": "verde", "longitud_m": 12.1, "calle": "Calle Leñeros", "fill": "#27AE60"}}, {"type": "Feature", "geometry": {"type": "LineString", "coordinates": [[-3.7078735, 40.4528437], [-3.7078305, 40.4528099]]}, "properties": {"plazas": 1, "tipo": "Línea", "color": "verde", "longitud_m": 5.2, "calle": "Calle Leñeros", "fill": "#27AE60"}}, {"type": "Feature", "geometry": {"type": "LineString", "coordinates": [[-3.7086373, 40.450216], [-3.7087006, 40.4500496]]}, "properties": {"plazas": 4, "tipo": "Línea", "color": "verde", "longitud_m": 19.2, "calle": "Calle de Zamora", "fill": "#27AE60"}}, {"type": "Feature", "geometry": {"type": "LineString", "coordinates": [[-3.7095009, 40.4503068], [-3.7095101, 40.4503465]]}, "properties": {"plazas": 1, "tipo": "Línea", "color": "verde", "longitud_m": 4.5, "calle": "Avenida del Doctor Federico Rubio y Galí", "fill": "#27AE60"}}, {"type": "Feature", "geometry": {"type": "LineString", "coordinates": [[-3.7097446, 40.4495546], [-3.7096408, 40.4495272]]}, "properties": {"plazas": 2, "tipo": "Línea", "color": "verde", "longitud_m": 9.3, "calle": "Calle de Almansa", "fill": "#27AE60"}}, {"type": "Feature", "geometry": {"type": "LineString", "coordinates": [[-3.7107473, 40.4509094], [-3.7102397, 40.4501117]]}, "properties": {"plazas": 20, "tipo": "Línea", "color": "verde", "longitud_m": 98.5, "calle": "Avenida de Pablo Iglesias", "fill": "#27AE60"}}, {"type": "Feature", "geometry": {"type": "LineString", "coordinates": [[-3.7099314, 40.450431], [-3.7098811, 40.4504095]]}, "properties": {"plazas": 1, "tipo": "Línea", "color": "verde", "longitud_m": 4.9, "calle": "Calle de Aranjuez", "fill": "#27AE60"}}, {"type": "Feature", "geometry": {"type": "LineString", "coordinates": [[-3.7096203, 40.4502281], [-3.7095553, 40.4502004]]}, "properties": {"plazas": 1, "tipo": "Línea", "color": "verde", "longitud_m": 6.3, "calle": "Calle de Aranjuez", "fill": "#27AE60"}}, {"type": "Feature", "geometry": {"type": "LineString", "coordinates": [[-3.7099478, 40.4515408], [-3.7099342, 40.4516706]]}, "properties": {"plazas": 3, "tipo": "Línea", "color": "verde", "longitud_m": 14.5, "calle": "Calle San Rogelio", "fill": "#27AE60"}}, {"type": "Feature", "geometry": {"type": "LineString", "coordinates": [[-3.7074271, 40.4490002], [-3.7074358, 40.4489345]]}, "properties": {"plazas": 1, "tipo": "Línea", "color": "verde", "longitud_m": 7.3, "calle": "Calle de Castillo Piñeiro", "fill": "#27AE60"}}, {"type": "Feature", "geometry": {"type": "LineString", "coordinates": [[-3.7058881, 40.4491514], [-3.7058839, 40.4492001]]}, "properties": {"plazas": 1, "tipo": "Línea", "color": "verde", "longitud_m": 5.4, "calle": "Calle de Garellano", "fill": "#27AE60"}}, {"type": "Feature", "geometry": {"type": "LineString", "coordinates": [[-3.7059978, 40.448854], [-3.7059928, 40.4489143]]}, "properties": {"plazas": 1, "tipo": "Línea", "color": "verde", "longitud_m": 6.7, "calle": "Calle de Garellano", "fill": "#27AE60"}}, {"type": "Feature", "geometry": {"type": "LineString", "coordinates": [[-3.7059786, 40.4490871], [-3.7059737, 40.449149]]}, "properties": {"plazas": 1, "tipo": "Línea", "color": "verde", "longitud_m": 6.9, "calle": "Calle de Garellano", "fill": "#27AE60"}}, {"type": "Feature", "geometry": {"type": "LineString", "coordinates": [[-3.7055468, 40.4491438], [-3.7055648, 40.4491955]]}, "properties": {"plazas": 1, "tipo": "Línea", "color": "verde", "longitud_m": 5.9, "calle": "Calle de Tenerife", "fill": "#27AE60"}}, {"type": "Feature", "geometry": {"type": "LineString", "coordinates": [[-3.7055714, 40.4492099], [-3.7055876, 40.4492583]]}, "properties": {"plazas": 1, "tipo": "Línea", "color": "verde", "longitud_m": 5.6, "calle": "Calle de Tenerife", "fill": "#27AE60"}}, {"type": "Feature", "geometry": {"type": "LineString", "coordinates": [[-3.7056302, 40.4493802], [-3.705614, 40.4493318]]}, "properties": {"plazas": 1, "tipo": "Línea", "color": "verde", "longitud_m": 5.6, "calle": "Calle de Tenerife", "fill": "#27AE60"}}, {"type": "Feature", "geometry": {"type": "LineString", "coordinates": [[-3.7056498, 40.4494351], [-3.7056349, 40.4493912]]}, "properties": {"plazas": 1, "tipo": "Línea", "color": "verde", "longitud_m": 5.0, "calle": "Calle de Tenerife", "fill": "#27AE60"}}, {"type": "Feature", "geometry": {"type": "LineString", "coordinates": [[-3.7071641, 40.4509599], [-3.707216, 40.4507592]]}, "properties": {"plazas": 4, "tipo": "Línea", "color": "verde", "longitud_m": 22.7, "calle": "Calle de Olite", "fill": "#27AE60"}}, {"type": "Feature", "geometry": {"type": "LineString", "coordinates": [[-3.7061278, 40.4507245], [-3.7071404, 40.4505186], [-3.7071646, 40.4505085]]}, "properties": {"plazas": 19, "tipo": "Línea", "color": "verde", "longitud_m": 91.2, "calle": "Calle de Avelino Montero Ríos", "fill": "#27AE60"}}, {"type": "Feature", "geometry": {"type": "LineString", "coordinates": [[-3.7062467, 40.4506352], [-3.7061055, 40.4506631]]}, "properties": {"plazas": 2, "tipo": "Línea", "color": "verde", "longitud_m": 12.4, "calle": "Calle de Avelino Montero Ríos", "fill": "#27AE60"}}, {"type": "Feature", "geometry": {"type": "LineString", "coordinates": [[-3.7074299, 40.4495028], [-3.7073758, 40.449843]]}, "properties": {"plazas": 7, "tipo": "Línea", "color": "verde", "longitud_m": 38.0, "calle": "Calle de Olite", "fill": "#27AE60"}}, {"type": "Feature", "geometry": {"type": "LineString", "coordinates": [[-3.7040968, 40.4494934], [-3.7040411, 40.4494897]]}, "properties": {"plazas": 1, "tipo": "Línea", "color": "verde", "longitud_m": 4.7, "calle": "Calle de Carnicer", "fill": "#27AE60"}}, {"type": "Feature", "geometry": {"type": "LineString", "coordinates": [[-3.7041748, 40.4494999], [-3.7041184, 40.4494948]]}, "properties": {"plazas": 1, "tipo": "Línea", "color": "verde", "longitud_m": 4.8, "calle": "Calle de Carnicer", "fill": "#27AE60"}}, {"type": "Feature", "geometry": {"type": "LineString", "coordinates": [[-3.7042688, 40.4495082], [-3.7043418, 40.4495134]]}, "properties": {"plazas": 1, "tipo": "Línea", "color": "verde", "longitud_m": 6.2, "calle": "Calle de Carnicer", "fill": "#27AE60"}}, {"type": "Feature", "geometry": {"type": "LineString", "coordinates": [[-3.7044244, 40.4495197], [-3.7043612, 40.4495147]]}, "properties": {"plazas": 1, "tipo": "Línea", "color": "verde", "longitud_m": 5.4, "calle": "Calle de Carnicer", "fill": "#27AE60"}}, {"type": "Feature", "geometry": {"type": "LineString", "coordinates": [[-3.7044445, 40.4495211], [-3.7045054, 40.4495259]]}, "properties": {"plazas": 1, "tipo": "Línea", "color": "verde", "longitud_m": 5.2, "calle": "Calle de Carnicer", "fill": "#27AE60"}}, {"type": "Feature", "geometry": {"type": "LineString", "coordinates": [[-3.7045996, 40.4495331], [-3.7045331, 40.4495279]]}, "properties": {"plazas": 1, "tipo": "Línea", "color": "verde", "longitud_m": 5.7, "calle": "Calle de Carnicer", "fill": "#27AE60"}}, {"type": "Feature", "geometry": {"type": "LineString", "coordinates": [[-3.7048161, 40.4495527], [-3.7048817, 40.4495576]]}, "properties": {"plazas": 1, "tipo": "Línea", "color": "verde", "longitud_m": 5.6, "calle": "Calle de Carnicer", "fill": "#27AE60"}}, {"type": "Feature", "geometry": {"type": "LineString", "coordinates": [[-3.7048965, 40.4495588], [-3.704959, 40.4495631]]}, "properties": {"plazas": 1, "tipo": "Línea", "color": "verde", "longitud_m": 5.3, "calle": "Calle de Carnicer", "fill": "#27AE60"}}, {"type": "Feature", "geometry": {"type": "LineString", "coordinates": [[-3.7051859, 40.4495807], [-3.7052515, 40.4495863]]}, "properties": {"plazas": 1, "tipo": "Línea", "color": "verde", "longitud_m": 5.6, "calle": "Calle de Carnicer", "fill": "#27AE60"}}, {"type": "Feature", "geometry": {"type": "LineString", "coordinates": [[-3.7053369, 40.4495938], [-3.7052739, 40.4495886]]}, "properties": {"plazas": 1, "tipo": "Línea", "color": "verde", "longitud_m": 5.4, "calle": "Calle de Carnicer", "fill": "#27AE60"}}, {"type": "Feature", "geometry": {"type": "LineString", "coordinates": [[-3.7069479, 40.4559661], [-3.7068456, 40.4558766]]}, "properties": {"plazas": 2, "tipo": "Línea", "color": "verde", "longitud_m": 13.2, "calle": "Calle de Pamplona", "fill": "#27AE60"}}, {"type": "Feature", "geometry": {"type": "LineString", "coordinates": [[-3.7038625, 40.450037], [-3.703803, 40.4500313]]}, "properties": {"plazas": 1, "tipo": "Línea", "color": "azul", "longitud_m": 5.1, "calle": "Calle de Juan Pantoja", "fill": "#2980B9"}}, {"type": "Feature", "geometry": {"type": "LineString", "coordinates": [[-3.7039429, 40.4500445], [-3.7038786, 40.4500385]]}, "properties": {"plazas": 1, "tipo": "Línea", "color": "azul", "longitud_m": 5.5, "calle": "Calle de Juan Pantoja", "fill": "#2980B9"}}, {"type": "Feature", "geometry": {"type": "LineString", "coordinates": [[-3.7039543, 40.4500454], [-3.7040269, 40.4500523]]}, "properties": {"plazas": 1, "tipo": "Línea", "color": "azul", "longitud_m": 6.2, "calle": "Calle de Juan Pantoja", "fill": "#2980B9"}}, {"type": "Feature", "geometry": {"type": "LineString", "coordinates": [[-3.7040439, 40.4500541], [-3.7041095, 40.4500597]]}, "properties": {"plazas": 1, "tipo": "Línea", "color": "azul", "longitud_m": 5.6, "calle": "Calle de Juan Pantoja", "fill": "#2980B9"}}, {"type": "Feature", "geometry": {"type": "LineString", "coordinates": [[-3.7041221, 40.4500613], [-3.7041921, 40.4500686]]}, "properties": {"plazas": 1, "tipo": "Línea", "color": "azul", "longitud_m": 6.0, "calle": "Calle de Juan Pantoja", "fill": "#2980B9"}}, {"type": "Feature", "geometry": {"type": "LineString", "coordinates": [[-3.7102436, 40.4518581], [-3.7100827, 40.4519235]]}, "properties": {"plazas": 3, "tipo": "Línea", "color": "azul", "longitud_m": 15.5, "calle": "Calle Tudelilla", "fill": "#2980B9"}}, {"type": "Feature", "geometry": {"type": "LineString", "coordinates": [[-3.7044111, 40.4500883], [-3.7044728, 40.4500939]]}, "properties": {"plazas": 1, "tipo": "Línea", "color": "azul", "longitud_m": 5.3, "calle": "Calle de Juan Pantoja", "fill": "#2980B9"}}, {"type": "Feature", "geometry": {"type": "LineString", "coordinates": [[-3.7044929, 40.4500958], [-3.7045523, 40.4501011]]}, "properties": {"plazas": 1, "tipo": "Línea", "color": "azul", "longitud_m": 5.1, "calle": "Calle de Juan Pantoja", "fill": "#2980B9"}}, {"type": "Feature", "geometry": {"type": "LineString", "coordinates": [[-3.7047255, 40.4501167], [-3.7047924, 40.4501226]]}, "properties": {"plazas": 1, "tipo": "Línea", "color": "azul", "longitud_m": 5.7, "calle": "Calle de Juan Pantoja", "fill": "#2980B9"}}, {"type": "Feature", "geometry": {"type": "LineString", "coordinates": [[-3.704809, 40.4501239], [-3.7048767, 40.4501301]]}, "properties": {"plazas": 1, "tipo": "Línea", "color": "azul", "longitud_m": 5.8, "calle": "Calle de Juan Pantoja", "fill": "#2980B9"}}, {"type": "Feature", "geometry": {"type": "LineString", "coordinates": [[-3.7051294, 40.4501523], [-3.7051963, 40.4501585]]}, "properties": {"plazas": 1, "tipo": "Línea", "color": "azul", "longitud_m": 5.7, "calle": "Calle de Juan Pantoja", "fill": "#2980B9"}}, {"type": "Feature", "geometry": {"type": "LineString", "coordinates": [[-3.7052077, 40.4501595], [-3.7052772, 40.4501667]]}, "properties": {"plazas": 1, "tipo": "Línea", "color": "azul", "longitud_m": 6.0, "calle": "Calle de Juan Pantoja", "fill": "#2980B9"}}, {"type": "Feature", "geometry": {"type": "LineString", "coordinates": [[-3.7054726, 40.4501867], [-3.7055376, 40.4501943]]}, "properties": {"plazas": 1, "tipo": "Línea", "color": "azul", "longitud_m": 5.6, "calle": "Calle de Juan Pantoja", "fill": "#2980B9"}}, {"type": "Feature", "geometry": {"type": "LineString", "coordinates": [[-3.7055461, 40.4501943], [-3.7056137, 40.4502024]]}, "properties": {"plazas": 1, "tipo": "Línea", "color": "azul", "longitud_m": 5.8, "calle": "Calle de Juan Pantoja", "fill": "#2980B9"}}, {"type": "Feature", "geometry": {"type": "LineString", "coordinates": [[-3.7044525, 40.4509307], [-3.7044445, 40.4509808]]}, "properties": {"plazas": 1, "tipo": "Línea", "color": "verde", "longitud_m": 5.6, "calle": "Calle de Topete", "fill": "#27AE60"}}, {"type": "Feature", "geometry": {"type": "LineString", "coordinates": [[-3.7044426, 40.4509933], [-3.704434, 40.4510444]]}, "properties": {"plazas": 1, "tipo": "Línea", "color": "verde", "longitud_m": 5.7, "calle": "Calle de Topete", "fill": "#27AE60"}}, {"type": "Feature", "geometry": {"type": "LineString", "coordinates": [[-3.7044328, 40.4510544], [-3.7044241, 40.451097]]}, "properties": {"plazas": 1, "tipo": "Línea", "color": "verde", "longitud_m": 4.8, "calle": "Calle de Topete", "fill": "#27AE60"}}, {"type": "Feature", "geometry": {"type": "LineString", "coordinates": [[-3.7039438, 40.4511329], [-3.7038769, 40.451127]]}, "properties": {"plazas": 1, "tipo": "Línea", "color": "azul", "longitud_m": 5.7, "calle": "Calle de Las Carolinas", "fill": "#2980B9"}}, {"type": "Feature", "geometry": {"type": "LineString", "coordinates": [[-3.7040225, 40.4511404], [-3.7039635, 40.4511348]]}, "properties": {"plazas": 1, "tipo": "Línea", "color": "azul", "longitud_m": 5.0, "calle": "Calle de Las Carolinas", "fill": "#2980B9"}}, {"type": "Feature", "geometry": {"type": "LineString", "coordinates": [[-3.7041449, 40.4511518], [-3.7042105, 40.4511579]]}, "properties": {"plazas": 1, "tipo": "Línea", "color": "azul", "longitud_m": 5.6, "calle": "Calle de Las Carolinas", "fill": "#2980B9"}}, {"type": "Feature", "geometry": {"type": "LineString", "coordinates": [[-3.7042275, 40.4511593], [-3.7042957, 40.4511659]]}, "properties": {"plazas": 1, "tipo": "Línea", "color": "azul", "longitud_m": 5.8, "calle": "Calle de Las Carolinas", "fill": "#2980B9"}}, {"type": "Feature", "geometry": {"type": "LineString", "coordinates": [[-3.7043797, 40.4511734], [-3.7043108, 40.4511673]]}, "properties": {"plazas": 1, "tipo": "Línea", "color": "azul", "longitud_m": 5.9, "calle": "Calle de Las Carolinas", "fill": "#2980B9"}}, {"type": "Feature", "geometry": {"type": "LineString", "coordinates": [[-3.7047001, 40.4512035], [-3.7047545, 40.451208]]}, "properties": {"plazas": 1, "tipo": "Línea", "color": "azul", "longitud_m": 4.6, "calle": "Calle de Las Carolinas", "fill": "#2980B9"}}, {"type": "Feature", "geometry": {"type": "LineString", "coordinates": [[-3.7047724, 40.4512087], [-3.7048253, 40.4512088]]}, "properties": {"plazas": 1, "tipo": "Línea", "color": "azul", "longitud_m": 4.5, "calle": "Calle de Las Carolinas", "fill": "#2980B9"}}, {"type": "Feature", "geometry": {"type": "LineString", "coordinates": [[-3.7048903, 40.4512089], [-3.7048419, 40.4512088]]}, "properties": {"plazas": 1, "tipo": "Línea", "color": "azul", "longitud_m": 4.1, "calle": "Calle de Las Carolinas", "fill": "#2980B9"}}, {"type": "Feature", "geometry": {"type": "LineString", "coordinates": [[-3.7049057, 40.4512085], [-3.7049601, 40.4512101]]}, "properties": {"plazas": 1, "tipo": "Línea", "color": "azul", "longitud_m": 4.6, "calle": "Calle de Las Carolinas", "fill": "#2980B9"}}, {"type": "Feature", "geometry": {"type": "LineString", "coordinates": [[-3.7050121, 40.4512092], [-3.7049598, 40.4512091]]}, "properties": {"plazas": 1, "tipo": "Línea", "color": "azul", "longitud_m": 4.4, "calle": "Calle de Las Carolinas", "fill": "#2980B9"}}, {"type": "Feature", "geometry": {"type": "LineString", "coordinates": [[-3.705605, 40.4512168], [-3.7055494, 40.4512165]]}, "properties": {"plazas": 1, "tipo": "Línea", "color": "azul", "longitud_m": 4.7, "calle": "Calle de Las Carolinas", "fill": "#2980B9"}}, {"type": "Feature", "geometry": {"type": "LineString", "coordinates": [[-3.7056803, 40.4512169], [-3.705623, 40.4512168]]}, "properties": {"plazas": 1, "tipo": "Línea", "color": "azul", "longitud_m": 4.9, "calle": "Calle de Las Carolinas", "fill": "#2980B9"}}, {"type": "Feature", "geometry": {"type": "LineString", "coordinates": [[-3.7057515, 40.4512172], [-3.705697, 40.451217]]}, "properties": {"plazas": 1, "tipo": "Línea", "color": "azul", "longitud_m": 4.6, "calle": "Calle de Las Carolinas", "fill": "#2980B9"}}, {"type": "Feature", "geometry": {"type": "LineString", "coordinates": [[-3.7058255, 40.4512175], [-3.705768, 40.4512173]]}, "properties": {"plazas": 1, "tipo": "Línea", "color": "azul", "longitud_m": 4.9, "calle": "Calle de Las Carolinas", "fill": "#2980B9"}}, {"type": "Feature", "geometry": {"type": "LineString", "coordinates": [[-3.7058956, 40.4512177], [-3.7058416, 40.4512176]]}, "properties": {"plazas": 1, "tipo": "Línea", "color": "azul", "longitud_m": 4.6, "calle": "Calle de Las Carolinas", "fill": "#2980B9"}}, {"type": "Feature", "geometry": {"type": "LineString", "coordinates": [[-3.7059627, 40.4512179], [-3.7059125, 40.4512177]]}, "properties": {"plazas": 1, "tipo": "Línea", "color": "azul", "longitud_m": 4.3, "calle": "Calle de Las Carolinas", "fill": "#2980B9"}}, {"type": "Feature", "geometry": {"type": "LineString", "coordinates": [[-3.7061377, 40.4512365], [-3.7059628, 40.4512355]]}, "properties": {"plazas": 2, "tipo": "Línea", "color": "azul", "longitud_m": 14.8, "calle": "Calle de Las Carolinas", "fill": "#2980B9"}}, {"type": "Feature", "geometry": {"type": "LineString", "coordinates": [[-3.7044164, 40.4512323], [-3.7044093, 40.451278]]}, "properties": {"plazas": 1, "tipo": "Línea", "color": "verde", "longitud_m": 5.1, "calle": "Calle de Topete", "fill": "#27AE60"}}, {"type": "Feature", "geometry": {"type": "LineString", "coordinates": [[-3.7044065, 40.4512948], [-3.7043985, 40.4513454]]}, "properties": {"plazas": 1, "tipo": "Línea", "color": "verde", "longitud_m": 5.7, "calle": "Calle de Topete", "fill": "#27AE60"}}, {"type": "Feature", "geometry": {"type": "LineString", "coordinates": [[-3.7043512, 40.451648], [-3.7043439, 40.4516981]]}, "properties": {"plazas": 1, "tipo": "Línea", "color": "verde", "longitud_m": 5.6, "calle": "Calle de Topete", "fill": "#27AE60"}}, {"type": "Feature", "geometry": {"type": "LineString", "coordinates": [[-3.7043322, 40.4517692], [-3.7043401, 40.4517181]]}, "properties": {"plazas": 1, "tipo": "Línea", "color": "verde", "longitud_m": 5.7, "calle": "Calle de Topete", "fill": "#27AE60"}}, {"type": "Feature", "geometry": {"type": "LineString", "coordinates": [[-3.7083046, 40.4483884], [-3.7083457, 40.4484362]]}, "properties": {"plazas": 1, "tipo": "Línea", "color": "verde", "longitud_m": 6.3, "calle": "Avenida del Doctor Federico Rubio y Galí", "fill": "#27AE60"}}, {"type": "Feature", "geometry": {"type": "LineString", "coordinates": [[-3.7070491, 40.4482099], [-3.7068354, 40.4482121]]}, "properties": {"plazas": 3, "tipo": "Línea", "color": "verde", "longitud_m": 18.1, "calle": "Calle de Adela Balboa", "fill": "#27AE60"}}, {"type": "Feature", "geometry": {"type": "LineString", "coordinates": [[-3.7064002, 40.4482165], [-3.7060947, 40.4482195]]}, "properties": {"plazas": 5, "tipo": "Línea", "color": "verde", "longitud_m": 25.9, "calle": "Calle de Adela Balboa", "fill": "#27AE60"}}, {"type": "Feature", "geometry": {"type": "LineString", "coordinates": [[-3.7060644, 40.4477256], [-3.7060629, 40.4478036]]}, "properties": {"plazas": 1, "tipo": "Línea", "color": "verde", "longitud_m": 8.7, "calle": "Calle de Garellano", "fill": "#27AE60"}}, {"type": "Feature", "geometry": {"type": "LineString", "coordinates": [[-3.7060502, 40.4483117], [-3.7060435, 40.4484483]]}, "properties": {"plazas": 3, "tipo": "Línea", "color": "verde", "longitud_m": 15.2, "calle": "Plaza de Juan Muñoz Martín", "fill": "#27AE60"}}, {"type": "Feature", "geometry": {"type": "LineString", "coordinates": [[-3.7068427, 40.4485548], [-3.7067298, 40.4485489]]}, "properties": {"plazas": 2, "tipo": "Línea", "color": "azul", "longitud_m": 9.6, "calle": "Calle de Carlos Latorre", "fill": "#2980B9"}}, {"type": "Feature", "geometry": {"type": "LineString", "coordinates": [[-3.7074285, 40.448821], [-3.7074485, 40.4486264]]}, "properties": {"plazas": 4, "tipo": "Línea", "color": "azul", "longitud_m": 21.7, "calle": "Calle de Castillo Piñeiro", "fill": "#2980B9"}}, {"type": "Feature", "geometry": {"type": "LineString", "coordinates": [[-3.7074492, 40.4486143], [-3.7074495, 40.4486067], [-3.7074464, 40.448598], [-3.7073634, 40.4483923]]}, "properties": {"plazas": 5, "tipo": "Línea", "color": "verde", "longitud_m": 25.7, "calle": "Calle de Castillo Piñeiro", "fill": "#27AE60"}}, {"type": "Feature", "geometry": {"type": "LineString", "coordinates": [[-3.7059736, 40.4482353], [-3.7059721, 40.4482755]]}, "properties": {"plazas": 1, "tipo": "Línea", "color": "verde", "longitud_m": 4.5, "calle": "Calle de Garellano", "fill": "#27AE60"}}, {"type": "Feature", "geometry": {"type": "LineString", "coordinates": [[-3.7061904, 40.4523508], [-3.7061903, 40.4523452], [-3.7062007, 40.452284]]}, "properties": {"plazas": 1, "tipo": "Línea", "color": "verde", "longitud_m": 7.5, "calle": "Calle de Tenerife", "fill": "#27AE60"}}, {"type": "Feature", "geometry": {"type": "LineString", "coordinates": [[-3.709675, 40.4517126], [-3.7096249, 40.4517114], [-3.7095504, 40.4517328]]}, "properties": {"plazas": 3, "tipo": "Línea", "color": "verde", "longitud_m": 11.0, "calle": "Calle de San Raimundo", "fill": "#27AE60"}}, {"type": "Feature", "geometry": {"type": "LineString", "coordinates": [[-3.7074756, 40.4505967], [-3.7074263, 40.4505739]]}, "properties": {"plazas": 1, "tipo": "Línea", "color": "verde", "longitud_m": 4.9, "calle": "Calle de San Valeriano", "fill": "#27AE60"}}, {"type": "Feature", "geometry": {"type": "LineString", "coordinates": [[-3.7078563, 40.4507727], [-3.707885, 40.4507858]]}, "properties": {"plazas": 1, "tipo": "Línea", "color": "verde", "longitud_m": 2.8, "calle": "Calle de San Valeriano", "fill": "#27AE60"}}, {"type": "Feature", "geometry": {"type": "LineString", "coordinates": [[-3.7081414, 40.4509047], [-3.7082907, 40.4509739]]}, "properties": {"plazas": 3, "tipo": "Línea", "color": "verde", "longitud_m": 14.8, "calle": "Calle de San Valeriano", "fill": "#27AE60"}}, {"type": "Feature", "geometry": {"type": "LineString", "coordinates": [[-3.7094114, 40.4499346], [-3.7093849, 40.4498234]]}, "properties": {"plazas": 2, "tipo": "Línea", "color": "verde", "longitud_m": 12.6, "calle": "Avenida del Doctor Federico Rubio y Galí", "fill": "#27AE60"}}, {"type": "Feature", "geometry": {"type": "LineString", "coordinates": [[-3.7094563, 40.4501236], [-3.7094397, 40.4500539]]}, "properties": {"plazas": 2, "tipo": "Línea", "color": "verde", "longitud_m": 7.9, "calle": "Avenida del Doctor Federico Rubio y Galí", "fill": "#27AE60"}}, {"type": "Feature", "geometry": {"type": "LineString", "coordinates": [[-3.7038047, 40.4538341], [-3.7037935, 40.4538932]]}, "properties": {"plazas": 1, "tipo": "Línea", "color": "verde", "longitud_m": 6.6, "calle": "Calle de Goiri", "fill": "#27AE60"}}, {"type": "Feature", "geometry": {"type": "LineString", "coordinates": [[-3.7037836, 40.453945], [-3.7037637, 40.4540529]]}, "properties": {"plazas": 2, "tipo": "Línea", "color": "verde", "longitud_m": 12.1, "calle": "Calle de Goiri", "fill": "#27AE60"}}, {"type": "Feature", "geometry": {"type": "LineString", "coordinates": [[-3.7057008, 40.4531037], [-3.7057596, 40.4531101]]}, "properties": {"plazas": 1, "tipo": "Línea", "color": "azul", "longitud_m": 5.0, "calle": "Calle de Castilla", "fill": "#2980B9"}}, {"type": "Feature", "geometry": {"type": "LineString", "coordinates": [[-3.7063442, 40.4556937], [-3.7063201, 40.4557078]]}, "properties": {"plazas": 1, "tipo": "Batería", "color": "verde", "longitud_m": 2.6, "calle": "Calle de Juan del Enzina", "fill": "#27AE60"}}, {"type": "Feature", "geometry": {"type": "LineString", "coordinates": [[-3.7067777, 40.4532146], [-3.7067226, 40.4532091]]}, "properties": {"plazas": 1, "tipo": "Línea", "color": "verde", "longitud_m": 4.7, "calle": "Calle de Castilla", "fill": "#27AE60"}}, {"type": "Feature", "geometry": {"type": "LineString", "coordinates": [[-3.706607, 40.4556676], [-3.7065322, 40.4556016]]}, "properties": {"plazas": 2, "tipo": "Línea", "color": "verde", "longitud_m": 9.7, "calle": "Calle de Pamplona", "fill": "#27AE60"}}, {"type": "Feature", "geometry": {"type": "LineString", "coordinates": [[-3.7073959, 40.4562399], [-3.7074316, 40.4562714]]}, "properties": {"plazas": 1, "tipo": "Línea", "color": "verde", "longitud_m": 4.6, "calle": "Calle de Pamplona", "fill": "#27AE60"}}, {"type": "Feature", "geometry": {"type": "LineString", "coordinates": [[-3.703984, 40.4494997], [-3.7040312, 40.4495037]]}, "properties": {"plazas": 1, "tipo": "Línea", "color": "verde", "longitud_m": 4.0, "calle": "Calle de Carnicer", "fill": "#27AE60"}}, {"type": "Feature", "geometry": {"type": "LineString", "coordinates": [[-3.7058603, 40.4476061], [-3.7057188, 40.4476077]]}, "properties": {"plazas": 2, "tipo": "Línea", "color": "verde", "longitud_m": 12.0, "calle": "Calle del Doctor Santero", "fill": "#27AE60"}}, {"type": "Feature", "geometry": {"type": "LineString", "coordinates": [[-3.7088803, 40.4482995], [-3.7089818, 40.4484544]]}, "properties": {"plazas": 7, "tipo": "Batería", "color": "verde", "longitud_m": 19.2, "calle": "Avenida de Pablo Iglesias", "fill": "#27AE60"}}, {"type": "Feature", "geometry": {"type": "LineString", "coordinates": [[-3.7084863, 40.4485409], [-3.7084148, 40.4484688]]}, "properties": {"plazas": 2, "tipo": "Línea", "color": "verde", "longitud_m": 10.0, "calle": "Avenida del Doctor Federico Rubio y Galí", "fill": "#27AE60"}}, {"type": "Feature", "geometry": {"type": "LineString", "coordinates": [[-3.7035636, 40.4529155], [-3.7035092, 40.4529124]]}, "properties": {"plazas": 1, "tipo": "Línea", "color": "azul", "longitud_m": 4.6, "calle": "Calle de Castilla", "fill": "#2980B9"}}, {"type": "Feature", "geometry": {"type": "LineString", "coordinates": [[-3.7047286, 40.4542596], [-3.7047857, 40.4542667]]}, "properties": {"plazas": 1, "tipo": "Línea", "color": "verde", "longitud_m": 4.9, "calle": "Calle de Fernando Ossorio", "fill": "#27AE60"}}, {"type": "Feature", "geometry": {"type": "LineString", "coordinates": [[-3.7070302, 40.4544788], [-3.707072, 40.454441]]}, "properties": {"plazas": 1, "tipo": "Línea", "color": "verde", "longitud_m": 5.5, "calle": "Calle de Jerónima Llorente", "fill": "#27AE60"}}, {"type": "Feature", "geometry": {"type": "LineString", "coordinates": [[-3.7071551, 40.4543656], [-3.7071105, 40.4544061]]}, "properties": {"plazas": 1, "tipo": "Línea", "color": "verde", "longitud_m": 5.9, "calle": "Calle de Jerónima Llorente", "fill": "#27AE60"}}, {"type": "Feature", "geometry": {"type": "LineString", "coordinates": [[-3.7077186, 40.4537755], [-3.7072765, 40.4534345]]}, "properties": {"plazas": 11, "tipo": "Línea", "color": "verde", "longitud_m": 53.3, "calle": "Calle Joaquín Arjona", "fill": "#27AE60"}}, {"type": "Feature", "geometry": {"type": "LineString", "coordinates": [[-3.7105339, 40.4547816], [-3.7105206, 40.4547392]]}, "properties": {"plazas": 1, "tipo": "Línea", "color": "verde", "longitud_m": 4.8, "calle": "Calle de Alejandro Rodríguez", "fill": "#27AE60"}}, {"type": "Feature", "geometry": {"type": "LineString", "coordinates": [[-3.7035888, 40.451099], [-3.7036905, 40.4511089]]}, "properties": {"plazas": 1, "tipo": "Línea", "color": "azul", "longitud_m": 8.7, "calle": "Calle de Las Carolinas", "fill": "#2980B9"}}, {"type": "Feature", "geometry": {"type": "LineString", "coordinates": [[-3.7043969, 40.4513572], [-3.7043914, 40.4513943]]}, "properties": {"plazas": 1, "tipo": "Línea", "color": "verde", "longitud_m": 4.1, "calle": "Calle de Topete", "fill": "#27AE60"}}, {"type": "Feature", "geometry": {"type": "LineString", "coordinates": [[-3.7077749, 40.4559246], [-3.7077217, 40.4559423]]}, "properties": {"plazas": 1, "tipo": "Línea", "color": "verde", "longitud_m": 4.9, "calle": "Calle de Castillejos", "fill": "#27AE60"}}, {"type": "Feature", "geometry": {"type": "LineString", "coordinates": [[-3.7094669, 40.4513027], [-3.7094537, 40.4513391], [-3.709447, 40.4513635], [-3.7094399, 40.4513979], [-3.7094313, 40.4514477], [-3.7094252, 40.4514894]]}, "properties": {"plazas": 4, "tipo": "Línea", "color": "verde", "longitud_m": 21.1, "calle": "Avenida del Doctor Federico Rubio y Galí", "fill": "#27AE60"}}, {"type": "Feature", "geometry": {"type": "LineString", "coordinates": [[-3.709564, 40.4511851], [-3.709513, 40.4513051]]}, "properties": {"plazas": 3, "tipo": "Línea", "color": "verde", "longitud_m": 14.0, "calle": "Avenida del Doctor Federico Rubio y Galí", "fill": "#27AE60"}}, {"type": "Feature", "geometry": {"type": "LineString", "coordinates": [[-3.7094668, 40.450158], [-3.7094632, 40.450152], [-3.7094568, 40.4501262]]}, "properties": {"plazas": 1, "tipo": "Línea", "color": "verde", "longitud_m": 3.6, "calle": "Avenida del Doctor Federico Rubio y Galí", "fill": "#27AE60"}}, {"type": "Feature", "geometry": {"type": "LineString", "coordinates": [[-3.7091562, 40.4529218], [-3.7091079, 40.4529441]]}, "properties": {"plazas": 1, "tipo": "Línea", "color": "verde", "longitud_m": 4.8, "calle": "Calle de Juan Pradillo", "fill": "#27AE60"}}, {"type": "Feature", "geometry": {"type": "LineString", "coordinates": [[-3.7087466, 40.451739], [-3.7084976, 40.451735]]}, "properties": {"plazas": 4, "tipo": "Línea", "color": "verde", "longitud_m": 21.1, "calle": "Calle de San Raimundo", "fill": "#27AE60"}}, {"type": "Feature", "geometry": {"type": "LineString", "coordinates": [[-3.7084111, 40.4522826], [-3.7084129, 40.4523385]]}, "properties": {"plazas": 1, "tipo": "Línea", "color": "verde", "longitud_m": 6.2, "calle": "Calle María Ignacia", "fill": "#27AE60"}}, {"type": "Feature", "geometry": {"type": "LineString", "coordinates": [[-3.7084129, 40.4525], [-3.7084287, 40.4527561]]}, "properties": {"plazas": 6, "tipo": "Línea", "color": "verde", "longitud_m": 28.5, "calle": "Calle María Ignacia", "fill": "#27AE60"}}, {"type": "Feature", "geometry": {"type": "LineString", "coordinates": [[-3.7074375, 40.4494577], [-3.7074304, 40.4495016]]}, "properties": {"plazas": 1, "tipo": "Línea", "color": "verde", "longitud_m": 4.9, "calle": "Calle de Olite", "fill": "#27AE60"}}, {"type": "Feature", "geometry": {"type": "LineString", "coordinates": [[-3.7059824, 40.4477235], [-3.7059737, 40.4482327]]}, "properties": {"plazas": 12, "tipo": "Línea", "color": "verde", "longitud_m": 56.5, "calle": "Calle de Garellano", "fill": "#27AE60"}}, {"type": "Feature", "geometry": {"type": "LineString", "coordinates": [[-3.7066524, 40.4481914], [-3.7064655, 40.4481929]]}, "properties": {"plazas": 2, "tipo": "Línea", "color": "verde", "longitud_m": 15.8, "calle": "Calle de Adela Balboa", "fill": "#27AE60"}}, {"type": "Feature", "geometry": {"type": "LineString", "coordinates": [[-3.711225, 40.4541396], [-3.7112482, 40.4541034]]}, "properties": {"plazas": 1, "tipo": "Línea", "color": "verde", "longitud_m": 4.5, "calle": "Calle de la Rábida", "fill": "#27AE60"}}, {"type": "Feature", "geometry": {"type": "LineString", "coordinates": [[-3.7074525, 40.449059], [-3.7074335, 40.4491985]]}, "properties": {"plazas": 3, "tipo": "Línea", "color": "verde", "longitud_m": 15.6, "calle": "Calle de Castillo Piñeiro", "fill": "#27AE60"}}, {"type": "Feature", "geometry": {"type": "LineString", "coordinates": [[-3.707782, 40.4507384], [-3.7076859, 40.450694]]}, "properties": {"plazas": 2, "tipo": "Línea", "color": "verde", "longitud_m": 9.5, "calle": "Calle de San Valeriano", "fill": "#27AE60"}}, {"type": "Feature", "geometry": {"type": "LineString", "coordinates": [[-3.7076437, 40.4506745], [-3.7075379, 40.4506255]]}, "properties": {"plazas": 2, "tipo": "Línea", "color": "verde", "longitud_m": 10.5, "calle": "Calle de San Valeriano", "fill": "#27AE60"}}, {"type": "Feature", "geometry": {"type": "LineString", "coordinates": [[-3.7098252, 40.4554333], [-3.7098213, 40.4554286], [-3.7098067, 40.4554164], [-3.7097904, 40.4554028], [-3.7097869, 40.4554011]]}, "properties": {"plazas": 1, "tipo": "Línea", "color": "verde", "longitud_m": 4.8, "calle": "Calle Leñeros", "fill": "#27AE60"}}, {"type": "Feature", "geometry": {"type": "LineString", "coordinates": [[-3.709601, 40.4556006], [-3.7095303, 40.455545]]}, "properties": {"plazas": 2, "tipo": "Línea", "color": "verde", "longitud_m": 8.6, "calle": "Calle Leñeros", "fill": "#27AE60"}}, {"type": "Feature", "geometry": {"type": "LineString", "coordinates": [[-3.7097546, 40.4554012], [-3.7096581, 40.455443]]}, "properties": {"plazas": 2, "tipo": "Línea", "color": "verde", "longitud_m": 9.4, "calle": "Calle Leñeros", "fill": "#27AE60"}}, {"type": "Feature", "geometry": {"type": "LineString", "coordinates": [[-3.7098742, 40.4496275], [-3.7098592, 40.4496112], [-3.7098447, 40.4495993], [-3.7098284, 40.4495881], [-3.7098121, 40.4495792], [-3.7097902, 40.4495686], [-3.7097656, 40.4495601], [-3.709745, 40.4495546]]}, "properties": {"plazas": 3, "tipo": "Línea", "color": "verde", "longitud_m": 13.9, "calle": "Avenida de Pablo Iglesias", "fill": "#27AE60"}}, {"type": "Feature", "geometry": {"type": "LineString", "coordinates": [[-3.7053728, 40.4518696], [-3.7052134, 40.4518772]]}, "properties": {"plazas": 3, "tipo": "Línea", "color": "verde", "longitud_m": 13.5, "calle": "Calle de San Raimundo", "fill": "#27AE60"}}, {"type": "Feature", "geometry": {"type": "LineString", "coordinates": [[-3.7130731, 40.4530122], [-3.7128194, 40.4528821]]}, "properties": {"plazas": 5, "tipo": "Línea", "color": "verde", "longitud_m": 25.9, "calle": "Avenida del Doctor Federico Rubio y Galí", "fill": "#27AE60"}}, {"type": "Feature", "geometry": {"type": "LineString", "coordinates": [[-3.7105477, 40.4548268], [-3.7105346, 40.4547842]]}, "properties": {"plazas": 1, "tipo": "Línea", "color": "verde", "longitud_m": 4.9, "calle": "Calle de Alejandro Rodríguez", "fill": "#27AE60"}}, {"type": "Feature", "geometry": {"type": "LineString", "coordinates": [[-3.7061146, 40.4549493], [-3.7060555, 40.4548974]]}, "properties": {"plazas": 3, "tipo": "Batería", "color": "verde", "longitud_m": 7.6, "calle": "Calle de Pamplona", "fill": "#27AE60"}}, {"type": "Feature", "geometry": {"type": "LineString", "coordinates": [[-3.7100569, 40.4527101], [-3.7098729, 40.4531547]]}, "properties": {"plazas": 11, "tipo": "Línea", "color": "verde", "longitud_m": 51.8, "calle": "Calle de Alejandro Rodríguez", "fill": "#27AE60"}}, {"type": "Feature", "geometry": {"type": "LineString", "coordinates": [[-3.7099963, 40.4526435], [-3.7100095, 40.4526109]]}, "properties": {"plazas": 1, "tipo": "Línea", "color": "verde", "longitud_m": 3.8, "calle": "Calle de Alejandro Rodríguez", "fill": "#27AE60"}}, {"type": "Feature", "geometry": {"type": "LineString", "coordinates": [[-3.7099335, 40.4525651], [-3.7098168, 40.4526182]]}, "properties": {"plazas": 2, "tipo": "Línea", "color": "verde", "longitud_m": 11.5, "calle": "Calle de Juan Pradillo", "fill": "#27AE60"}}, {"type": "Feature", "geometry": {"type": "LineString", "coordinates": [[-3.7097527, 40.4526476], [-3.7096431, 40.4526976]]}, "properties": {"plazas": 2, "tipo": "Línea", "color": "verde", "longitud_m": 10.8, "calle": "Calle de Juan Pradillo", "fill": "#27AE60"}}, {"type": "Feature", "geometry": {"type": "LineString", "coordinates": [[-3.7094189, 40.4515661], [-3.7094154, 40.4516215]]}, "properties": {"plazas": 1, "tipo": "Línea", "color": "verde", "longitud_m": 6.1, "calle": "Avenida del Doctor Federico Rubio y Galí", "fill": "#27AE60"}}, {"type": "Feature", "geometry": {"type": "LineString", "coordinates": [[-3.7080174, 40.4528338], [-3.708006, 40.4528095], [-3.7080059, 40.4528047], [-3.7079993, 40.4527905]]}, "properties": {"plazas": 1, "tipo": "Línea", "color": "verde", "longitud_m": 5.1, "calle": "Calle de Zamora", "fill": "#27AE60"}}, {"type": "Feature", "geometry": {"type": "LineString", "coordinates": [[-3.7079472, 40.4526776], [-3.7079722, 40.4527325]]}, "properties": {"plazas": 1, "tipo": "Línea", "color": "verde", "longitud_m": 6.5, "calle": "Calle de Zamora", "fill": "#27AE60"}}, {"type": "Feature", "geometry": {"type": "LineString", "coordinates": [[-3.709915, 40.4497706], [-3.7100073, 40.449917]]}, "properties": {"plazas": 8, "tipo": "Batería", "color": "verde", "longitud_m": 18.0, "calle": "Avenida de Pablo Iglesias", "fill": "#27AE60"}}, {"type": "Feature", "geometry": {"type": "LineString", "coordinates": [[-3.7038549, 40.4528665], [-3.703795, 40.4528632]]}, "properties": {"plazas": 1, "tipo": "Línea", "color": "azul", "longitud_m": 5.1, "calle": "Calle de Castilla", "fill": "#2980B9"}}, {"type": "Feature", "geometry": {"type": "LineString", "coordinates": [[-3.7037919, 40.4528629], [-3.7033042, 40.4528395]]}, "properties": {"plazas": 8, "tipo": "Línea", "color": "azul", "longitud_m": 41.4, "calle": "Calle de Castilla", "fill": "#2980B9"}}, {"type": "Feature", "geometry": {"type": "LineString", "coordinates": [[-3.7074448, 40.4494121], [-3.7074377, 40.4494561]]}, "properties": {"plazas": 1, "tipo": "Línea", "color": "verde", "longitud_m": 4.9, "calle": "Calle de Olite", "fill": "#27AE60"}}, {"type": "Feature", "geometry": {"type": "LineString", "coordinates": [[-3.7070774, 40.4491907], [-3.7071393, 40.4492187]]}, "properties": {"plazas": 1, "tipo": "Línea", "color": "verde", "longitud_m": 6.1, "calle": "Calle de Aranjuez", "fill": "#27AE60"}}, {"type": "Feature", "geometry": {"type": "LineString", "coordinates": [[-3.7058836, 40.4492032], [-3.7058717, 40.449343]]}, "properties": {"plazas": 3, "tipo": "Línea", "color": "verde", "longitud_m": 15.5, "calle": "Calle de Garellano", "fill": "#27AE60"}}, {"type": "Feature", "geometry": {"type": "LineString", "coordinates": [[-3.7059151, 40.4488472], [-3.7059066, 40.4489555]]}, "properties": {"plazas": 2, "tipo": "Línea", "color": "verde", "longitud_m": 12.0, "calle": "Calle de Garellano", "fill": "#27AE60"}}, {"type": "Feature", "geometry": {"type": "LineString", "coordinates": [[-3.705965, 40.4492654], [-3.7059592, 40.449356]]}, "properties": {"plazas": 2, "tipo": "Línea", "color": "verde", "longitud_m": 10.1, "calle": "Calle de Garellano", "fill": "#27AE60"}}, {"type": "Feature", "geometry": {"type": "LineString", "coordinates": [[-3.7099759, 40.4526936], [-3.7098334, 40.4530428]]}, "properties": {"plazas": 9, "tipo": "Línea", "color": "verde", "longitud_m": 40.6, "calle": "Calle de Alejandro Rodríguez", "fill": "#27AE60"}}, {"type": "Feature", "geometry": {"type": "LineString", "coordinates": [[-3.7079697, 40.4517303], [-3.7077683, 40.4517282]]}, "properties": {"plazas": 4, "tipo": "Línea", "color": "verde", "longitud_m": 17.1, "calle": "Calle de San Raimundo", "fill": "#27AE60"}}, {"type": "Feature", "geometry": {"type": "LineString", "coordinates": [[-3.7084934, 40.4542964], [-3.7085944, 40.4543738]]}, "properties": {"plazas": 2, "tipo": "Línea", "color": "verde", "longitud_m": 12.1, "calle": "Calle Joaquín Arjona", "fill": "#27AE60"}}, {"type": "Feature", "geometry": {"type": "LineString", "coordinates": [[-3.7064174, 40.4551538], [-3.7064865, 40.4550919]]}, "properties": {"plazas": 2, "tipo": "Línea", "color": "verde", "longitud_m": 9.0, "calle": "Calle de Jerónima Llorente", "fill": "#27AE60"}}, {"type": "Feature", "geometry": {"type": "LineString", "coordinates": [[-3.7065312, 40.4556008], [-3.7064932, 40.4555673]]}, "properties": {"plazas": 1, "tipo": "Línea", "color": "verde", "longitud_m": 4.9, "calle": "Calle de Pamplona", "fill": "#27AE60"}}, {"type": "Feature", "geometry": {"type": "LineString", "coordinates": [[-3.7073927, 40.4540199], [-3.7073597, 40.4539988], [-3.7072227, 40.4539148]]}, "properties": {"plazas": 4, "tipo": "Línea", "color": "verde", "longitud_m": 18.5, "calle": "Calle Lorenza Correa", "fill": "#27AE60"}}, {"type": "Feature", "geometry": {"type": "LineString", "coordinates": [[-3.7052053, 40.4518539], [-3.7050848, 40.4518603]]}, "properties": {"plazas": 2, "tipo": "Línea", "color": "verde", "longitud_m": 10.2, "calle": "Calle de San Raimundo", "fill": "#27AE60"}}, {"type": "Feature", "geometry": {"type": "LineString", "coordinates": [[-3.7084894, 40.4510637], [-3.7086221, 40.4511248]]}, "properties": {"plazas": 2, "tipo": "Línea", "color": "verde", "longitud_m": 13.1, "calle": "Calle de San Valeriano", "fill": "#27AE60"}}, {"type": "Feature", "geometry": {"type": "LineString", "coordinates": [[-3.7085952, 40.452741], [-3.7087116, 40.4526085]]}, "properties": {"plazas": 4, "tipo": "Línea", "color": "azul", "longitud_m": 17.7, "calle": "Calle de Jerónima Llorente", "fill": "#2980B9"}}, {"type": "Feature", "geometry": {"type": "LineString", "coordinates": [[-3.7044255, 40.4518952], [-3.7049035, 40.4518699]]}, "properties": {"plazas": 9, "tipo": "Línea", "color": "verde", "longitud_m": 40.6, "calle": "Calle de San Raimundo", "fill": "#27AE60"}}, {"type": "Feature", "geometry": {"type": "LineString", "coordinates": [[-3.7070417, 40.4538035], [-3.7068562, 40.4536903]]}, "properties": {"plazas": 4, "tipo": "Línea", "color": "verde", "longitud_m": 20.1, "calle": "Calle Lorenza Correa", "fill": "#27AE60"}}, {"type": "Feature", "geometry": {"type": "LineString", "coordinates": [[-3.7068065, 40.4536601], [-3.7065667, 40.4535147]]}, "properties": {"plazas": 5, "tipo": "Línea", "color": "verde", "longitud_m": 26.0, "calle": "Calle Lorenza Correa", "fill": "#27AE60"}}, {"type": "Feature", "geometry": {"type": "LineString", "coordinates": [[-3.7123536, 40.4545597], [-3.7124954, 40.4543341]]}, "properties": {"plazas": 7, "tipo": "Línea", "color": "azul", "longitud_m": 27.8, "calle": "Calle de Numancia", "fill": "#2980B9"}}, {"type": "Feature", "geometry": {"type": "LineString", "coordinates": [[-3.7068783, 40.4546154], [-3.7064268, 40.455021]]}, "properties": {"plazas": 12, "tipo": "Línea", "color": "verde", "longitud_m": 59.1, "calle": "Calle de Jerónima Llorente", "fill": "#27AE60"}}, {"type": "Feature", "geometry": {"type": "LineString", "coordinates": [[-3.7043927, 40.4541541], [-3.7043335, 40.4541455]]}, "properties": {"plazas": 1, "tipo": "Línea", "color": "verde", "longitud_m": 5.1, "calle": "Calle de Fernando Ossorio", "fill": "#27AE60"}}, {"type": "Feature", "geometry": {"type": "LineString", "coordinates": [[-3.7074247, 40.4531991], [-3.7073888, 40.4532063], [-3.7073279, 40.4532157], [-3.7072441, 40.4532222], [-3.707193, 40.453221], [-3.7071399, 40.4532188], [-3.7071006, 40.4532126], [-3.7070073, 40.4531876], [-3.7069856, 40.4531842], [-3.7068944, 40.4531753]]}, "properties": {"plazas": 19, "tipo": "Batería", "color": "verde", "longitud_m": 45.9, "calle": "Calle de Castilla", "fill": "#27AE60"}}, {"type": "Feature", "geometry": {"type": "LineString", "coordinates": [[-3.7078842, 40.4531542], [-3.7077552, 40.4532097], [-3.7077094, 40.4532276], [-3.7076563, 40.4532457], [-3.707575, 40.4532718], [-3.7074272, 40.4533074]]}, "properties": {"plazas": 15, "tipo": "Batería", "color": "verde", "longitud_m": 42.5, "calle": "Calle de Castilla", "fill": "#27AE60"}}, {"type": "Feature", "geometry": {"type": "LineString", "coordinates": [[-3.7070935, 40.4533085], [-3.7070577, 40.4533121]]}, "properties": {"plazas": 1, "tipo": "Batería", "color": "verde", "longitud_m": 3.1, "calle": "Calle de Castilla", "fill": "#27AE60"}}, {"type": "Feature", "geometry": {"type": "LineString", "coordinates": [[-3.707042, 40.4533562], [-3.7070276, 40.453357], [-3.7068719, 40.4533399]]}, "properties": {"plazas": 5, "tipo": "Batería", "color": "verde", "longitud_m": 14.6, "calle": "Calle de Castilla", "fill": "#27AE60"}}, {"type": "Feature", "geometry": {"type": "LineString", "coordinates": [[-3.7067104, 40.4531536], [-3.7063977, 40.4531186]]}, "properties": {"plazas": 5, "tipo": "Línea", "color": "azul", "longitud_m": 26.8, "calle": "Calle de Castilla", "fill": "#2980B9"}}, {"type": "Feature", "geometry": {"type": "LineString", "coordinates": [[-3.7052126, 40.4488255], [-3.7051438, 40.4488214]]}, "properties": {"plazas": 2, "tipo": "Batería", "color": "verde", "longitud_m": 5.9, "calle": "Calle de Almansa", "fill": "#27AE60"}}, {"type": "Feature", "geometry": {"type": "LineString", "coordinates": [[-3.7070792, 40.4512803], [-3.7070884, 40.4512415]]}, "properties": {"plazas": 1, "tipo": "Línea", "color": "verde", "longitud_m": 4.4, "calle": "Calle de Olite", "fill": "#27AE60"}}, {"type": "Feature", "geometry": {"type": "LineString", "coordinates": [[-3.705185, 40.4524553], [-3.7050984, 40.4524532]]}, "properties": {"plazas": 1, "tipo": "Línea", "color": "verde", "longitud_m": 7.3, "calle": "Calle de Santa Juliana", "fill": "#27AE60"}}, {"type": "Feature", "geometry": {"type": "LineString", "coordinates": [[-3.7037471, 40.4535141], [-3.7035649, 40.4534969], [-3.703496, 40.4534913]]}, "properties": {"plazas": 4, "tipo": "Línea", "color": "azul", "longitud_m": 21.4, "calle": "Calle Navarra", "fill": "#2980B9"}}, {"type": "Feature", "geometry": {"type": "LineString", "coordinates": [[-3.7039685, 40.4540928], [-3.7039015, 40.4540834]]}, "properties": {"plazas": 1, "tipo": "Línea", "color": "verde", "longitud_m": 5.8, "calle": "Calle de Fernando Ossorio", "fill": "#27AE60"}}, {"type": "Feature", "geometry": {"type": "LineString", "coordinates": [[-3.7055231, 40.4537087], [-3.705218, 40.453664]]}, "properties": {"plazas": 5, "tipo": "Línea", "color": "verde", "longitud_m": 26.3, "calle": "Calle Navarra", "fill": "#27AE60"}}, {"type": "Feature", "geometry": {"type": "LineString", "coordinates": [[-3.7057308, 40.4537393], [-3.7056048, 40.4537207]]}, "properties": {"plazas": 2, "tipo": "Línea", "color": "azul", "longitud_m": 10.9, "calle": "Calle Navarra", "fill": "#2980B9"}}, {"type": "Feature", "geometry": {"type": "LineString", "coordinates": [[-3.705866, 40.4537591], [-3.7058056, 40.4537502]]}, "properties": {"plazas": 1, "tipo": "Línea", "color": "azul", "longitud_m": 5.2, "calle": "Calle Adrián Pulido", "fill": "#2980B9"}}, {"type": "Feature", "geometry": {"type": "LineString", "coordinates": [[-3.7107051, 40.455988], [-3.7106603, 40.4560196]]}, "properties": {"plazas": 1, "tipo": "Línea", "color": "verde", "longitud_m": 5.2, "calle": "Calle de Numancia", "fill": "#27AE60"}}, {"type": "Feature", "geometry": {"type": "LineString", "coordinates": [[-3.7106125, 40.4560539], [-3.7104051, 40.4562011]]}, "properties": {"plazas": 5, "tipo": "Línea", "color": "verde", "longitud_m": 24.0, "calle": "Calle de Numancia", "fill": "#27AE60"}}, {"type": "Feature", "geometry": {"type": "LineString", "coordinates": [[-3.7048043, 40.4530096], [-3.7046744, 40.4529961]]}, "properties": {"plazas": 2, "tipo": "Línea", "color": "verde", "longitud_m": 11.1, "calle": "Calle de Castilla", "fill": "#27AE60"}}, {"type": "Feature", "geometry": {"type": "LineString", "coordinates": [[-3.7049548, 40.4530263], [-3.7048844, 40.4530185]]}, "properties": {"plazas": 1, "tipo": "Línea", "color": "verde", "longitud_m": 6.0, "calle": "Calle de Castilla", "fill": "#27AE60"}}, {"type": "Feature", "geometry": {"type": "LineString", "coordinates": [[-3.7065007, 40.4499572], [-3.7065291, 40.4499517]]}, "properties": {"plazas": 1, "tipo": "Batería", "color": "verde", "longitud_m": 2.5, "calle": "Calle de Carlos Rubio", "fill": "#27AE60"}}, {"type": "Feature", "geometry": {"type": "LineString", "coordinates": [[-3.708943, 40.4536162], [-3.7091014, 40.4535572]]}, "properties": {"plazas": 3, "tipo": "Línea", "color": "verde", "longitud_m": 14.9, "calle": "Calle de María Pedraza", "fill": "#27AE60"}}, {"type": "Feature", "geometry": {"type": "LineString", "coordinates": [[-3.7113204, 40.4518094], [-3.71127, 40.4517307], [-3.7112676, 40.4517256], [-3.7112543, 40.4517057], [-3.7112481, 40.4516943], [-3.7112404, 40.4516839], [-3.7112342, 40.4516726], [-3.7112301, 40.4516678], [-3.7112203, 40.4516509], [-3.7112161, 40.4516456], [-3.7112064, 40.4516292], [-3.7112022, 40.4516239], [-3.7108025, 40.4509964]]}, "properties": {"plazas": 20, "tipo": "Línea", "color": "verde", "longitud_m": 100.4, "calle": "Avenida de Pablo Iglesias", "fill": "#27AE60"}}, {"type": "Feature", "geometry": {"type": "LineString", "coordinates": [[-3.7100662, 40.4519303], [-3.7099566, 40.4519727]]}, "properties": {"plazas": 4, "tipo": "Batería", "color": "azul", "longitud_m": 10.4, "calle": "Calle Tudelilla", "fill": "#2980B9"}}, {"type": "Feature", "geometry": {"type": "LineString", "coordinates": [[-3.7096669, 40.4520793], [-3.7098651, 40.4520074]]}, "properties": {"plazas": 7, "tipo": "Batería", "color": "azul", "longitud_m": 18.6, "calle": "Calle Tudelilla", "fill": "#2980B9"}}, {"type": "Feature", "geometry": {"type": "LineString", "coordinates": [[-3.7107182, 40.4557572], [-3.7106881, 40.4557203]]}, "properties": {"plazas": 1, "tipo": "Línea", "color": "verde", "longitud_m": 4.8, "calle": "Calle Leñeros", "fill": "#27AE60"}}, {"type": "Feature", "geometry": {"type": "LineString", "coordinates": [[-3.7099269, 40.4517456], [-3.7099244, 40.4518095]]}, "properties": {"plazas": 1, "tipo": "Línea", "color": "verde", "longitud_m": 7.1, "calle": "Calle San Rogelio", "fill": "#27AE60"}}, {"type": "Feature", "geometry": {"type": "LineString", "coordinates": [[-3.70875, 40.4523652], [-3.7085577, 40.4523782]]}, "properties": {"plazas": 3, "tipo": "Línea", "color": "verde", "longitud_m": 16.4, "calle": "Calle de Santa Juliana", "fill": "#27AE60"}}, {"type": "Feature", "geometry": {"type": "LineString", "coordinates": [[-3.7088372, 40.4518187], [-3.7088393, 40.4518881]]}, "properties": {"plazas": 2, "tipo": "Línea", "color": "verde", "longitud_m": 7.7, "calle": "Calle Pedro Rogel", "fill": "#27AE60"}}, {"type": "Feature", "geometry": {"type": "LineString", "coordinates": [[-3.7088493, 40.4522834], [-3.7088407, 40.4519607]]}, "properties": {"plazas": 8, "tipo": "Línea", "color": "verde", "longitud_m": 35.8, "calle": "Calle Pedro Rogel", "fill": "#27AE60"}}, {"type": "Feature", "geometry": {"type": "LineString", "coordinates": [[-3.7091969, 40.4521435], [-3.7091258, 40.4521896]]}, "properties": {"plazas": 1, "tipo": "Línea", "color": "azul", "longitud_m": 7.9, "calle": "Calle de Jerónima Llorente", "fill": "#2980B9"}}, {"type": "Feature", "geometry": {"type": "LineString", "coordinates": [[-3.7089327, 40.4523234], [-3.7090585, 40.4522336]]}, "properties": {"plazas": 3, "tipo": "Línea", "color": "azul", "longitud_m": 14.6, "calle": "Calle de Jerónima Llorente", "fill": "#2980B9"}}, {"type": "Feature", "geometry": {"type": "LineString", "coordinates": [[-3.7079137, 40.452607], [-3.707887, 40.4525486], [-3.7078868, 40.4525458], [-3.7078522, 40.4524754]]}, "properties": {"plazas": 3, "tipo": "Línea", "color": "verde", "longitud_m": 15.5, "calle": "Calle de Zamora", "fill": "#27AE60"}}, {"type": "Feature", "geometry": {"type": "LineString", "coordinates": [[-3.7077243, 40.4523744], [-3.7076061, 40.4523745]]}, "properties": {"plazas": 2, "tipo": "Línea", "color": "verde", "longitud_m": 10.0, "calle": "Calle de Santa Juliana", "fill": "#27AE60"}}, {"type": "Feature", "geometry": {"type": "LineString", "coordinates": [[-3.7063065, 40.4531085], [-3.7062199, 40.453099]]}, "properties": {"plazas": 2, "tipo": "Línea", "color": "azul", "longitud_m": 7.4, "calle": "Calle de Castilla", "fill": "#2980B9"}}, {"type": "Feature", "geometry": {"type": "LineString", "coordinates": [[-3.706097, 40.4529165], [-3.7060906, 40.4529523]]}, "properties": {"plazas": 1, "tipo": "Línea", "color": "verde", "longitud_m": 4.0, "calle": "Calle de Tenerife", "fill": "#27AE60"}}, {"type": "Feature", "geometry": {"type": "LineString", "coordinates": [[-3.7067881, 40.4527009], [-3.7062006, 40.4526633]]}, "properties": {"plazas": 10, "tipo": "Línea", "color": "verde", "longitud_m": 50.0, "calle": "Calle Molar", "fill": "#27AE60"}}, {"type": "Feature", "geometry": {"type": "LineString", "coordinates": [[-3.7054667, 40.4530177], [-3.7053571, 40.4530059]]}, "properties": {"plazas": 2, "tipo": "Línea", "color": "verde", "longitud_m": 9.4, "calle": "Calle de Castilla", "fill": "#27AE60"}}, {"type": "Feature", "geometry": {"type": "LineString", "coordinates": [[-3.7061317, 40.4518031], [-3.7056009, 40.4518328]]}, "properties": {"plazas": 9, "tipo": "Línea", "color": "verde", "longitud_m": 45.1, "calle": "Calle de San Raimundo", "fill": "#27AE60"}}, {"type": "Feature", "geometry": {"type": "LineString", "coordinates": [[-3.705879, 40.4530397], [-3.7058889, 40.4530273], [-3.7059062, 40.4530118], [-3.7059214, 40.4530017], [-3.7059392, 40.4529923]]}, "properties": {"plazas": 3, "tipo": "Batería", "color": "verde", "longitud_m": 7.4, "calle": "Calle de Castilla", "fill": "#27AE60"}}, {"type": "Feature", "geometry": {"type": "LineString", "coordinates": [[-3.7048638, 40.4536229], [-3.7048047, 40.4536184]]}, "properties": {"plazas": 1, "tipo": "Línea", "color": "azul", "longitud_m": 5.0, "calle": "Calle Navarra", "fill": "#2980B9"}}, {"type": "Feature", "geometry": {"type": "LineString", "coordinates": [[-3.7075086, 40.4540409], [-3.7075502, 40.4540038]]}, "properties": {"plazas": 1, "tipo": "Línea", "color": "verde", "longitud_m": 5.4, "calle": "Calle de Jerónima Llorente", "fill": "#27AE60"}}, {"type": "Feature", "geometry": {"type": "LineString", "coordinates": [[-3.7061256, 40.4532433], [-3.7064056, 40.4534158]]}, "properties": {"plazas": 6, "tipo": "Línea", "color": "verde", "longitud_m": 30.5, "calle": "Calle Adrián Pulido", "fill": "#27AE60"}}, {"type": "Feature", "geometry": {"type": "LineString", "coordinates": [[-3.7061221, 40.4551045], [-3.7056529, 40.4546959]]}, "properties": {"plazas": 12, "tipo": "Línea", "color": "verde", "longitud_m": 60.3, "calle": "Calle de Pamplona", "fill": "#27AE60"}}, {"type": "Feature", "geometry": {"type": "LineString", "coordinates": [[-3.7061079, 40.4551129], [-3.7059632, 40.4549884], [-3.7057484, 40.4548007], [-3.7056374, 40.4547041]]}, "properties": {"plazas": 12, "tipo": "Línea", "color": "verde", "longitud_m": 60.4, "calle": "Calle de Pamplona", "fill": "#27AE60"}}, {"type": "Feature", "geometry": {"type": "LineString", "coordinates": [[-3.7043184, 40.4542021], [-3.7037836, 40.4541269]]}, "properties": {"plazas": 9, "tipo": "Línea", "color": "verde", "longitud_m": 46.1, "calle": "Calle de Fernando Ossorio", "fill": "#27AE60"}}, {"type": "Feature", "geometry": {"type": "LineString", "coordinates": [[-3.710244, 40.4517653], [-3.7101025, 40.4518248]]}, "properties": {"plazas": 3, "tipo": "Línea", "color": "azul", "longitud_m": 13.7, "calle": "Calle Tudelilla", "fill": "#2980B9"}}, {"type": "Feature", "geometry": {"type": "LineString", "coordinates": [[-3.710049, 40.4517889], [-3.7100245, 40.4517484]]}, "properties": {"plazas": 1, "tipo": "Línea", "color": "verde", "longitud_m": 5.0, "calle": "Calle San Rogelio", "fill": "#27AE60"}}, {"type": "Feature", "geometry": {"type": "LineString", "coordinates": [[-3.7099726, 40.4512753], [-3.709974, 40.4512307]]}, "properties": {"plazas": 1, "tipo": "Línea", "color": "verde", "longitud_m": 5.0, "calle": "Calle San Rogelio", "fill": "#27AE60"}}, {"type": "Feature", "geometry": {"type": "LineString", "coordinates": [[-3.7079489, 40.4509418], [-3.7077969, 40.4513833]]}, "properties": {"plazas": 10, "tipo": "Línea", "color": "verde", "longitud_m": 50.7, "calle": "Calle de Beire", "fill": "#27AE60"}}, {"type": "Feature", "geometry": {"type": "LineString", "coordinates": [[-3.7080716, 40.4516007], [-3.7081779, 40.4513426]]}, "properties": {"plazas": 6, "tipo": "Línea", "color": "verde", "longitud_m": 30.0, "calle": "Calle de Zamora", "fill": "#27AE60"}}, {"type": "Feature", "geometry": {"type": "LineString", "coordinates": [[-3.7080527, 40.4506589], [-3.7080086, 40.4507771]]}, "properties": {"plazas": 3, "tipo": "Línea", "color": "verde", "longitud_m": 13.6, "calle": "Calle de Beire", "fill": "#27AE60"}}, {"type": "Feature", "geometry": {"type": "LineString", "coordinates": [[-3.7081569, 40.4503963], [-3.7081361, 40.4504557], [-3.7080988, 40.4505439]]}, "properties": {"plazas": 3, "tipo": "Línea", "color": "verde", "longitud_m": 17.1, "calle": "Calle de Beire", "fill": "#27AE60"}}, {"type": "Feature", "geometry": {"type": "LineString", "coordinates": [[-3.7084829, 40.4505885], [-3.7083441, 40.4509384]]}, "properties": {"plazas": 9, "tipo": "Línea", "color": "verde", "longitud_m": 40.6, "calle": "Calle Acueducto", "fill": "#27AE60"}}, {"type": "Feature", "geometry": {"type": "LineString", "coordinates": [[-3.7057115, 40.4476284], [-3.7050008, 40.4476383]]}, "properties": {"plazas": 12, "tipo": "Línea", "color": "verde", "longitud_m": 60.3, "calle": "Calle del Doctor Santero", "fill": "#27AE60"}}, {"type": "Feature", "geometry": {"type": "LineString", "coordinates": [[-3.7090252, 40.4485696], [-3.7089685, 40.4484779]]}, "properties": {"plazas": 5, "tipo": "Batería", "color": "verde", "longitud_m": 11.3, "calle": "Avenida de Pablo Iglesias", "fill": "#27AE60"}}, {"type": "Feature", "geometry": {"type": "LineString", "coordinates": [[-3.7089762, 40.450671], [-3.7093782, 40.4508645]]}, "properties": {"plazas": 9, "tipo": "Línea", "color": "verde", "longitud_m": 40.3, "calle": "Calle de Abel", "fill": "#27AE60"}}, {"type": "Feature", "geometry": {"type": "LineString", "coordinates": [[-3.7088847, 40.4505645], [-3.7089191, 40.4503878]]}, "properties": {"plazas": 4, "tipo": "Línea", "color": "verde", "longitud_m": 19.8, "calle": "Calle de Enrique I", "fill": "#27AE60"}}, {"type": "Feature", "geometry": {"type": "LineString", "coordinates": [[-3.7087422, 40.4502591], [-3.708907, 40.4503094]]}, "properties": {"plazas": 3, "tipo": "Línea", "color": "verde", "longitud_m": 15.0, "calle": "Calle de Enrique I", "fill": "#27AE60"}}, {"type": "Feature", "geometry": {"type": "LineString", "coordinates": [[-3.7082725, 40.4503235], [-3.7084813, 40.4504288]]}, "properties": {"plazas": 4, "tipo": "Línea", "color": "verde", "longitud_m": 21.2, "calle": "Calle de Abel", "fill": "#27AE60"}}, {"type": "Feature", "geometry": {"type": "LineString", "coordinates": [[-3.7086105, 40.4502862], [-3.7085744, 40.4503811], [-3.7085635, 40.45041]]}, "properties": {"plazas": 3, "tipo": "Línea", "color": "verde", "longitud_m": 14.3, "calle": "Calle de Zamora", "fill": "#27AE60"}}, {"type": "Feature", "geometry": {"type": "LineString", "coordinates": [[-3.7082135, 40.450242], [-3.7083711, 40.4498277]]}, "properties": {"plazas": 9, "tipo": "Línea", "color": "verde", "longitud_m": 47.9, "calle": "Calle de Beire", "fill": "#27AE60"}}, {"type": "Feature", "geometry": {"type": "LineString", "coordinates": [[-3.7110651, 40.4528264], [-3.7111186, 40.4528066]]}, "properties": {"plazas": 1, "tipo": "Línea", "color": "verde", "longitud_m": 5.0, "calle": "Calle de María Pedraza", "fill": "#27AE60"}}, {"type": "Feature", "geometry": {"type": "LineString", "coordinates": [[-3.7035634, 40.4524168], [-3.7039291, 40.4524236]]}, "properties": {"plazas": 6, "tipo": "Línea", "color": "verde", "longitud_m": 31.0, "calle": "Calle de Santa Juliana", "fill": "#27AE60"}}, {"type": "Feature", "geometry": {"type": "LineString", "coordinates": [[-3.7071579, 40.4523675], [-3.7074182, 40.4523689]]}, "properties": {"plazas": 4, "tipo": "Línea", "color": "verde", "longitud_m": 22.1, "calle": "Calle de Santa Juliana", "fill": "#27AE60"}}, {"type": "Feature", "geometry": {"type": "LineString", "coordinates": [[-3.7052768, 40.452801], [-3.7053347, 40.4525064]]}, "properties": {"plazas": 7, "tipo": "Línea", "color": "verde", "longitud_m": 33.1, "calle": "Calle de Francisco Salas", "fill": "#27AE60"}}, {"type": "Feature", "geometry": {"type": "LineString", "coordinates": [[-3.7130443, 40.453248], [-3.71289, 40.4534753]]}, "properties": {"plazas": 5, "tipo": "Línea", "color": "verde", "longitud_m": 28.4, "calle": "Calle de Numancia", "fill": "#27AE60"}}, {"type": "Feature", "geometry": {"type": "LineString", "coordinates": [[-3.7062419, 40.453431], [-3.7059193, 40.4538051]]}, "properties": {"plazas": 10, "tipo": "Línea", "color": "verde", "longitud_m": 49.7, "calle": "Calle Adrián Pulido", "fill": "#27AE60"}}, {"type": "Feature", "geometry": {"type": "LineString", "coordinates": [[-3.7078448, 40.4521431], [-3.7077626, 40.4523448]]}, "properties": {"plazas": 5, "tipo": "Línea", "color": "verde", "longitud_m": 23.4, "calle": "Calle de Zamora", "fill": "#27AE60"}}, {"type": "Feature", "geometry": {"type": "LineString", "coordinates": [[-3.7079974, 40.4517809], [-3.7078828, 40.4520591]]}, "properties": {"plazas": 7, "tipo": "Línea", "color": "verde", "longitud_m": 32.4, "calle": "Calle de Zamora", "fill": "#27AE60"}}, {"type": "Feature", "geometry": {"type": "LineString", "coordinates": [[-3.706819, 40.4498952], [-3.7067113, 40.4499162]]}, "properties": {"plazas": 5, "tipo": "Batería", "color": "verde", "longitud_m": 9.4, "calle": "Calle de Carlos Rubio", "fill": "#27AE60"}}, {"type": "Feature", "geometry": {"type": "LineString", "coordinates": [[-3.7074553, 40.4500587], [-3.7074227, 40.4503149]]}, "properties": {"plazas": 12, "tipo": "Batería", "color": "verde", "longitud_m": 28.6, "calle": "Calle Rafael Herrero", "fill": "#27AE60"}}, {"type": "Feature", "geometry": {"type": "LineString", "coordinates": [[-3.7078787, 40.4501292], [-3.7075797, 40.4499814]]}, "properties": {"plazas": 7, "tipo": "Línea", "color": "verde", "longitud_m": 30.2, "calle": "Calle de Abel", "fill": "#27AE60"}}, {"type": "Feature", "geometry": {"type": "LineString", "coordinates": [[-3.7082676, 40.4511227], [-3.7082392, 40.451191], [-3.7082367, 40.451199], [-3.7082284, 40.4512168]]}, "properties": {"plazas": 2, "tipo": "Línea", "color": "verde", "longitud_m": 11.0, "calle": "Calle de Zamora", "fill": "#27AE60"}}, {"type": "Feature", "geometry": {"type": "LineString", "coordinates": [[-3.7054503, 40.4519133], [-3.7054186, 40.4520757]]}, "properties": {"plazas": 4, "tipo": "Línea", "color": "verde", "longitud_m": 18.2, "calle": "Calle de Francisco Salas", "fill": "#27AE60"}}, {"type": "Feature", "geometry": {"type": "LineString", "coordinates": [[-3.7095882, 40.4507096], [-3.7095863, 40.4506967], [-3.7095107, 40.4503506]]}, "properties": {"plazas": 9, "tipo": "Línea", "color": "verde", "longitud_m": 40.4, "calle": "Avenida del Doctor Federico Rubio y Galí", "fill": "#27AE60"}}, {"type": "Feature", "geometry": {"type": "LineString", "coordinates": [[-3.7096284, 40.4508014], [-3.7096211, 40.4507091]]}, "properties": {"plazas": 2, "tipo": "Línea", "color": "verde", "longitud_m": 10.3, "calle": "Avenida del Doctor Federico Rubio y Galí", "fill": "#27AE60"}}, {"type": "Feature", "geometry": {"type": "LineString", "coordinates": [[-3.7060766, 40.4481024], [-3.7060755, 40.4481928]]}, "properties": {"plazas": 2, "tipo": "Línea", "color": "verde", "longitud_m": 10.0, "calle": "Calle de Garellano", "fill": "#27AE60"}}, {"type": "Feature", "geometry": {"type": "LineString", "coordinates": [[-3.7079244, 40.4494627], [-3.707824, 40.4494148]]}, "properties": {"plazas": 2, "tipo": "Línea", "color": "verde", "longitud_m": 10.0, "calle": "Calle de Aranjuez", "fill": "#27AE60"}}, {"type": "Feature", "geometry": {"type": "LineString", "coordinates": [[-3.7079726, 40.4495098], [-3.7079149, 40.4494833]]}, "properties": {"plazas": 1, "tipo": "Línea", "color": "verde", "longitud_m": 5.7, "calle": "Calle de Aranjuez", "fill": "#27AE60"}}, {"type": "Feature", "geometry": {"type": "LineString", "coordinates": [[-3.7112172, 40.4531768], [-3.7111391, 40.4530604]]}, "properties": {"plazas": 3, "tipo": "Línea", "color": "verde", "longitud_m": 14.5, "calle": "Calle de la Rábida", "fill": "#27AE60"}}, {"type": "Feature", "geometry": {"type": "LineString", "coordinates": [[-3.7105934, 40.4523183], [-3.7103121, 40.4518798]]}, "properties": {"plazas": 11, "tipo": "Línea", "color": "verde", "longitud_m": 54.2, "calle": "Calle Antonio Gómez Galiana", "fill": "#27AE60"}}, {"type": "Feature", "geometry": {"type": "LineString", "coordinates": [[-3.7081927, 40.4482337], [-3.7081657, 40.4481894]]}, "properties": {"plazas": 1, "tipo": "Línea", "color": "verde", "longitud_m": 5.4, "calle": "Avenida del Doctor Federico Rubio y Galí", "fill": "#27AE60"}}, {"type": "Feature", "geometry": {"type": "LineString", "coordinates": [[-3.7126784, 40.4556242], [-3.7125962, 40.4557494], [-3.7125303, 40.4558429], [-3.7124771, 40.455916]]}, "properties": {"plazas": 7, "tipo": "Línea", "color": "verde", "longitud_m": 36.6, "calle": "Avenida de Pablo Iglesias", "fill": "#27AE60"}}, {"type": "Feature", "geometry": {"type": "LineString", "coordinates": [[-3.7100617, 40.4567019], [-3.7100876, 40.4566432]]}, "properties": {"plazas": 1, "tipo": "Línea", "color": "verde", "longitud_m": 6.9, "calle": "Calle de Numancia", "fill": "#27AE60"}}, {"type": "Feature", "geometry": {"type": "LineString", "coordinates": [[-3.7105122, 40.4542], [-3.7106849, 40.4541196]]}, "properties": {"plazas": 3, "tipo": "Línea", "color": "verde", "longitud_m": 17.2, "calle": "Calle de Eduardo Adaro", "fill": "#27AE60"}}, {"type": "Feature", "geometry": {"type": "LineString", "coordinates": [[-3.7113461, 40.453813], [-3.7107437, 40.4540923]]}, "properties": {"plazas": 12, "tipo": "Línea", "color": "verde", "longitud_m": 59.8, "calle": "Calle de Eduardo Adaro", "fill": "#27AE60"}}, {"type": "Feature", "geometry": {"type": "LineString", "coordinates": [[-3.7114056, 40.4561082], [-3.7113047, 40.4560652]]}, "properties": {"plazas": 2, "tipo": "Línea", "color": "verde", "longitud_m": 9.8, "calle": "Calle Alejandro Rodríguez", "fill": "#27AE60"}}, {"type": "Feature", "geometry": {"type": "LineString", "coordinates": [[-3.711029, 40.4559397], [-3.7110364, 40.4559459], [-3.7110765, 40.4559717]]}, "properties": {"plazas": 1, "tipo": "Línea", "color": "verde", "longitud_m": 5.4, "calle": "Calle Alejandro Rodríguez", "fill": "#27AE60"}}, {"type": "Feature", "geometry": {"type": "LineString", "coordinates": [[-3.7112696, 40.456051], [-3.7111149, 40.4559881]]}, "properties": {"plazas": 3, "tipo": "Línea", "color": "verde", "longitud_m": 14.9, "calle": "Calle Alejandro Rodríguez", "fill": "#27AE60"}}, {"type": "Feature", "geometry": {"type": "LineString", "coordinates": [[-3.7099637, 40.4569234], [-3.7099897, 40.4568655]]}, "properties": {"plazas": 1, "tipo": "Línea", "color": "verde", "longitud_m": 6.8, "calle": "Calle de Numancia", "fill": "#27AE60"}}, {"type": "Feature", "geometry": {"type": "LineString", "coordinates": [[-3.7110566, 40.4557418], [-3.7110006, 40.4557822]]}, "properties": {"plazas": 1, "tipo": "Línea", "color": "verde", "longitud_m": 6.5, "calle": "Calle de Numancia", "fill": "#27AE60"}}, {"type": "Feature", "geometry": {"type": "LineString", "coordinates": [[-3.7111539, 40.4556753], [-3.711183, 40.4556555], [-3.7114791, 40.4554464]]}, "properties": {"plazas": 7, "tipo": "Línea", "color": "verde", "longitud_m": 37.5, "calle": "Calle de Numancia", "fill": "#27AE60"}}, {"type": "Feature", "geometry": {"type": "LineString", "coordinates": [[-3.7099274, 40.4566644], [-3.7100296, 40.4564379]]}, "properties": {"plazas": 5, "tipo": "Línea", "color": "verde", "longitud_m": 26.6, "calle": "Calle de Numancia", "fill": "#27AE60"}}, {"type": "Feature", "geometry": {"type": "LineString", "coordinates": [[-3.7095129, 40.4561833], [-3.7095681, 40.4561979]]}, "properties": {"plazas": 1, "tipo": "Línea", "color": "verde", "longitud_m": 5.0, "calle": "Calle SER", "fill": "#27AE60"}}, {"type": "Feature", "geometry": {"type": "LineString", "coordinates": [[-3.7098474, 40.4562718], [-3.7095938, 40.4562047]]}, "properties": {"plazas": 5, "tipo": "Línea", "color": "verde", "longitud_m": 22.7, "calle": "Calle de Numancia", "fill": "#27AE60"}}, {"type": "Feature", "geometry": {"type": "LineString", "coordinates": [[-3.708823, 40.4567493], [-3.7089198, 40.4567769]]}, "properties": {"plazas": 3, "tipo": "Batería", "color": "verde", "longitud_m": 8.8, "calle": "Pasaje de Bellas Vistas", "fill": "#27AE60"}}, {"type": "Feature", "geometry": {"type": "LineString", "coordinates": [[-3.7077406, 40.4565176], [-3.7077269, 40.4565069], [-3.7076417, 40.4564352], [-3.7074667, 40.4562838], [-3.7072537, 40.4560953]]}, "properties": {"plazas": 13, "tipo": "Línea", "color": "verde", "longitud_m": 62.5, "calle": "Calle de Pamplona", "fill": "#27AE60"}}, {"type": "Feature", "geometry": {"type": "LineString", "coordinates": [[-3.7073689, 40.4563329], [-3.7072472, 40.4562252]]}, "properties": {"plazas": 3, "tipo": "Línea", "color": "verde", "longitud_m": 15.8, "calle": "Calle de Pamplona", "fill": "#27AE60"}}, {"type": "Feature", "geometry": {"type": "LineString", "coordinates": [[-3.7070207, 40.4560298], [-3.7069613, 40.455978]]}, "properties": {"plazas": 1, "tipo": "Línea", "color": "verde", "longitud_m": 7.6, "calle": "Calle de Pamplona", "fill": "#27AE60"}}, {"type": "Feature", "geometry": {"type": "LineString", "coordinates": [[-3.7065451, 40.4560515], [-3.7070328, 40.4560766]]}, "properties": {"plazas": 9, "tipo": "Línea", "color": "verde", "longitud_m": 41.5, "calle": "Calle de Pamplona", "fill": "#27AE60"}}, {"type": "Feature", "geometry": {"type": "LineString", "coordinates": [[-3.7072168, 40.4560631], [-3.7064196, 40.4553688]]}, "properties": {"plazas": 21, "tipo": "Línea", "color": "verde", "longitud_m": 102.5, "calle": "Calle de Pamplona", "fill": "#27AE60"}}, {"type": "Feature", "geometry": {"type": "LineString", "coordinates": [[-3.7072014, 40.4560677], [-3.7064077, 40.4553774]]}, "properties": {"plazas": 21, "tipo": "Línea", "color": "verde", "longitud_m": 102.0, "calle": "Calle de Pamplona", "fill": "#27AE60"}}, {"type": "Feature", "geometry": {"type": "LineString", "coordinates": [[-3.7079052, 40.4556684], [-3.7079908, 40.4556063]]}, "properties": {"plazas": 2, "tipo": "Línea", "color": "verde", "longitud_m": 10.0, "calle": "Calle de Sahagún", "fill": "#27AE60"}}, {"type": "Feature", "geometry": {"type": "LineString", "coordinates": [[-3.7078275, 40.4559073], [-3.7079176, 40.4558781], [-3.7079276, 40.4558707], [-3.7079327, 40.4558639], [-3.7079361, 40.4558549], [-3.7079377, 40.4558402], [-3.7079376, 40.4558245], [-3.7079362, 40.4558162], [-3.7079334, 40.4558042], [-3.7079276, 40.4557879], [-3.7079204, 40.4557759], [-3.7079138, 40.4557693]]}, "properties": {"plazas": 5, "tipo": "Línea", "color": "verde", "longitud_m": 21.3, "calle": "Calle de Wad-Ras", "fill": "#27AE60"}}, {"type": "Feature", "geometry": {"type": "LineString", "coordinates": [[-3.705423, 40.4560531], [-3.7053707, 40.4561001]]}, "properties": {"plazas": 1, "tipo": "Línea", "color": "verde", "longitud_m": 6.9, "calle": "Calle de Jerónima Llorente", "fill": "#27AE60"}}, {"type": "Feature", "geometry": {"type": "LineString", "coordinates": [[-3.7053264, 40.4561397], [-3.7050619, 40.4563775]]}, "properties": {"plazas": 7, "tipo": "Línea", "color": "verde", "longitud_m": 34.6, "calle": "Calle de Jerónima Llorente", "fill": "#27AE60"}}, {"type": "Feature", "geometry": {"type": "LineString", "coordinates": [[-3.7115516, 40.4553973], [-3.7116076, 40.4553591], [-3.711762, 40.455249], [-3.7118553, 40.4551803], [-3.7118784, 40.4551608], [-3.7119156, 40.455127]]}, "properties": {"plazas": 8, "tipo": "Línea", "color": "verde", "longitud_m": 43.1, "calle": "Calle de Numancia", "fill": "#27AE60"}}, {"type": "Feature", "geometry": {"type": "LineString", "coordinates": [[-3.7119758, 40.4550724], [-3.7119961, 40.4550529], [-3.712044, 40.4550022], [-3.7120708, 40.4549713]]}, "properties": {"plazas": 2, "tipo": "Línea", "color": "verde", "longitud_m": 13.8, "calle": "Calle de Numancia", "fill": "#27AE60"}}, {"type": "Feature", "geometry": {"type": "LineString", "coordinates": [[-3.7122508, 40.4547187], [-3.7122231, 40.454763]]}, "properties": {"plazas": 1, "tipo": "Línea", "color": "verde", "longitud_m": 5.4, "calle": "Calle de Numancia", "fill": "#27AE60"}}, {"type": "Feature", "geometry": {"type": "LineString", "coordinates": [[-3.7125834, 40.4549129], [-3.7123316, 40.4547229]]}, "properties": {"plazas": 6, "tipo": "Línea", "color": "verde", "longitud_m": 30.0, "calle": "Calle de Numancia", "fill": "#27AE60"}}, {"type": "Feature", "geometry": {"type": "LineString", "coordinates": [[-3.7124155, 40.4546466], [-3.7127624, 40.454906]]}, "properties": {"plazas": 16, "tipo": "Batería", "color": "verde", "longitud_m": 41.2, "calle": "Calle de Numancia", "fill": "#27AE60"}}, {"type": "Feature", "geometry": {"type": "LineString", "coordinates": [[-3.7124058, 40.4542259], [-3.7124737, 40.4541197]]}, "properties": {"plazas": 2, "tipo": "Línea", "color": "azul", "longitud_m": 13.1, "calle": "Calle de Numancia", "fill": "#2980B9"}}, {"type": "Feature", "geometry": {"type": "LineString", "coordinates": [[-3.7120098, 40.4548385], [-3.7120431, 40.4547874]]}, "properties": {"plazas": 1, "tipo": "Línea", "color": "azul", "longitud_m": 6.3, "calle": "Calle de Numancia", "fill": "#2980B9"}}, {"type": "Feature", "geometry": {"type": "LineString", "coordinates": [[-3.7120964, 40.4547057], [-3.7123651, 40.4542894]]}, "properties": {"plazas": 12, "tipo": "Línea", "color": "azul", "longitud_m": 51.5, "calle": "Calle de Numancia", "fill": "#2980B9"}}, {"type": "Feature", "geometry": {"type": "LineString", "coordinates": [[-3.7115026, 40.4539005], [-3.7115128, 40.4538729], [-3.7115212, 40.4538433], [-3.7115273, 40.4538145], [-3.7115313, 40.4537842], [-3.7115339, 40.453748], [-3.7115343, 40.4537084], [-3.7115322, 40.4536761], [-3.7115279, 40.4536515]]}, "properties": {"plazas": 11, "tipo": "Batería", "color": "verde", "longitud_m": 27.9, "calle": "Calle de la Rábida", "fill": "#27AE60"}}, {"type": "Feature", "geometry": {"type": "LineString", "coordinates": [[-3.7106638, 40.4549223], [-3.7105407, 40.4545196]]}, "properties": {"plazas": 10, "tipo": "Línea", "color": "verde", "longitud_m": 45.9, "calle": "Calle de Alejandro Rodríguez", "fill": "#27AE60"}}, {"type": "Feature", "geometry": {"type": "LineString", "coordinates": [[-3.7108914, 40.4528191], [-3.710524, 40.4529559]]}, "properties": {"plazas": 8, "tipo": "Línea", "color": "verde", "longitud_m": 34.7, "calle": "Calle de María Pedraza", "fill": "#27AE60"}}, {"type": "Feature", "geometry": {"type": "LineString", "coordinates": [[-3.7117245, 40.4533652], [-3.7117819, 40.4533455], [-3.7119168, 40.4532929], [-3.7119259, 40.4532885], [-3.7119337, 40.4532825], [-3.7119406, 40.4532714], [-3.7119418, 40.4532668], [-3.7119422, 40.4532551], [-3.7119412, 40.4532511], [-3.7119074, 40.4531916], [-3.7118963, 40.4531753], [-3.7118906, 40.4531713], [-3.7118735, 40.4531657], [-3.7118683, 40.4531651], [-3.711863, 40.4531655], [-3.711846, 40.4531689], [-3.7116181, 40.4532571], [-3.7116163, 40.4532578]]}, "properties": {"plazas": 18, "tipo": "Batería", "color": "verde", "longitud_m": 59.4, "calle": "Avenida de Pablo Iglesias", "fill": "#27AE60"}}, {"type": "Feature", "geometry": {"type": "LineString", "coordinates": [[-3.7059456, 40.4532038], [-3.7059177, 40.4531868], [-3.7058928, 40.4531606], [-3.7058808, 40.4531359]]}, "properties": {"plazas": 4, "tipo": "Batería", "color": "verde", "longitud_m": 9.5, "calle": "Calle de Castilla", "fill": "#27AE60"}}, {"type": "Feature", "geometry": {"type": "LineString", "coordinates": [[-3.7075588, 40.453145], [-3.7075321, 40.4531544]]}, "properties": {"plazas": 1, "tipo": "Batería", "color": "verde", "longitud_m": 2.5, "calle": "Calle de Castilla", "fill": "#27AE60"}}, {"type": "Feature", "geometry": {"type": "LineString", "coordinates": [[-3.7074551, 40.4531753], [-3.7074264, 40.4531824]]}, "properties": {"plazas": 1, "tipo": "Batería", "color": "verde", "longitud_m": 2.6, "calle": "Calle de Castilla", "fill": "#27AE60"}}, {"type": "Feature", "geometry": {"type": "LineString", "coordinates": [[-3.7097049, 40.4532603], [-3.7092711, 40.4534231]]}, "properties": {"plazas": 8, "tipo": "Línea", "color": "verde", "longitud_m": 41.0, "calle": "Calle de María Pedraza", "fill": "#27AE60"}}, {"type": "Feature", "geometry": {"type": "LineString", "coordinates": [[-3.7062114, 40.4522235], [-3.7062668, 40.4518888]]}, "properties": {"plazas": 8, "tipo": "Línea", "color": "verde", "longitud_m": 37.4, "calle": "Calle de Julián Zugazagoitia", "fill": "#27AE60"}}, {"type": "Feature", "geometry": {"type": "LineString", "coordinates": [[-3.7045249, 40.452925], [-3.7042561, 40.4528987]]}, "properties": {"plazas": 5, "tipo": "Línea", "color": "verde", "longitud_m": 23.0, "calle": "Calle de Castilla", "fill": "#27AE60"}}, {"type": "Feature", "geometry": {"type": "LineString", "coordinates": [[-3.7053733, 40.452296], [-3.7053946, 40.4521925]]}, "properties": {"plazas": 2, "tipo": "Línea", "color": "verde", "longitud_m": 11.6, "calle": "Calle de Francisco Salas", "fill": "#27AE60"}}, {"type": "Feature", "geometry": {"type": "LineString", "coordinates": [[-3.7071976, 40.449245], [-3.7074179, 40.4493439], [-3.7074332, 40.4493552]]}, "properties": {"plazas": 5, "tipo": "Línea", "color": "verde", "longitud_m": 23.5, "calle": "Calle de Aranjuez", "fill": "#27AE60"}}, {"type": "Feature", "geometry": {"type": "LineString", "coordinates": [[-3.7034845, 40.4535093], [-3.7034268, 40.453504]]}, "properties": {"plazas": 1, "tipo": "Línea", "color": "azul", "longitud_m": 4.9, "calle": "Calle Navarra", "fill": "#2980B9"}}, {"type": "Feature", "geometry": {"type": "LineString", "coordinates": [[-3.7045993, 40.4536025], [-3.7046579, 40.4536071]]}, "properties": {"plazas": 1, "tipo": "Línea", "color": "azul", "longitud_m": 5.0, "calle": "Calle Navarra", "fill": "#2980B9"}}, {"type": "Feature", "geometry": {"type": "LineString", "coordinates": [[-3.7060687, 40.4554698], [-3.7055785, 40.4559086]]}, "properties": {"plazas": 14, "tipo": "Línea", "color": "verde", "longitud_m": 64.0, "calle": "Calle de Jerónima Llorente", "fill": "#27AE60"}}, {"type": "Feature", "geometry": {"type": "LineString", "coordinates": [[-3.707835, 40.4550285], [-3.7077265, 40.4549635], [-3.7073474, 40.4547389]]}, "properties": {"plazas": 12, "tipo": "Línea", "color": "verde", "longitud_m": 52.4, "calle": "Calle de Oudrid", "fill": "#27AE60"}}, {"type": "Feature", "geometry": {"type": "LineString", "coordinates": [[-3.7097424, 40.4533173], [-3.7095096, 40.4534043]]}, "properties": {"plazas": 4, "tipo": "Línea", "color": "verde", "longitud_m": 22.0, "calle": "Calle de María Pedraza", "fill": "#27AE60"}}, {"type": "Feature", "geometry": {"type": "LineString", "coordinates": [[-3.7094437, 40.453429], [-3.7091753, 40.4535294]]}, "properties": {"plazas": 5, "tipo": "Línea", "color": "verde", "longitud_m": 25.3, "calle": "Calle de María Pedraza", "fill": "#27AE60"}}, {"type": "Feature", "geometry": {"type": "LineString", "coordinates": [[-3.7096736, 40.4502508], [-3.7096251, 40.4502302]]}, "properties": {"plazas": 1, "tipo": "Línea", "color": "verde", "longitud_m": 4.7, "calle": "Calle de Aranjuez", "fill": "#27AE60"}}, {"type": "Feature", "geometry": {"type": "LineString", "coordinates": [[-3.7071744, 40.4546345], [-3.7073413, 40.4547366]]}, "properties": {"plazas": 3, "tipo": "Línea", "color": "verde", "longitud_m": 18.1, "calle": "Calle de Oudrid", "fill": "#27AE60"}}, {"type": "Feature", "geometry": {"type": "LineString", "coordinates": [[-3.7035621, 40.4524153], [-3.7033845, 40.4524119]]}, "properties": {"plazas": 3, "tipo": "Línea", "color": "verde", "longitud_m": 15.1, "calle": "Calle de Santa Juliana", "fill": "#27AE60"}}, {"type": "Feature", "geometry": {"type": "LineString", "coordinates": [[-3.7052749, 40.4528038], [-3.7052487, 40.4529346]]}, "properties": {"plazas": 3, "tipo": "Línea", "color": "verde", "longitud_m": 14.7, "calle": "Calle de Francisco Salas", "fill": "#27AE60"}}, {"type": "Feature", "geometry": {"type": "LineString", "coordinates": [[-3.7071585, 40.4523669], [-3.7070085, 40.4523663]]}, "properties": {"plazas": 3, "tipo": "Línea", "color": "verde", "longitud_m": 12.7, "calle": "Calle de Santa Juliana", "fill": "#27AE60"}}, {"type": "Feature", "geometry": {"type": "LineString", "coordinates": [[-3.7050424, 40.4562669], [-3.7052686, 40.4560646]]}, "properties": {"plazas": 6, "tipo": "Línea", "color": "azul", "longitud_m": 29.5, "calle": "Calle de Jerónima Llorente", "fill": "#2980B9"}}, {"type": "Feature", "geometry": {"type": "LineString", "coordinates": [[-3.7074288, 40.4517367], [-3.7072821, 40.4517434]]}, "properties": {"plazas": 2, "tipo": "Línea", "color": "verde", "longitud_m": 12.5, "calle": "Calle de San Raimundo", "fill": "#27AE60"}}, {"type": "Feature", "geometry": {"type": "LineString", "coordinates": [[-3.7072776, 40.4517614], [-3.707215, 40.4517645]]}, "properties": {"plazas": 1, "tipo": "Línea", "color": "verde", "longitud_m": 5.3, "calle": "Calle de San Raimundo", "fill": "#27AE60"}}, {"type": "Feature", "geometry": {"type": "LineString", "coordinates": [[-3.7071099, 40.4515966], [-3.7071784, 40.4513209]]}, "properties": {"plazas": 13, "tipo": "Batería", "color": "verde", "longitud_m": 31.1, "calle": "Calle de Olite", "fill": "#27AE60"}}, {"type": "Feature", "geometry": {"type": "LineString", "coordinates": [[-3.7070013, 40.4516003], [-3.7070142, 40.4515473]]}, "properties": {"plazas": 2, "tipo": "Línea", "color": "verde", "longitud_m": 6.0, "calle": "Calle de Olite", "fill": "#27AE60"}}, {"type": "Feature", "geometry": {"type": "LineString", "coordinates": [[-3.7068571, 40.4517641], [-3.7063643, 40.4517921]]}, "properties": {"plazas": 9, "tipo": "Línea", "color": "verde", "longitud_m": 41.9, "calle": "Calle de San Raimundo", "fill": "#27AE60"}}, {"type": "Feature", "geometry": {"type": "LineString", "coordinates": [[-3.7069488, 40.4518547], [-3.7069248, 40.4520162]]}, "properties": {"plazas": 3, "tipo": "Línea", "color": "verde", "longitud_m": 18.0, "calle": "Calle de Olite", "fill": "#27AE60"}}, {"type": "Feature", "geometry": {"type": "LineString", "coordinates": [[-3.7070479, 40.4518872], [-3.7070524, 40.4518566]]}, "properties": {"plazas": 2, "tipo": "Batería", "color": "verde", "longitud_m": 3.4, "calle": "Calle de Olite", "fill": "#27AE60"}}, {"type": "Feature", "geometry": {"type": "LineString", "coordinates": [[-3.7071289, 40.4481684], [-3.7070354, 40.4478831]]}, "properties": {"plazas": 7, "tipo": "Línea", "color": "verde", "longitud_m": 32.7, "calle": "Calle de Castillo Piñeiro", "fill": "#27AE60"}}, {"type": "Feature", "geometry": {"type": "LineString", "coordinates": [[-3.7072972, 40.4504067], [-3.7073225, 40.4502407]]}, "properties": {"plazas": 4, "tipo": "Línea", "color": "verde", "longitud_m": 18.6, "calle": "Calle de Olite", "fill": "#27AE60"}}, {"type": "Feature", "geometry": {"type": "LineString", "coordinates": [[-3.7057509, 40.4530481], [-3.7056659, 40.453039]]}, "properties": {"plazas": 1, "tipo": "Línea", "color": "verde", "longitud_m": 7.3, "calle": "Calle de Castilla", "fill": "#27AE60"}}, {"type": "Feature", "geometry": {"type": "LineString", "coordinates": [[-3.7056846, 40.4556924], [-3.7055527, 40.4558104]]}, "properties": {"plazas": 3, "tipo": "Línea", "color": "azul", "longitud_m": 17.2, "calle": "Calle de Jerónima Llorente", "fill": "#2980B9"}}, {"type": "Feature", "geometry": {"type": "LineString", "coordinates": [[-3.7098519, 40.4518615], [-3.7095573, 40.4519681]]}, "properties": {"plazas": 8, "tipo": "Batería", "color": "azul", "longitud_m": 27.6, "calle": "Calle Tudelilla", "fill": "#2980B9"}}, {"type": "Feature", "geometry": {"type": "LineString", "coordinates": [[-3.7094611, 40.4520033], [-3.7094927, 40.4519917]]}, "properties": {"plazas": 1, "tipo": "Batería", "color": "azul", "longitud_m": 3.0, "calle": "Avenida del Doctor Federico Rubio y Galí", "fill": "#2980B9"}}, {"type": "Feature", "geometry": {"type": "LineString", "coordinates": [[-3.7092327, 40.4517439], [-3.7090994, 40.4517427]]}, "properties": {"plazas": 2, "tipo": "Línea", "color": "verde", "longitud_m": 11.3, "calle": "Calle de San Raimundo", "fill": "#27AE60"}}, {"type": "Feature", "geometry": {"type": "LineString", "coordinates": [[-3.7083964, 40.4518524], [-3.7083998, 40.4519565]]}, "properties": {"plazas": 2, "tipo": "Línea", "color": "verde", "longitud_m": 11.6, "calle": "Calle María Ignacia", "fill": "#27AE60"}}, {"type": "Feature", "geometry": {"type": "LineString", "coordinates": [[-3.7084025, 40.4520377], [-3.7084109, 40.4522788]]}, "properties": {"plazas": 5, "tipo": "Línea", "color": "verde", "longitud_m": 26.8, "calle": "Calle María Ignacia", "fill": "#27AE60"}}, {"type": "Feature", "geometry": {"type": "LineString", "coordinates": [[-3.7051083, 40.4541079], [-3.7050645, 40.4540699]]}, "properties": {"plazas": 1, "tipo": "Línea", "color": "verde", "longitud_m": 5.6, "calle": "Calle de Pamplona", "fill": "#27AE60"}}, {"type": "Feature", "geometry": {"type": "LineString", "coordinates": [[-3.7075212, 40.4561755], [-3.7075673, 40.4562163]]}, "properties": {"plazas": 2, "tipo": "Batería", "color": "verde", "longitud_m": 6.0, "calle": "Calle de Pamplona", "fill": "#27AE60"}}, {"type": "Feature", "geometry": {"type": "LineString", "coordinates": [[-3.7039002, 40.4519211], [-3.7037689, 40.4519272]]}, "properties": {"plazas": 2, "tipo": "Línea", "color": "verde", "longitud_m": 11.2, "calle": "Calle de San Raimundo", "fill": "#27AE60"}}, {"type": "Feature", "geometry": {"type": "LineString", "coordinates": [[-3.7100288, 40.4563198], [-3.7098742, 40.4562787]]}, "properties": {"plazas": 3, "tipo": "Línea", "color": "verde", "longitud_m": 13.9, "calle": "Calle de Numancia", "fill": "#27AE60"}}, {"type": "Feature", "geometry": {"type": "LineString", "coordinates": [[-3.7069352, 40.4556679], [-3.706788, 40.4555386]]}, "properties": {"plazas": 7, "tipo": "Batería", "color": "verde", "longitud_m": 19.0, "calle": "Calle de Pamplona", "fill": "#27AE60"}}, {"type": "Feature", "geometry": {"type": "LineString", "coordinates": [[-3.7116977, 40.4548965], [-3.7114881, 40.4548187]]}, "properties": {"plazas": 4, "tipo": "Línea", "color": "verde", "longitud_m": 19.8, "calle": "Calle de la Rábida", "fill": "#27AE60"}}, {"type": "Feature", "geometry": {"type": "LineString", "coordinates": [[-3.7111985, 40.4546126], [-3.7111865, 40.454595], [-3.7111754, 40.4545757], [-3.7111651, 40.4545547], [-3.7111562, 40.4545321], [-3.7111435, 40.4544955], [-3.711139, 40.4544788], [-3.711132, 40.4544355]]}, "properties": {"plazas": 4, "tipo": "Línea", "color": "verde", "longitud_m": 20.6, "calle": "Calle de la Rábida", "fill": "#27AE60"}}, {"type": "Feature", "geometry": {"type": "LineString", "coordinates": [[-3.7111353, 40.4543397], [-3.7111317, 40.4543688], [-3.7111307, 40.4543991]]}, "properties": {"plazas": 1, "tipo": "Línea", "color": "verde", "longitud_m": 6.6, "calle": "Calle de la Rábida", "fill": "#27AE60"}}, {"type": "Feature", "geometry": {"type": "LineString", "coordinates": [[-3.7113977, 40.453854], [-3.711374, 40.4538971]]}, "properties": {"plazas": 1, "tipo": "Línea", "color": "verde", "longitud_m": 5.2, "calle": "Calle de la Rábida", "fill": "#27AE60"}}, {"type": "Feature", "geometry": {"type": "LineString", "coordinates": [[-3.7112886, 40.4540408], [-3.7113598, 40.4539232]]}, "properties": {"plazas": 3, "tipo": "Línea", "color": "verde", "longitud_m": 14.4, "calle": "Calle de la Rábida", "fill": "#27AE60"}}, {"type": "Feature", "geometry": {"type": "LineString", "coordinates": [[-3.7113387, 40.4534959], [-3.7113694, 40.4535485]]}, "properties": {"plazas": 1, "tipo": "Línea", "color": "verde", "longitud_m": 6.4, "calle": "Calle de la Rábida", "fill": "#27AE60"}}, {"type": "Feature", "geometry": {"type": "LineString", "coordinates": [[-3.7113828, 40.4535731], [-3.7113908, 40.4535884], [-3.7113984, 40.4536077], [-3.7114048, 40.453635], [-3.7114068, 40.4536567], [-3.7114061, 40.4536754], [-3.7114032, 40.4536871], [-3.7113981, 40.4536984], [-3.7113865, 40.4537159]]}, "properties": {"plazas": 3, "tipo": "Línea", "color": "verde", "longitud_m": 16.5, "calle": "Calle de la Rábida", "fill": "#27AE60"}}, {"type": "Feature", "geometry": {"type": "LineString", "coordinates": [[-3.7113587, 40.4537371], [-3.7111053, 40.4538534]]}, "properties": {"plazas": 5, "tipo": "Línea", "color": "verde", "longitud_m": 25.1, "calle": "Calle de Eduardo Adaro", "fill": "#27AE60"}}, {"type": "Feature", "geometry": {"type": "LineString", "coordinates": [[-3.7110556, 40.4538772], [-3.7107876, 40.4540005]]}, "properties": {"plazas": 5, "tipo": "Línea", "color": "verde", "longitud_m": 26.5, "calle": "Calle de Eduardo Adaro", "fill": "#27AE60"}}, {"type": "Feature", "geometry": {"type": "LineString", "coordinates": [[-3.7106683, 40.4552152], [-3.7106156, 40.4550452]]}, "properties": {"plazas": 4, "tipo": "Línea", "color": "verde", "longitud_m": 19.4, "calle": "Calle de Alejandro Rodríguez", "fill": "#27AE60"}}, {"type": "Feature", "geometry": {"type": "LineString", "coordinates": [[-3.7105715, 40.4549034], [-3.7106078, 40.4550208]]}, "properties": {"plazas": 3, "tipo": "Línea", "color": "verde", "longitud_m": 13.4, "calle": "Calle de Alejandro Rodríguez", "fill": "#27AE60"}}, {"type": "Feature", "geometry": {"type": "LineString", "coordinates": [[-3.7107793, 40.4555787], [-3.7107081, 40.4553447]]}, "properties": {"plazas": 6, "tipo": "Línea", "color": "verde", "longitud_m": 26.7, "calle": "Calle de Alejandro Rodríguez", "fill": "#27AE60"}}, {"type": "Feature", "geometry": {"type": "LineString", "coordinates": [[-3.710687, 40.4552761], [-3.7107006, 40.4553196]]}, "properties": {"plazas": 1, "tipo": "Línea", "color": "verde", "longitud_m": 5.0, "calle": "Calle de Alejandro Rodríguez", "fill": "#27AE60"}}, {"type": "Feature", "geometry": {"type": "LineString", "coordinates": [[-3.7104374, 40.4544658], [-3.7104238, 40.4544222]]}, "properties": {"plazas": 1, "tipo": "Línea", "color": "verde", "longitud_m": 5.0, "calle": "Calle de Alejandro Rodríguez", "fill": "#27AE60"}}, {"type": "Feature", "geometry": {"type": "LineString", "coordinates": [[-3.7104156, 40.4543952], [-3.7103998, 40.4543439], [-3.7103791, 40.4542836], [-3.7103635, 40.4542514], [-3.7103234, 40.4541835]]}, "properties": {"plazas": 5, "tipo": "Línea", "color": "verde", "longitud_m": 24.8, "calle": "Calle de Alejandro Rodríguez", "fill": "#27AE60"}}, {"type": "Feature", "geometry": {"type": "LineString", "coordinates": [[-3.7103092, 40.4541595], [-3.7102849, 40.454118]]}, "properties": {"plazas": 1, "tipo": "Línea", "color": "verde", "longitud_m": 5.0, "calle": "Calle de Alejandro Rodríguez", "fill": "#27AE60"}}, {"type": "Feature", "geometry": {"type": "LineString", "coordinates": [[-3.7102443, 40.4540509], [-3.7101756, 40.4539377]]}, "properties": {"plazas": 3, "tipo": "Línea", "color": "verde", "longitud_m": 13.8, "calle": "Calle de Alejandro Rodríguez", "fill": "#27AE60"}}, {"type": "Feature", "geometry": {"type": "LineString", "coordinates": [[-3.710137, 40.4538722], [-3.7101607, 40.4539122]]}, "properties": {"plazas": 1, "tipo": "Línea", "color": "verde", "longitud_m": 4.9, "calle": "Calle de Alejandro Rodríguez", "fill": "#27AE60"}}, {"type": "Feature", "geometry": {"type": "LineString", "coordinates": [[-3.710114, 40.4538335], [-3.7100446, 40.4537144]]}, "properties": {"plazas": 3, "tipo": "Línea", "color": "verde", "longitud_m": 14.5, "calle": "Calle de Alejandro Rodríguez", "fill": "#27AE60"}}, {"type": "Feature", "geometry": {"type": "LineString", "coordinates": [[-3.7100299, 40.4536889], [-3.7100068, 40.4536486]]}, "properties": {"plazas": 1, "tipo": "Línea", "color": "verde", "longitud_m": 4.9, "calle": "Calle de Alejandro Rodríguez", "fill": "#27AE60"}}, {"type": "Feature", "geometry": {"type": "LineString", "coordinates": [[-3.7065202, 40.4553032], [-3.706564, 40.4553414]]}, "properties": {"plazas": 2, "tipo": "Batería", "color": "verde", "longitud_m": 5.6, "calle": "Calle de Pamplona", "fill": "#27AE60"}}, {"type": "Feature", "geometry": {"type": "LineString", "coordinates": [[-3.7112731, 40.4533992], [-3.7112161, 40.4533144]]}, "properties": {"plazas": 2, "tipo": "Línea", "color": "verde", "longitud_m": 10.6, "calle": "Calle de la Rábida", "fill": "#27AE60"}}, {"type": "Feature", "geometry": {"type": "LineString", "coordinates": [[-3.7110938, 40.4531324], [-3.7109655, 40.45294]]}, "properties": {"plazas": 6, "tipo": "Línea", "color": "verde", "longitud_m": 24.0, "calle": "Calle de la Rábida", "fill": "#27AE60"}}, {"type": "Feature", "geometry": {"type": "LineString", "coordinates": [[-3.7111321, 40.4531892], [-3.7111058, 40.45315]]}, "properties": {"plazas": 1, "tipo": "Línea", "color": "verde", "longitud_m": 4.9, "calle": "Calle de la Rábida", "fill": "#27AE60"}}, {"type": "Feature", "geometry": {"type": "LineString", "coordinates": [[-3.7056534, 40.4548291], [-3.7055842, 40.4547681]]}, "properties": {"plazas": 1, "tipo": "Línea", "color": "verde", "longitud_m": 9.0, "calle": "Calle de Pamplona", "fill": "#27AE60"}}, {"type": "Feature", "geometry": {"type": "LineString", "coordinates": [[-3.7081713, 40.4540559], [-3.7079529, 40.4538918]]}, "properties": {"plazas": 5, "tipo": "Línea", "color": "verde", "longitud_m": 26.0, "calle": "Calle Joaquín Arjona", "fill": "#27AE60"}}, {"type": "Feature", "geometry": {"type": "LineString", "coordinates": [[-3.7075981, 40.4540901], [-3.7077591, 40.4539494]]}, "properties": {"plazas": 4, "tipo": "Línea", "color": "verde", "longitud_m": 20.7, "calle": "Calle de Jerónima Llorente", "fill": "#27AE60"}}, {"type": "Feature", "geometry": {"type": "LineString", "coordinates": [[-3.7076714, 40.4538952], [-3.7075956, 40.4539633]]}, "properties": {"plazas": 2, "tipo": "Línea", "color": "verde", "longitud_m": 9.9, "calle": "Calle de Jerónima Llorente", "fill": "#27AE60"}}, {"type": "Feature", "geometry": {"type": "LineString", "coordinates": [[-3.7083361, 40.4533668], [-3.7083233, 40.453388]]}, "properties": {"plazas": 1, "tipo": "Batería", "color": "azul", "longitud_m": 2.6, "calle": "Calle de Jerónima Llorente", "fill": "#2980B9"}}, {"type": "Feature", "geometry": {"type": "LineString", "coordinates": [[-3.7048762, 40.4540193], [-3.7046726, 40.4538444]]}, "properties": {"plazas": 5, "tipo": "Línea", "color": "verde", "longitud_m": 26.0, "calle": "Calle de Pamplona", "fill": "#27AE60"}}, {"type": "Feature", "geometry": {"type": "LineString", "coordinates": [[-3.7048604, 40.454029], [-3.7046567, 40.4538535]]}, "properties": {"plazas": 5, "tipo": "Línea", "color": "verde", "longitud_m": 26.0, "calle": "Calle de Pamplona", "fill": "#27AE60"}}, {"type": "Feature", "geometry": {"type": "LineString", "coordinates": [[-3.7045635, 40.4537733], [-3.7044727, 40.4536951], [-3.7044554, 40.4536814]]}, "properties": {"plazas": 3, "tipo": "Línea", "color": "verde", "longitud_m": 13.7, "calle": "Calle de Pamplona", "fill": "#27AE60"}}, {"type": "Feature", "geometry": {"type": "LineString", "coordinates": [[-3.7043891, 40.4532614], [-3.7043432, 40.453518]]}, "properties": {"plazas": 6, "tipo": "Línea", "color": "azul", "longitud_m": 28.7, "calle": "Calle Navarra", "fill": "#2980B9"}}, {"type": "Feature", "geometry": {"type": "LineString", "coordinates": [[-3.7118862, 40.4528516], [-3.711892, 40.4528592], [-3.7118924, 40.4528612], [-3.7119111, 40.4528895]]}, "properties": {"plazas": 1, "tipo": "Línea", "color": "verde", "longitud_m": 4.7, "calle": "Avenida de Pablo Iglesias", "fill": "#27AE60"}}, {"type": "Feature", "geometry": {"type": "LineString", "coordinates": [[-3.7119413, 40.4529367], [-3.712203, 40.4533421]]}, "properties": {"plazas": 12, "tipo": "Línea", "color": "verde", "longitud_m": 50.2, "calle": "Avenida de Pablo Iglesias", "fill": "#27AE60"}}, {"type": "Feature", "geometry": {"type": "LineString", "coordinates": [[-3.7109087, 40.4524968], [-3.7109572, 40.4525055], [-3.7110117, 40.4525101], [-3.7110641, 40.4525118], [-3.711089, 40.4525117]]}, "properties": {"plazas": 4, "tipo": "Línea", "color": "verde", "longitud_m": 15.4, "calle": "Avenida del Doctor Federico Rubio y Galí", "fill": "#27AE60"}}, {"type": "Feature", "geometry": {"type": "LineString", "coordinates": [[-3.7106751, 40.4523048], [-3.7105829, 40.4521612]]}, "properties": {"plazas": 3, "tipo": "Línea", "color": "verde", "longitud_m": 17.8, "calle": "Calle Antonio Gómez Galiana", "fill": "#27AE60"}}, {"type": "Feature", "geometry": {"type": "LineString", "coordinates": [[-3.710118, 40.4525617], [-3.7100967, 40.4526135]]}, "properties": {"plazas": 1, "tipo": "Línea", "color": "verde", "longitud_m": 6.0, "calle": "Calle de Alejandro Rodríguez", "fill": "#27AE60"}}, {"type": "Feature", "geometry": {"type": "LineString", "coordinates": [[-3.7076602, 40.4517836], [-3.7074814, 40.4522785]]}, "properties": {"plazas": 12, "tipo": "Línea", "color": "verde", "longitud_m": 57.0, "calle": "Calle de Beire", "fill": "#27AE60"}}, {"type": "Feature", "geometry": {"type": "LineString", "coordinates": [[-3.7068253, 40.4526861], [-3.7068611, 40.4524363]]}, "properties": {"plazas": 6, "tipo": "Línea", "color": "verde", "longitud_m": 27.9, "calle": "Calle de Olite", "fill": "#27AE60"}}, {"type": "Feature", "geometry": {"type": "LineString", "coordinates": [[-3.7068887, 40.4522601], [-3.7068778, 40.4523328]]}, "properties": {"plazas": 1, "tipo": "Línea", "color": "verde", "longitud_m": 8.1, "calle": "Calle de Olite", "fill": "#27AE60"}}, {"type": "Feature", "geometry": {"type": "LineString", "coordinates": [[-3.7068988, 40.452916], [-3.7068659, 40.4531413]]}, "properties": {"plazas": 10, "tipo": "Batería", "color": "verde", "longitud_m": 25.2, "calle": "Calle de Olite", "fill": "#27AE60"}}, {"type": "Feature", "geometry": {"type": "LineString", "coordinates": [[-3.7075757, 40.453156], [-3.707614, 40.4531408], [-3.7078415, 40.4530506]]}, "properties": {"plazas": 10, "tipo": "Batería", "color": "verde", "longitud_m": 25.4, "calle": "Calle de Castilla", "fill": "#27AE60"}}, {"type": "Feature", "geometry": {"type": "LineString", "coordinates": [[-3.7064271, 40.4511634], [-3.7063194, 40.4511838]]}, "properties": {"plazas": 2, "tipo": "Línea", "color": "verde", "longitud_m": 9.4, "calle": "Calle de Las Carolinas", "fill": "#27AE60"}}, {"type": "Feature", "geometry": {"type": "LineString", "coordinates": [[-3.7050518, 40.4529766], [-3.704685, 40.4529408]]}, "properties": {"plazas": 7, "tipo": "Línea", "color": "verde", "longitud_m": 31.4, "calle": "Calle de Castilla", "fill": "#27AE60"}}, {"type": "Feature", "geometry": {"type": "LineString", "coordinates": [[-3.7081518, 40.4535859], [-3.7080892, 40.4536559]]}, "properties": {"plazas": 5, "tipo": "Batería", "color": "azul", "longitud_m": 9.4, "calle": "Calle de Jerónima Llorente", "fill": "#2980B9"}}, {"type": "Feature", "geometry": {"type": "LineString", "coordinates": [[-3.7046384, 40.4523768], [-3.7045784, 40.4523756]]}, "properties": {"plazas": 1, "tipo": "Línea", "color": "verde", "longitud_m": 5.1, "calle": "Calle de Santa Juliana", "fill": "#27AE60"}}, {"type": "Feature", "geometry": {"type": "LineString", "coordinates": [[-3.7043213, 40.4523703], [-3.7045161, 40.4523745]]}, "properties": {"plazas": 3, "tipo": "Línea", "color": "verde", "longitud_m": 16.5, "calle": "Calle de Santa Juliana", "fill": "#27AE60"}}, {"type": "Feature", "geometry": {"type": "LineString", "coordinates": [[-3.7040256, 40.4521677], [-3.7040624, 40.4519656]]}, "properties": {"plazas": 5, "tipo": "Línea", "color": "verde", "longitud_m": 22.6, "calle": "Calle de Goiri", "fill": "#27AE60"}}, {"type": "Feature", "geometry": {"type": "LineString", "coordinates": [[-3.7036977, 40.4519535], [-3.7034681, 40.4519663]]}, "properties": {"plazas": 4, "tipo": "Línea", "color": "verde", "longitud_m": 19.5, "calle": "Calle de San Raimundo", "fill": "#27AE60"}}, {"type": "Feature", "geometry": {"type": "LineString", "coordinates": [[-3.7100511, 40.4550748], [-3.7099316, 40.4549317]]}, "properties": {"plazas": 4, "tipo": "Línea", "color": "verde", "longitud_m": 18.8, "calle": "Calle Leñeros", "fill": "#27AE60"}}, {"type": "Feature", "geometry": {"type": "LineString", "coordinates": [[-3.7098221, 40.4548], [-3.709905, 40.4548994]]}, "properties": {"plazas": 2, "tipo": "Línea", "color": "verde", "longitud_m": 13.1, "calle": "Calle Leñeros", "fill": "#27AE60"}}, {"type": "Feature", "geometry": {"type": "LineString", "coordinates": [[-3.7097448, 40.4547039], [-3.7096675, 40.4546119]]}, "properties": {"plazas": 2, "tipo": "Línea", "color": "verde", "longitud_m": 12.1, "calle": "Calle Leñeros", "fill": "#27AE60"}}, {"type": "Feature", "geometry": {"type": "LineString", "coordinates": [[-3.7096183, 40.4545531], [-3.7095719, 40.4544978]]}, "properties": {"plazas": 1, "tipo": "Línea", "color": "verde", "longitud_m": 7.3, "calle": "Calle Leñeros", "fill": "#27AE60"}}, {"type": "Feature", "geometry": {"type": "LineString", "coordinates": [[-3.7095414, 40.4544613], [-3.7094808, 40.4543882], [-3.7094003, 40.454292]]}, "properties": {"plazas": 4, "tipo": "Línea", "color": "verde", "longitud_m": 22.3, "calle": "Pasaje de Bellas Vistas", "fill": "#27AE60"}}, {"type": "Feature", "geometry": {"type": "LineString", "coordinates": [[-3.7093207, 40.4541954], [-3.7093696, 40.4542549]]}, "properties": {"plazas": 1, "tipo": "Línea", "color": "verde", "longitud_m": 7.8, "calle": "Calle Leñeros", "fill": "#27AE60"}}, {"type": "Feature", "geometry": {"type": "LineString", "coordinates": [[-3.7089669, 40.4525242], [-3.7090163, 40.452473]]}, "properties": {"plazas": 3, "tipo": "Batería", "color": "azul", "longitud_m": 7.1, "calle": "Calle de Jerónima Llorente", "fill": "#2980B9"}}, {"type": "Feature", "geometry": {"type": "LineString", "coordinates": [[-3.7088953, 40.4526087], [-3.7088069, 40.4527138]]}, "properties": {"plazas": 5, "tipo": "Batería", "color": "azul", "longitud_m": 13.9, "calle": "Calle de Jerónima Llorente", "fill": "#2980B9"}}, {"type": "Feature", "geometry": {"type": "LineString", "coordinates": [[-3.7085184, 40.4530457], [-3.7085952, 40.4529364]]}, "properties": {"plazas": 6, "tipo": "Batería", "color": "azul", "longitud_m": 13.8, "calle": "Calle de Jerónima Llorente", "fill": "#2980B9"}}, {"type": "Feature", "geometry": {"type": "LineString", "coordinates": [[-3.707873, 40.45369], [-3.708113, 40.4534134]]}, "properties": {"plazas": 7, "tipo": "Línea", "color": "azul", "longitud_m": 36.8, "calle": "Calle de Jerónima Llorente", "fill": "#2980B9"}}, {"type": "Feature", "geometry": {"type": "LineString", "coordinates": [[-3.708169, 40.4533056], [-3.7080911, 40.4533971]]}, "properties": {"plazas": 2, "tipo": "Línea", "color": "azul", "longitud_m": 12.1, "calle": "Calle de Jerónima Llorente", "fill": "#2980B9"}}, {"type": "Feature", "geometry": {"type": "LineString", "coordinates": [[-3.7079388, 40.4531308], [-3.707967, 40.4531188]]}, "properties": {"plazas": 1, "tipo": "Batería", "color": "verde", "longitud_m": 2.7, "calle": "Calle de Castilla", "fill": "#27AE60"}}, {"type": "Feature", "geometry": {"type": "LineString", "coordinates": [[-3.706967, 40.4510618], [-3.7070251, 40.4510507]]}, "properties": {"plazas": 1, "tipo": "Línea", "color": "verde", "longitud_m": 5.1, "calle": "Calle de Las Carolinas", "fill": "#27AE60"}}, {"type": "Feature", "geometry": {"type": "LineString", "coordinates": [[-3.7068804, 40.4510779], [-3.7066751, 40.4511165]]}, "properties": {"plazas": 4, "tipo": "Línea", "color": "verde", "longitud_m": 17.9, "calle": "Calle de Las Carolinas", "fill": "#27AE60"}}, {"type": "Feature", "geometry": {"type": "LineString", "coordinates": [[-3.7073486, 40.4506359], [-3.7072215, 40.4511472]]}, "properties": {"plazas": 23, "tipo": "Batería", "color": "verde", "longitud_m": 57.8, "calle": "Calle de San Valeriano", "fill": "#27AE60"}}, {"type": "Feature", "geometry": {"type": "LineString", "coordinates": [[-3.7075438, 40.4494246], [-3.7074822, 40.4498534]]}, "properties": {"plazas": 19, "tipo": "Batería", "color": "verde", "longitud_m": 47.9, "calle": "Calle de Olite", "fill": "#27AE60"}}, {"type": "Feature", "geometry": {"type": "LineString", "coordinates": [[-3.7091525, 40.4500224], [-3.7084879, 40.449744]]}, "properties": {"plazas": 14, "tipo": "Línea", "color": "verde", "longitud_m": 64.3, "calle": "Calle de Aranjuez", "fill": "#27AE60"}}, {"type": "Feature", "geometry": {"type": "LineString", "coordinates": [[-3.7084612, 40.4485557], [-3.7084754, 40.4485713], [-3.7085279, 40.4486217], [-3.7088771, 40.4489775]]}, "properties": {"plazas": 13, "tipo": "Línea", "color": "verde", "longitud_m": 58.6, "calle": "Avenida del Doctor Federico Rubio y Galí", "fill": "#27AE60"}}, {"type": "Feature", "geometry": {"type": "LineString", "coordinates": [[-3.7041166, 40.4499998], [-3.7039784, 40.4499879]]}, "properties": {"plazas": 3, "tipo": "Línea", "color": "azul", "longitud_m": 11.8, "calle": "Calle de Juan Pantoja", "fill": "#2980B9"}}, {"type": "Feature", "geometry": {"type": "LineString", "coordinates": [[-3.707361, 40.4483866], [-3.7073426, 40.4483416]]}, "properties": {"plazas": 1, "tipo": "Línea", "color": "verde", "longitud_m": 5.2, "calle": "Calle de Castillo Piñeiro", "fill": "#27AE60"}}, {"type": "Feature", "geometry": {"type": "LineString", "coordinates": [[-3.7068632, 40.4473556], [-3.7069354, 40.4475757]]}, "properties": {"plazas": 5, "tipo": "Línea", "color": "azul", "longitud_m": 25.2, "calle": "Calle de Castillo Piñeiro", "fill": "#2980B9"}}, {"type": "Feature", "geometry": {"type": "LineString", "coordinates": [[-3.7044122, 40.4476468], [-3.7043065, 40.4476481]]}, "properties": {"plazas": 2, "tipo": "Línea", "color": "verde", "longitud_m": 9.0, "calle": "Calle del Doctor Santero", "fill": "#27AE60"}}, {"type": "Feature", "geometry": {"type": "LineString", "coordinates": [[-3.7048095, 40.4476239], [-3.7045114, 40.4476282], [-3.7044191, 40.4476299]]}, "properties": {"plazas": 6, "tipo": "Línea", "color": "verde", "longitud_m": 33.1, "calle": "Calle del Doctor Santero", "fill": "#27AE60"}}, {"type": "Feature", "geometry": {"type": "LineString", "coordinates": [[-3.7072273, 40.4559188], [-3.7071477, 40.4558512]]}, "properties": {"plazas": 5, "tipo": "Batería", "color": "verde", "longitud_m": 10.1, "calle": "Calle de Pamplona", "fill": "#27AE60"}}, {"type": "Feature", "geometry": {"type": "LineString", "coordinates": [[-3.7108113, 40.455683], [-3.7107862, 40.4556015]]}, "properties": {"plazas": 2, "tipo": "Línea", "color": "verde", "longitud_m": 9.3, "calle": "Calle de Alejandro Rodríguez", "fill": "#27AE60"}}, {"type": "Feature", "geometry": {"type": "LineString", "coordinates": [[-3.7086035, 40.4566897], [-3.7083903, 40.4566313]]}, "properties": {"plazas": 7, "tipo": "Batería", "color": "verde", "longitud_m": 19.2, "calle": "Pasaje de Bellas Vistas", "fill": "#27AE60"}}, {"type": "Feature", "geometry": {"type": "LineString", "coordinates": [[-3.7064422, 40.4564098], [-3.7064614, 40.4561538]]}, "properties": {"plazas": 8, "tipo": "Línea", "color": "verde", "longitud_m": 28.5, "calle": "Calle de Juan del Enzina", "fill": "#27AE60"}}, {"type": "Feature", "geometry": {"type": "LineString", "coordinates": [[-3.7067317, 40.4476142], [-3.706233, 40.447621]]}, "properties": {"plazas": 8, "tipo": "Línea", "color": "verde", "longitud_m": 42.3, "calle": "Calle del Doctor Santero", "fill": "#27AE60"}}, {"type": "Feature", "geometry": {"type": "LineString", "coordinates": [[-3.7061265, 40.4476226], [-3.7058679, 40.4476261]]}, "properties": {"plazas": 4, "tipo": "Línea", "color": "verde", "longitud_m": 21.9, "calle": "Calle del Doctor Santero", "fill": "#27AE60"}}, {"type": "Feature", "geometry": {"type": "LineString", "coordinates": [[-3.7060584, 40.448024], [-3.7060615, 40.4478666]]}, "properties": {"plazas": 3, "tipo": "Línea", "color": "verde", "longitud_m": 17.5, "calle": "Calle de Garellano", "fill": "#27AE60"}}, {"type": "Feature", "geometry": {"type": "LineString", "coordinates": [[-3.7095737, 40.456295], [-3.7095871, 40.4562983], [-3.7096002, 40.4562973]]}, "properties": {"plazas": 1, "tipo": "Batería", "color": "verde", "longitud_m": 2.3, "calle": "Calle SER", "fill": "#27AE60"}}, {"type": "Feature", "geometry": {"type": "LineString", "coordinates": [[-3.7105463, 40.4541126], [-3.7107276, 40.4540294]]}, "properties": {"plazas": 3, "tipo": "Línea", "color": "verde", "longitud_m": 17.9, "calle": "Calle de Eduardo Adaro", "fill": "#27AE60"}}, {"type": "Feature", "geometry": {"type": "LineString", "coordinates": [[-3.7077513, 40.45638], [-3.7077854, 40.4564103]]}, "properties": {"plazas": 2, "tipo": "Batería", "color": "verde", "longitud_m": 4.4, "calle": "Calle de Pamplona", "fill": "#27AE60"}}, {"type": "Feature", "geometry": {"type": "LineString", "coordinates": [[-3.707677, 40.456314], [-3.7076482, 40.4562884]]}, "properties": {"plazas": 2, "tipo": "Batería", "color": "verde", "longitud_m": 3.7, "calle": "Calle de Pamplona", "fill": "#27AE60"}}, {"type": "Feature", "geometry": {"type": "LineString", "coordinates": [[-3.7099326, 40.4522898], [-3.7101553, 40.4523537]]}, "properties": {"plazas": 4, "tipo": "Línea", "color": "verde", "longitud_m": 20.2, "calle": "Avenida del Doctor Federico Rubio y Galí", "fill": "#27AE60"}}, {"type": "Feature", "geometry": {"type": "LineString", "coordinates": [[-3.7102852, 40.4523657], [-3.7101699, 40.4523401]]}, "properties": {"plazas": 2, "tipo": "Línea", "color": "verde", "longitud_m": 10.2, "calle": "Avenida del Doctor Federico Rubio y Galí", "fill": "#27AE60"}}, {"type": "Feature", "geometry": {"type": "LineString", "coordinates": [[-3.7101507, 40.4549929], [-3.7099516, 40.4547534], [-3.7098799, 40.4546652]]}, "properties": {"plazas": 16, "tipo": "Batería", "color": "verde", "longitud_m": 43.0, "calle": "Calle Leñeros", "fill": "#27AE60"}}, {"type": "Feature", "geometry": {"type": "LineString", "coordinates": [[-3.7047564, 40.4540507], [-3.7046171, 40.4539305]]}, "properties": {"plazas": 3, "tipo": "Línea", "color": "verde", "longitud_m": 17.8, "calle": "Calle de Pamplona", "fill": "#27AE60"}}, {"type": "Feature", "geometry": {"type": "LineString", "coordinates": [[-3.7045733, 40.4539558], [-3.7044946, 40.4538914]]}, "properties": {"plazas": 2, "tipo": "Línea", "color": "verde", "longitud_m": 9.8, "calle": "Calle de Pamplona", "fill": "#27AE60"}}, {"type": "Feature", "geometry": {"type": "LineString", "coordinates": [[-3.7077404, 40.4515473], [-3.7077527, 40.4515115]]}, "properties": {"plazas": 1, "tipo": "Línea", "color": "verde", "longitud_m": 4.1, "calle": "Calle de Beire", "fill": "#27AE60"}}]}